suite,run,model_size,resolution,condition,series,checkpoint,checkpoint_step,eval_type,metric,horizon,horizon_s,value,source_path
eval_b_scand_128_text_dense,nwm_cdit_b_recon_128_text_dense_0005000,B,128,Text,CDiT-B 128px Text,0005000,5000,time,lpips,1s,1,0.560774028301239,artifacts/summaries/eval_scand_text/eval_b_scand_128_text_dense/nwm_cdit_b_recon_128_text_dense_0005000/scand_time.json
eval_b_scand_128_text_dense,nwm_cdit_b_recon_128_text_dense_0005000,B,128,Text,CDiT-B 128px Text,0005000,5000,time,dreamsim,1s,1,0.584634006023407,artifacts/summaries/eval_scand_text/eval_b_scand_128_text_dense/nwm_cdit_b_recon_128_text_dense_0005000/scand_time.json
eval_b_scand_128_text_dense,nwm_cdit_b_recon_128_text_dense_0005000,B,128,Text,CDiT-B 128px Text,0005000,5000,time,lpips,2s,2,0.572113573551178,artifacts/summaries/eval_scand_text/eval_b_scand_128_text_dense/nwm_cdit_b_recon_128_text_dense_0005000/scand_time.json
eval_b_scand_128_text_dense,nwm_cdit_b_recon_128_text_dense_0005000,B,128,Text,CDiT-B 128px Text,0005000,5000,time,dreamsim,2s,2,0.5947707295417786,artifacts/summaries/eval_scand_text/eval_b_scand_128_text_dense/nwm_cdit_b_recon_128_text_dense_0005000/scand_time.json
eval_b_scand_128_text_dense,nwm_cdit_b_recon_128_text_dense_0005000,B,128,Text,CDiT-B 128px Text,0005000,5000,time,lpips,4s,4,0.5852651596069336,artifacts/summaries/eval_scand_text/eval_b_scand_128_text_dense/nwm_cdit_b_recon_128_text_dense_0005000/scand_time.json
eval_b_scand_128_text_dense,nwm_cdit_b_recon_128_text_dense_0005000,B,128,Text,CDiT-B 128px Text,0005000,5000,time,dreamsim,4s,4,0.6021639704704285,artifacts/summaries/eval_scand_text/eval_b_scand_128_text_dense/nwm_cdit_b_recon_128_text_dense_0005000/scand_time.json
eval_b_scand_128_text_dense,nwm_cdit_b_recon_128_text_dense_0005000,B,128,Text,CDiT-B 128px Text,0005000,5000,time,lpips,8s,8,0.6016190052032471,artifacts/summaries/eval_scand_text/eval_b_scand_128_text_dense/nwm_cdit_b_recon_128_text_dense_0005000/scand_time.json
eval_b_scand_128_text_dense,nwm_cdit_b_recon_128_text_dense_0005000,B,128,Text,CDiT-B 128px Text,0005000,5000,time,dreamsim,8s,8,0.6166349649429321,artifacts/summaries/eval_scand_text/eval_b_scand_128_text_dense/nwm_cdit_b_recon_128_text_dense_0005000/scand_time.json
eval_b_scand_128_text_dense,nwm_cdit_b_recon_128_text_dense_0005000,B,128,Text,CDiT-B 128px Text,0005000,5000,time,lpips,16s,16,0.6165661215782166,artifacts/summaries/eval_scand_text/eval_b_scand_128_text_dense/nwm_cdit_b_recon_128_text_dense_0005000/scand_time.json
eval_b_scand_128_text_dense,nwm_cdit_b_recon_128_text_dense_0005000,B,128,Text,CDiT-B 128px Text,0005000,5000,time,dreamsim,16s,16,0.6311504244804382,artifacts/summaries/eval_scand_text/eval_b_scand_128_text_dense/nwm_cdit_b_recon_128_text_dense_0005000/scand_time.json
eval_b_scand_128_text_dense,nwm_cdit_b_recon_128_text_dense_0005000,B,128,Text,CDiT-B 128px Text,0005000,5000,time,fid,1s,1,157.78146362304688,artifacts/summaries/eval_scand_text/eval_b_scand_128_text_dense/nwm_cdit_b_recon_128_text_dense_0005000/scand_time.json
eval_b_scand_128_text_dense,nwm_cdit_b_recon_128_text_dense_0005000,B,128,Text,CDiT-B 128px Text,0005000,5000,time,fid,2s,2,156.73165893554688,artifacts/summaries/eval_scand_text/eval_b_scand_128_text_dense/nwm_cdit_b_recon_128_text_dense_0005000/scand_time.json
eval_b_scand_128_text_dense,nwm_cdit_b_recon_128_text_dense_0005000,B,128,Text,CDiT-B 128px Text,0005000,5000,time,fid,4s,4,162.2161407470703,artifacts/summaries/eval_scand_text/eval_b_scand_128_text_dense/nwm_cdit_b_recon_128_text_dense_0005000/scand_time.json
eval_b_scand_128_text_dense,nwm_cdit_b_recon_128_text_dense_0005000,B,128,Text,CDiT-B 128px Text,0005000,5000,time,fid,8s,8,158.42535400390625,artifacts/summaries/eval_scand_text/eval_b_scand_128_text_dense/nwm_cdit_b_recon_128_text_dense_0005000/scand_time.json
eval_b_scand_128_text_dense,nwm_cdit_b_recon_128_text_dense_0005000,B,128,Text,CDiT-B 128px Text,0005000,5000,time,fid,16s,16,160.52481079101562,artifacts/summaries/eval_scand_text/eval_b_scand_128_text_dense/nwm_cdit_b_recon_128_text_dense_0005000/scand_time.json
eval_b_scand_128_text_dense,nwm_cdit_b_recon_128_text_dense_0010000,B,128,Text,CDiT-B 128px Text,0010000,10000,time,lpips,1s,1,0.529068648815155,artifacts/summaries/eval_scand_text/eval_b_scand_128_text_dense/nwm_cdit_b_recon_128_text_dense_0010000/scand_time.json
eval_b_scand_128_text_dense,nwm_cdit_b_recon_128_text_dense_0010000,B,128,Text,CDiT-B 128px Text,0010000,10000,time,dreamsim,1s,1,0.5625784993171692,artifacts/summaries/eval_scand_text/eval_b_scand_128_text_dense/nwm_cdit_b_recon_128_text_dense_0010000/scand_time.json
eval_b_scand_128_text_dense,nwm_cdit_b_recon_128_text_dense_0010000,B,128,Text,CDiT-B 128px Text,0010000,10000,time,lpips,2s,2,0.5467543005943298,artifacts/summaries/eval_scand_text/eval_b_scand_128_text_dense/nwm_cdit_b_recon_128_text_dense_0010000/scand_time.json
eval_b_scand_128_text_dense,nwm_cdit_b_recon_128_text_dense_0010000,B,128,Text,CDiT-B 128px Text,0010000,10000,time,dreamsim,2s,2,0.5727359652519226,artifacts/summaries/eval_scand_text/eval_b_scand_128_text_dense/nwm_cdit_b_recon_128_text_dense_0010000/scand_time.json
eval_b_scand_128_text_dense,nwm_cdit_b_recon_128_text_dense_0010000,B,128,Text,CDiT-B 128px Text,0010000,10000,time,lpips,4s,4,0.5722797513008118,artifacts/summaries/eval_scand_text/eval_b_scand_128_text_dense/nwm_cdit_b_recon_128_text_dense_0010000/scand_time.json
eval_b_scand_128_text_dense,nwm_cdit_b_recon_128_text_dense_0010000,B,128,Text,CDiT-B 128px Text,0010000,10000,time,dreamsim,4s,4,0.5888497829437256,artifacts/summaries/eval_scand_text/eval_b_scand_128_text_dense/nwm_cdit_b_recon_128_text_dense_0010000/scand_time.json
eval_b_scand_128_text_dense,nwm_cdit_b_recon_128_text_dense_0010000,B,128,Text,CDiT-B 128px Text,0010000,10000,time,lpips,8s,8,0.5946161150932312,artifacts/summaries/eval_scand_text/eval_b_scand_128_text_dense/nwm_cdit_b_recon_128_text_dense_0010000/scand_time.json
eval_b_scand_128_text_dense,nwm_cdit_b_recon_128_text_dense_0010000,B,128,Text,CDiT-B 128px Text,0010000,10000,time,dreamsim,8s,8,0.6030201315879822,artifacts/summaries/eval_scand_text/eval_b_scand_128_text_dense/nwm_cdit_b_recon_128_text_dense_0010000/scand_time.json
eval_b_scand_128_text_dense,nwm_cdit_b_recon_128_text_dense_0010000,B,128,Text,CDiT-B 128px Text,0010000,10000,time,lpips,16s,16,0.6148297786712646,artifacts/summaries/eval_scand_text/eval_b_scand_128_text_dense/nwm_cdit_b_recon_128_text_dense_0010000/scand_time.json
eval_b_scand_128_text_dense,nwm_cdit_b_recon_128_text_dense_0010000,B,128,Text,CDiT-B 128px Text,0010000,10000,time,dreamsim,16s,16,0.6228002905845642,artifacts/summaries/eval_scand_text/eval_b_scand_128_text_dense/nwm_cdit_b_recon_128_text_dense_0010000/scand_time.json
eval_b_scand_128_text_dense,nwm_cdit_b_recon_128_text_dense_0010000,B,128,Text,CDiT-B 128px Text,0010000,10000,time,fid,1s,1,172.7557373046875,artifacts/summaries/eval_scand_text/eval_b_scand_128_text_dense/nwm_cdit_b_recon_128_text_dense_0010000/scand_time.json
eval_b_scand_128_text_dense,nwm_cdit_b_recon_128_text_dense_0010000,B,128,Text,CDiT-B 128px Text,0010000,10000,time,fid,2s,2,173.585205078125,artifacts/summaries/eval_scand_text/eval_b_scand_128_text_dense/nwm_cdit_b_recon_128_text_dense_0010000/scand_time.json
eval_b_scand_128_text_dense,nwm_cdit_b_recon_128_text_dense_0010000,B,128,Text,CDiT-B 128px Text,0010000,10000,time,fid,4s,4,171.0357666015625,artifacts/summaries/eval_scand_text/eval_b_scand_128_text_dense/nwm_cdit_b_recon_128_text_dense_0010000/scand_time.json
eval_b_scand_128_text_dense,nwm_cdit_b_recon_128_text_dense_0010000,B,128,Text,CDiT-B 128px Text,0010000,10000,time,fid,8s,8,171.30055236816406,artifacts/summaries/eval_scand_text/eval_b_scand_128_text_dense/nwm_cdit_b_recon_128_text_dense_0010000/scand_time.json
eval_b_scand_128_text_dense,nwm_cdit_b_recon_128_text_dense_0010000,B,128,Text,CDiT-B 128px Text,0010000,10000,time,fid,16s,16,176.0532989501953,artifacts/summaries/eval_scand_text/eval_b_scand_128_text_dense/nwm_cdit_b_recon_128_text_dense_0010000/scand_time.json
eval_b_scand_128_text_dense,nwm_cdit_b_recon_128_text_dense_0015000,B,128,Text,CDiT-B 128px Text,0015000,15000,time,lpips,1s,1,0.5148682594299316,artifacts/summaries/eval_scand_text/eval_b_scand_128_text_dense/nwm_cdit_b_recon_128_text_dense_0015000/scand_time.json
eval_b_scand_128_text_dense,nwm_cdit_b_recon_128_text_dense_0015000,B,128,Text,CDiT-B 128px Text,0015000,15000,time,dreamsim,1s,1,0.5550403594970703,artifacts/summaries/eval_scand_text/eval_b_scand_128_text_dense/nwm_cdit_b_recon_128_text_dense_0015000/scand_time.json
eval_b_scand_128_text_dense,nwm_cdit_b_recon_128_text_dense_0015000,B,128,Text,CDiT-B 128px Text,0015000,15000,time,lpips,2s,2,0.5379565954208374,artifacts/summaries/eval_scand_text/eval_b_scand_128_text_dense/nwm_cdit_b_recon_128_text_dense_0015000/scand_time.json
eval_b_scand_128_text_dense,nwm_cdit_b_recon_128_text_dense_0015000,B,128,Text,CDiT-B 128px Text,0015000,15000,time,dreamsim,2s,2,0.5666269063949585,artifacts/summaries/eval_scand_text/eval_b_scand_128_text_dense/nwm_cdit_b_recon_128_text_dense_0015000/scand_time.json
eval_b_scand_128_text_dense,nwm_cdit_b_recon_128_text_dense_0015000,B,128,Text,CDiT-B 128px Text,0015000,15000,time,lpips,4s,4,0.5648135542869568,artifacts/summaries/eval_scand_text/eval_b_scand_128_text_dense/nwm_cdit_b_recon_128_text_dense_0015000/scand_time.json
eval_b_scand_128_text_dense,nwm_cdit_b_recon_128_text_dense_0015000,B,128,Text,CDiT-B 128px Text,0015000,15000,time,dreamsim,4s,4,0.5802707076072693,artifacts/summaries/eval_scand_text/eval_b_scand_128_text_dense/nwm_cdit_b_recon_128_text_dense_0015000/scand_time.json
eval_b_scand_128_text_dense,nwm_cdit_b_recon_128_text_dense_0015000,B,128,Text,CDiT-B 128px Text,0015000,15000,time,lpips,8s,8,0.5910554528236389,artifacts/summaries/eval_scand_text/eval_b_scand_128_text_dense/nwm_cdit_b_recon_128_text_dense_0015000/scand_time.json
eval_b_scand_128_text_dense,nwm_cdit_b_recon_128_text_dense_0015000,B,128,Text,CDiT-B 128px Text,0015000,15000,time,dreamsim,8s,8,0.5989019870758057,artifacts/summaries/eval_scand_text/eval_b_scand_128_text_dense/nwm_cdit_b_recon_128_text_dense_0015000/scand_time.json
eval_b_scand_128_text_dense,nwm_cdit_b_recon_128_text_dense_0015000,B,128,Text,CDiT-B 128px Text,0015000,15000,time,lpips,16s,16,0.6122606992721558,artifacts/summaries/eval_scand_text/eval_b_scand_128_text_dense/nwm_cdit_b_recon_128_text_dense_0015000/scand_time.json
eval_b_scand_128_text_dense,nwm_cdit_b_recon_128_text_dense_0015000,B,128,Text,CDiT-B 128px Text,0015000,15000,time,dreamsim,16s,16,0.6169013381004333,artifacts/summaries/eval_scand_text/eval_b_scand_128_text_dense/nwm_cdit_b_recon_128_text_dense_0015000/scand_time.json
eval_b_scand_128_text_dense,nwm_cdit_b_recon_128_text_dense_0015000,B,128,Text,CDiT-B 128px Text,0015000,15000,time,fid,1s,1,184.0628662109375,artifacts/summaries/eval_scand_text/eval_b_scand_128_text_dense/nwm_cdit_b_recon_128_text_dense_0015000/scand_time.json
eval_b_scand_128_text_dense,nwm_cdit_b_recon_128_text_dense_0015000,B,128,Text,CDiT-B 128px Text,0015000,15000,time,fid,2s,2,177.06488037109375,artifacts/summaries/eval_scand_text/eval_b_scand_128_text_dense/nwm_cdit_b_recon_128_text_dense_0015000/scand_time.json
eval_b_scand_128_text_dense,nwm_cdit_b_recon_128_text_dense_0015000,B,128,Text,CDiT-B 128px Text,0015000,15000,time,fid,4s,4,176.60931396484375,artifacts/summaries/eval_scand_text/eval_b_scand_128_text_dense/nwm_cdit_b_recon_128_text_dense_0015000/scand_time.json
eval_b_scand_128_text_dense,nwm_cdit_b_recon_128_text_dense_0015000,B,128,Text,CDiT-B 128px Text,0015000,15000,time,fid,8s,8,179.66119384765625,artifacts/summaries/eval_scand_text/eval_b_scand_128_text_dense/nwm_cdit_b_recon_128_text_dense_0015000/scand_time.json
eval_b_scand_128_text_dense,nwm_cdit_b_recon_128_text_dense_0015000,B,128,Text,CDiT-B 128px Text,0015000,15000,time,fid,16s,16,181.33766174316406,artifacts/summaries/eval_scand_text/eval_b_scand_128_text_dense/nwm_cdit_b_recon_128_text_dense_0015000/scand_time.json
eval_b_scand_128_text_dense,nwm_cdit_b_recon_128_text_dense_0020000,B,128,Text,CDiT-B 128px Text,0020000,20000,time,lpips,1s,1,0.5076001286506653,artifacts/summaries/eval_scand_text/eval_b_scand_128_text_dense/nwm_cdit_b_recon_128_text_dense_0020000/scand_time.json
eval_b_scand_128_text_dense,nwm_cdit_b_recon_128_text_dense_0020000,B,128,Text,CDiT-B 128px Text,0020000,20000,time,dreamsim,1s,1,0.5543382167816162,artifacts/summaries/eval_scand_text/eval_b_scand_128_text_dense/nwm_cdit_b_recon_128_text_dense_0020000/scand_time.json
eval_b_scand_128_text_dense,nwm_cdit_b_recon_128_text_dense_0020000,B,128,Text,CDiT-B 128px Text,0020000,20000,time,lpips,2s,2,0.5317222476005554,artifacts/summaries/eval_scand_text/eval_b_scand_128_text_dense/nwm_cdit_b_recon_128_text_dense_0020000/scand_time.json
eval_b_scand_128_text_dense,nwm_cdit_b_recon_128_text_dense_0020000,B,128,Text,CDiT-B 128px Text,0020000,20000,time,dreamsim,2s,2,0.5659405589103699,artifacts/summaries/eval_scand_text/eval_b_scand_128_text_dense/nwm_cdit_b_recon_128_text_dense_0020000/scand_time.json
eval_b_scand_128_text_dense,nwm_cdit_b_recon_128_text_dense_0020000,B,128,Text,CDiT-B 128px Text,0020000,20000,time,lpips,4s,4,0.5614988803863525,artifacts/summaries/eval_scand_text/eval_b_scand_128_text_dense/nwm_cdit_b_recon_128_text_dense_0020000/scand_time.json
eval_b_scand_128_text_dense,nwm_cdit_b_recon_128_text_dense_0020000,B,128,Text,CDiT-B 128px Text,0020000,20000,time,dreamsim,4s,4,0.5798856616020203,artifacts/summaries/eval_scand_text/eval_b_scand_128_text_dense/nwm_cdit_b_recon_128_text_dense_0020000/scand_time.json
eval_b_scand_128_text_dense,nwm_cdit_b_recon_128_text_dense_0020000,B,128,Text,CDiT-B 128px Text,0020000,20000,time,lpips,8s,8,0.5920276641845703,artifacts/summaries/eval_scand_text/eval_b_scand_128_text_dense/nwm_cdit_b_recon_128_text_dense_0020000/scand_time.json
eval_b_scand_128_text_dense,nwm_cdit_b_recon_128_text_dense_0020000,B,128,Text,CDiT-B 128px Text,0020000,20000,time,dreamsim,8s,8,0.5985335111618042,artifacts/summaries/eval_scand_text/eval_b_scand_128_text_dense/nwm_cdit_b_recon_128_text_dense_0020000/scand_time.json
eval_b_scand_128_text_dense,nwm_cdit_b_recon_128_text_dense_0020000,B,128,Text,CDiT-B 128px Text,0020000,20000,time,lpips,16s,16,0.6129636168479919,artifacts/summaries/eval_scand_text/eval_b_scand_128_text_dense/nwm_cdit_b_recon_128_text_dense_0020000/scand_time.json
eval_b_scand_128_text_dense,nwm_cdit_b_recon_128_text_dense_0020000,B,128,Text,CDiT-B 128px Text,0020000,20000,time,dreamsim,16s,16,0.6192144155502319,artifacts/summaries/eval_scand_text/eval_b_scand_128_text_dense/nwm_cdit_b_recon_128_text_dense_0020000/scand_time.json
eval_b_scand_128_text_dense,nwm_cdit_b_recon_128_text_dense_0020000,B,128,Text,CDiT-B 128px Text,0020000,20000,time,fid,1s,1,177.77145385742188,artifacts/summaries/eval_scand_text/eval_b_scand_128_text_dense/nwm_cdit_b_recon_128_text_dense_0020000/scand_time.json
eval_b_scand_128_text_dense,nwm_cdit_b_recon_128_text_dense_0020000,B,128,Text,CDiT-B 128px Text,0020000,20000,time,fid,2s,2,181.23519897460938,artifacts/summaries/eval_scand_text/eval_b_scand_128_text_dense/nwm_cdit_b_recon_128_text_dense_0020000/scand_time.json
eval_b_scand_128_text_dense,nwm_cdit_b_recon_128_text_dense_0020000,B,128,Text,CDiT-B 128px Text,0020000,20000,time,fid,4s,4,181.1324462890625,artifacts/summaries/eval_scand_text/eval_b_scand_128_text_dense/nwm_cdit_b_recon_128_text_dense_0020000/scand_time.json
eval_b_scand_128_text_dense,nwm_cdit_b_recon_128_text_dense_0020000,B,128,Text,CDiT-B 128px Text,0020000,20000,time,fid,8s,8,177.85104370117188,artifacts/summaries/eval_scand_text/eval_b_scand_128_text_dense/nwm_cdit_b_recon_128_text_dense_0020000/scand_time.json
eval_b_scand_128_text_dense,nwm_cdit_b_recon_128_text_dense_0020000,B,128,Text,CDiT-B 128px Text,0020000,20000,time,fid,16s,16,187.21163940429688,artifacts/summaries/eval_scand_text/eval_b_scand_128_text_dense/nwm_cdit_b_recon_128_text_dense_0020000/scand_time.json
eval_b_scand_128_text_dense,nwm_cdit_b_recon_128_text_dense_0025000,B,128,Text,CDiT-B 128px Text,0025000,25000,time,lpips,1s,1,0.504319429397583,artifacts/summaries/eval_scand_text/eval_b_scand_128_text_dense/nwm_cdit_b_recon_128_text_dense_0025000/scand_time.json
eval_b_scand_128_text_dense,nwm_cdit_b_recon_128_text_dense_0025000,B,128,Text,CDiT-B 128px Text,0025000,25000,time,dreamsim,1s,1,0.5547857880592346,artifacts/summaries/eval_scand_text/eval_b_scand_128_text_dense/nwm_cdit_b_recon_128_text_dense_0025000/scand_time.json
eval_b_scand_128_text_dense,nwm_cdit_b_recon_128_text_dense_0025000,B,128,Text,CDiT-B 128px Text,0025000,25000,time,lpips,2s,2,0.5327235460281372,artifacts/summaries/eval_scand_text/eval_b_scand_128_text_dense/nwm_cdit_b_recon_128_text_dense_0025000/scand_time.json
eval_b_scand_128_text_dense,nwm_cdit_b_recon_128_text_dense_0025000,B,128,Text,CDiT-B 128px Text,0025000,25000,time,dreamsim,2s,2,0.567766547203064,artifacts/summaries/eval_scand_text/eval_b_scand_128_text_dense/nwm_cdit_b_recon_128_text_dense_0025000/scand_time.json
eval_b_scand_128_text_dense,nwm_cdit_b_recon_128_text_dense_0025000,B,128,Text,CDiT-B 128px Text,0025000,25000,time,lpips,4s,4,0.5620267987251282,artifacts/summaries/eval_scand_text/eval_b_scand_128_text_dense/nwm_cdit_b_recon_128_text_dense_0025000/scand_time.json
eval_b_scand_128_text_dense,nwm_cdit_b_recon_128_text_dense_0025000,B,128,Text,CDiT-B 128px Text,0025000,25000,time,dreamsim,4s,4,0.580718994140625,artifacts/summaries/eval_scand_text/eval_b_scand_128_text_dense/nwm_cdit_b_recon_128_text_dense_0025000/scand_time.json
eval_b_scand_128_text_dense,nwm_cdit_b_recon_128_text_dense_0025000,B,128,Text,CDiT-B 128px Text,0025000,25000,time,lpips,8s,8,0.589919924736023,artifacts/summaries/eval_scand_text/eval_b_scand_128_text_dense/nwm_cdit_b_recon_128_text_dense_0025000/scand_time.json
eval_b_scand_128_text_dense,nwm_cdit_b_recon_128_text_dense_0025000,B,128,Text,CDiT-B 128px Text,0025000,25000,time,dreamsim,8s,8,0.5953081846237183,artifacts/summaries/eval_scand_text/eval_b_scand_128_text_dense/nwm_cdit_b_recon_128_text_dense_0025000/scand_time.json
eval_b_scand_128_text_dense,nwm_cdit_b_recon_128_text_dense_0025000,B,128,Text,CDiT-B 128px Text,0025000,25000,time,lpips,16s,16,0.6111577153205872,artifacts/summaries/eval_scand_text/eval_b_scand_128_text_dense/nwm_cdit_b_recon_128_text_dense_0025000/scand_time.json
eval_b_scand_128_text_dense,nwm_cdit_b_recon_128_text_dense_0025000,B,128,Text,CDiT-B 128px Text,0025000,25000,time,dreamsim,16s,16,0.6188170313835144,artifacts/summaries/eval_scand_text/eval_b_scand_128_text_dense/nwm_cdit_b_recon_128_text_dense_0025000/scand_time.json
eval_b_scand_128_text_dense,nwm_cdit_b_recon_128_text_dense_0025000,B,128,Text,CDiT-B 128px Text,0025000,25000,time,fid,1s,1,181.91592407226562,artifacts/summaries/eval_scand_text/eval_b_scand_128_text_dense/nwm_cdit_b_recon_128_text_dense_0025000/scand_time.json
eval_b_scand_128_text_dense,nwm_cdit_b_recon_128_text_dense_0025000,B,128,Text,CDiT-B 128px Text,0025000,25000,time,fid,2s,2,186.46163940429688,artifacts/summaries/eval_scand_text/eval_b_scand_128_text_dense/nwm_cdit_b_recon_128_text_dense_0025000/scand_time.json
eval_b_scand_128_text_dense,nwm_cdit_b_recon_128_text_dense_0025000,B,128,Text,CDiT-B 128px Text,0025000,25000,time,fid,4s,4,185.37442016601562,artifacts/summaries/eval_scand_text/eval_b_scand_128_text_dense/nwm_cdit_b_recon_128_text_dense_0025000/scand_time.json
eval_b_scand_128_text_dense,nwm_cdit_b_recon_128_text_dense_0025000,B,128,Text,CDiT-B 128px Text,0025000,25000,time,fid,8s,8,184.8090362548828,artifacts/summaries/eval_scand_text/eval_b_scand_128_text_dense/nwm_cdit_b_recon_128_text_dense_0025000/scand_time.json
eval_b_scand_128_text_dense,nwm_cdit_b_recon_128_text_dense_0025000,B,128,Text,CDiT-B 128px Text,0025000,25000,time,fid,16s,16,188.25546264648438,artifacts/summaries/eval_scand_text/eval_b_scand_128_text_dense/nwm_cdit_b_recon_128_text_dense_0025000/scand_time.json
eval_b_scand_128_text_dense,nwm_cdit_b_recon_128_text_dense_0030000,B,128,Text,CDiT-B 128px Text,0030000,30000,time,lpips,1s,1,0.5032727718353271,artifacts/summaries/eval_scand_text/eval_b_scand_128_text_dense/nwm_cdit_b_recon_128_text_dense_0030000/scand_time.json
eval_b_scand_128_text_dense,nwm_cdit_b_recon_128_text_dense_0030000,B,128,Text,CDiT-B 128px Text,0030000,30000,time,dreamsim,1s,1,0.5554746389389038,artifacts/summaries/eval_scand_text/eval_b_scand_128_text_dense/nwm_cdit_b_recon_128_text_dense_0030000/scand_time.json
eval_b_scand_128_text_dense,nwm_cdit_b_recon_128_text_dense_0030000,B,128,Text,CDiT-B 128px Text,0030000,30000,time,lpips,2s,2,0.5330645442008972,artifacts/summaries/eval_scand_text/eval_b_scand_128_text_dense/nwm_cdit_b_recon_128_text_dense_0030000/scand_time.json
eval_b_scand_128_text_dense,nwm_cdit_b_recon_128_text_dense_0030000,B,128,Text,CDiT-B 128px Text,0030000,30000,time,dreamsim,2s,2,0.5718987584114075,artifacts/summaries/eval_scand_text/eval_b_scand_128_text_dense/nwm_cdit_b_recon_128_text_dense_0030000/scand_time.json
eval_b_scand_128_text_dense,nwm_cdit_b_recon_128_text_dense_0030000,B,128,Text,CDiT-B 128px Text,0030000,30000,time,lpips,4s,4,0.5630576014518738,artifacts/summaries/eval_scand_text/eval_b_scand_128_text_dense/nwm_cdit_b_recon_128_text_dense_0030000/scand_time.json
eval_b_scand_128_text_dense,nwm_cdit_b_recon_128_text_dense_0030000,B,128,Text,CDiT-B 128px Text,0030000,30000,time,dreamsim,4s,4,0.5801871418952942,artifacts/summaries/eval_scand_text/eval_b_scand_128_text_dense/nwm_cdit_b_recon_128_text_dense_0030000/scand_time.json
eval_b_scand_128_text_dense,nwm_cdit_b_recon_128_text_dense_0030000,B,128,Text,CDiT-B 128px Text,0030000,30000,time,lpips,8s,8,0.5874322056770325,artifacts/summaries/eval_scand_text/eval_b_scand_128_text_dense/nwm_cdit_b_recon_128_text_dense_0030000/scand_time.json
eval_b_scand_128_text_dense,nwm_cdit_b_recon_128_text_dense_0030000,B,128,Text,CDiT-B 128px Text,0030000,30000,time,dreamsim,8s,8,0.5955826044082642,artifacts/summaries/eval_scand_text/eval_b_scand_128_text_dense/nwm_cdit_b_recon_128_text_dense_0030000/scand_time.json
eval_b_scand_128_text_dense,nwm_cdit_b_recon_128_text_dense_0030000,B,128,Text,CDiT-B 128px Text,0030000,30000,time,lpips,16s,16,0.6103711724281311,artifacts/summaries/eval_scand_text/eval_b_scand_128_text_dense/nwm_cdit_b_recon_128_text_dense_0030000/scand_time.json
eval_b_scand_128_text_dense,nwm_cdit_b_recon_128_text_dense_0030000,B,128,Text,CDiT-B 128px Text,0030000,30000,time,dreamsim,16s,16,0.614292562007904,artifacts/summaries/eval_scand_text/eval_b_scand_128_text_dense/nwm_cdit_b_recon_128_text_dense_0030000/scand_time.json
eval_b_scand_128_text_dense,nwm_cdit_b_recon_128_text_dense_0030000,B,128,Text,CDiT-B 128px Text,0030000,30000,time,fid,1s,1,186.1508331298828,artifacts/summaries/eval_scand_text/eval_b_scand_128_text_dense/nwm_cdit_b_recon_128_text_dense_0030000/scand_time.json
eval_b_scand_128_text_dense,nwm_cdit_b_recon_128_text_dense_0030000,B,128,Text,CDiT-B 128px Text,0030000,30000,time,fid,2s,2,186.12066650390625,artifacts/summaries/eval_scand_text/eval_b_scand_128_text_dense/nwm_cdit_b_recon_128_text_dense_0030000/scand_time.json
eval_b_scand_128_text_dense,nwm_cdit_b_recon_128_text_dense_0030000,B,128,Text,CDiT-B 128px Text,0030000,30000,time,fid,4s,4,190.51773071289062,artifacts/summaries/eval_scand_text/eval_b_scand_128_text_dense/nwm_cdit_b_recon_128_text_dense_0030000/scand_time.json
eval_b_scand_128_text_dense,nwm_cdit_b_recon_128_text_dense_0030000,B,128,Text,CDiT-B 128px Text,0030000,30000,time,fid,8s,8,184.61508178710938,artifacts/summaries/eval_scand_text/eval_b_scand_128_text_dense/nwm_cdit_b_recon_128_text_dense_0030000/scand_time.json
eval_b_scand_128_text_dense,nwm_cdit_b_recon_128_text_dense_0030000,B,128,Text,CDiT-B 128px Text,0030000,30000,time,fid,16s,16,188.13314819335938,artifacts/summaries/eval_scand_text/eval_b_scand_128_text_dense/nwm_cdit_b_recon_128_text_dense_0030000/scand_time.json
eval_b_scand_128_text_dense,nwm_cdit_b_recon_128_text_dense_latest,B,128,Text,CDiT-B 128px Text,latest,,time,lpips,1s,1,0.5079284310340881,artifacts/summaries/eval_scand_text/eval_b_scand_128_text_dense/nwm_cdit_b_recon_128_text_dense_latest/scand_time.json
eval_b_scand_128_text_dense,nwm_cdit_b_recon_128_text_dense_latest,B,128,Text,CDiT-B 128px Text,latest,,time,dreamsim,1s,1,0.5557392835617065,artifacts/summaries/eval_scand_text/eval_b_scand_128_text_dense/nwm_cdit_b_recon_128_text_dense_latest/scand_time.json
eval_b_scand_128_text_dense,nwm_cdit_b_recon_128_text_dense_latest,B,128,Text,CDiT-B 128px Text,latest,,time,lpips,2s,2,0.5312998294830322,artifacts/summaries/eval_scand_text/eval_b_scand_128_text_dense/nwm_cdit_b_recon_128_text_dense_latest/scand_time.json
eval_b_scand_128_text_dense,nwm_cdit_b_recon_128_text_dense_latest,B,128,Text,CDiT-B 128px Text,latest,,time,dreamsim,2s,2,0.5695240497589111,artifacts/summaries/eval_scand_text/eval_b_scand_128_text_dense/nwm_cdit_b_recon_128_text_dense_latest/scand_time.json
eval_b_scand_128_text_dense,nwm_cdit_b_recon_128_text_dense_latest,B,128,Text,CDiT-B 128px Text,latest,,time,lpips,4s,4,0.5634822845458984,artifacts/summaries/eval_scand_text/eval_b_scand_128_text_dense/nwm_cdit_b_recon_128_text_dense_latest/scand_time.json
eval_b_scand_128_text_dense,nwm_cdit_b_recon_128_text_dense_latest,B,128,Text,CDiT-B 128px Text,latest,,time,dreamsim,4s,4,0.5807371139526367,artifacts/summaries/eval_scand_text/eval_b_scand_128_text_dense/nwm_cdit_b_recon_128_text_dense_latest/scand_time.json
eval_b_scand_128_text_dense,nwm_cdit_b_recon_128_text_dense_latest,B,128,Text,CDiT-B 128px Text,latest,,time,lpips,8s,8,0.5918662548065186,artifacts/summaries/eval_scand_text/eval_b_scand_128_text_dense/nwm_cdit_b_recon_128_text_dense_latest/scand_time.json
eval_b_scand_128_text_dense,nwm_cdit_b_recon_128_text_dense_latest,B,128,Text,CDiT-B 128px Text,latest,,time,dreamsim,8s,8,0.601197361946106,artifacts/summaries/eval_scand_text/eval_b_scand_128_text_dense/nwm_cdit_b_recon_128_text_dense_latest/scand_time.json
eval_b_scand_128_text_dense,nwm_cdit_b_recon_128_text_dense_latest,B,128,Text,CDiT-B 128px Text,latest,,time,lpips,16s,16,0.6158894300460815,artifacts/summaries/eval_scand_text/eval_b_scand_128_text_dense/nwm_cdit_b_recon_128_text_dense_latest/scand_time.json
eval_b_scand_128_text_dense,nwm_cdit_b_recon_128_text_dense_latest,B,128,Text,CDiT-B 128px Text,latest,,time,dreamsim,16s,16,0.6189103126525879,artifacts/summaries/eval_scand_text/eval_b_scand_128_text_dense/nwm_cdit_b_recon_128_text_dense_latest/scand_time.json
eval_b_scand_128_text_dense,nwm_cdit_b_recon_128_text_dense_latest,B,128,Text,CDiT-B 128px Text,latest,,time,fid,1s,1,183.88070678710938,artifacts/summaries/eval_scand_text/eval_b_scand_128_text_dense/nwm_cdit_b_recon_128_text_dense_latest/scand_time.json
eval_b_scand_128_text_dense,nwm_cdit_b_recon_128_text_dense_latest,B,128,Text,CDiT-B 128px Text,latest,,time,fid,2s,2,184.88760375976562,artifacts/summaries/eval_scand_text/eval_b_scand_128_text_dense/nwm_cdit_b_recon_128_text_dense_latest/scand_time.json
eval_b_scand_128_text_dense,nwm_cdit_b_recon_128_text_dense_latest,B,128,Text,CDiT-B 128px Text,latest,,time,fid,4s,4,184.634521484375,artifacts/summaries/eval_scand_text/eval_b_scand_128_text_dense/nwm_cdit_b_recon_128_text_dense_latest/scand_time.json
eval_b_scand_128_text_dense,nwm_cdit_b_recon_128_text_dense_latest,B,128,Text,CDiT-B 128px Text,latest,,time,fid,8s,8,182.1339111328125,artifacts/summaries/eval_scand_text/eval_b_scand_128_text_dense/nwm_cdit_b_recon_128_text_dense_latest/scand_time.json
eval_b_scand_128_text_dense,nwm_cdit_b_recon_128_text_dense_latest,B,128,Text,CDiT-B 128px Text,latest,,time,fid,16s,16,184.49790954589844,artifacts/summaries/eval_scand_text/eval_b_scand_128_text_dense/nwm_cdit_b_recon_128_text_dense_latest/scand_time.json
eval_b_scand_64_text_dense,nwm_cdit_b_recon_64_text_dense_0005000,B,64,Text,CDiT-B 64px Text,0005000,5000,time,lpips,1s,1,0.3987531065940857,artifacts/summaries/eval_scand_text/eval_b_scand_64_text_dense/nwm_cdit_b_recon_64_text_dense_0005000/scand_time.json
eval_b_scand_64_text_dense,nwm_cdit_b_recon_64_text_dense_0005000,B,64,Text,CDiT-B 64px Text,0005000,5000,time,dreamsim,1s,1,0.5578141808509827,artifacts/summaries/eval_scand_text/eval_b_scand_64_text_dense/nwm_cdit_b_recon_64_text_dense_0005000/scand_time.json
eval_b_scand_64_text_dense,nwm_cdit_b_recon_64_text_dense_0005000,B,64,Text,CDiT-B 64px Text,0005000,5000,time,lpips,2s,2,0.41137316823005676,artifacts/summaries/eval_scand_text/eval_b_scand_64_text_dense/nwm_cdit_b_recon_64_text_dense_0005000/scand_time.json
eval_b_scand_64_text_dense,nwm_cdit_b_recon_64_text_dense_0005000,B,64,Text,CDiT-B 64px Text,0005000,5000,time,dreamsim,2s,2,0.5625408291816711,artifacts/summaries/eval_scand_text/eval_b_scand_64_text_dense/nwm_cdit_b_recon_64_text_dense_0005000/scand_time.json
eval_b_scand_64_text_dense,nwm_cdit_b_recon_64_text_dense_0005000,B,64,Text,CDiT-B 64px Text,0005000,5000,time,lpips,4s,4,0.43424710631370544,artifacts/summaries/eval_scand_text/eval_b_scand_64_text_dense/nwm_cdit_b_recon_64_text_dense_0005000/scand_time.json
eval_b_scand_64_text_dense,nwm_cdit_b_recon_64_text_dense_0005000,B,64,Text,CDiT-B 64px Text,0005000,5000,time,dreamsim,4s,4,0.56800776720047,artifacts/summaries/eval_scand_text/eval_b_scand_64_text_dense/nwm_cdit_b_recon_64_text_dense_0005000/scand_time.json
eval_b_scand_64_text_dense,nwm_cdit_b_recon_64_text_dense_0005000,B,64,Text,CDiT-B 64px Text,0005000,5000,time,lpips,8s,8,0.4645916223526001,artifacts/summaries/eval_scand_text/eval_b_scand_64_text_dense/nwm_cdit_b_recon_64_text_dense_0005000/scand_time.json
eval_b_scand_64_text_dense,nwm_cdit_b_recon_64_text_dense_0005000,B,64,Text,CDiT-B 64px Text,0005000,5000,time,dreamsim,8s,8,0.5746374130249023,artifacts/summaries/eval_scand_text/eval_b_scand_64_text_dense/nwm_cdit_b_recon_64_text_dense_0005000/scand_time.json
eval_b_scand_64_text_dense,nwm_cdit_b_recon_64_text_dense_0005000,B,64,Text,CDiT-B 64px Text,0005000,5000,time,lpips,16s,16,0.48857778310775757,artifacts/summaries/eval_scand_text/eval_b_scand_64_text_dense/nwm_cdit_b_recon_64_text_dense_0005000/scand_time.json
eval_b_scand_64_text_dense,nwm_cdit_b_recon_64_text_dense_0005000,B,64,Text,CDiT-B 64px Text,0005000,5000,time,dreamsim,16s,16,0.5879499912261963,artifacts/summaries/eval_scand_text/eval_b_scand_64_text_dense/nwm_cdit_b_recon_64_text_dense_0005000/scand_time.json
eval_b_scand_64_text_dense,nwm_cdit_b_recon_64_text_dense_0005000,B,64,Text,CDiT-B 64px Text,0005000,5000,time,fid,1s,1,118.93704223632812,artifacts/summaries/eval_scand_text/eval_b_scand_64_text_dense/nwm_cdit_b_recon_64_text_dense_0005000/scand_time.json
eval_b_scand_64_text_dense,nwm_cdit_b_recon_64_text_dense_0005000,B,64,Text,CDiT-B 64px Text,0005000,5000,time,fid,2s,2,116.08035278320312,artifacts/summaries/eval_scand_text/eval_b_scand_64_text_dense/nwm_cdit_b_recon_64_text_dense_0005000/scand_time.json
eval_b_scand_64_text_dense,nwm_cdit_b_recon_64_text_dense_0005000,B,64,Text,CDiT-B 64px Text,0005000,5000,time,fid,4s,4,115.56343078613281,artifacts/summaries/eval_scand_text/eval_b_scand_64_text_dense/nwm_cdit_b_recon_64_text_dense_0005000/scand_time.json
eval_b_scand_64_text_dense,nwm_cdit_b_recon_64_text_dense_0005000,B,64,Text,CDiT-B 64px Text,0005000,5000,time,fid,8s,8,108.15696716308594,artifacts/summaries/eval_scand_text/eval_b_scand_64_text_dense/nwm_cdit_b_recon_64_text_dense_0005000/scand_time.json
eval_b_scand_64_text_dense,nwm_cdit_b_recon_64_text_dense_0005000,B,64,Text,CDiT-B 64px Text,0005000,5000,time,fid,16s,16,118.90968322753906,artifacts/summaries/eval_scand_text/eval_b_scand_64_text_dense/nwm_cdit_b_recon_64_text_dense_0005000/scand_time.json
eval_b_scand_64_text_dense,nwm_cdit_b_recon_64_text_dense_0010000,B,64,Text,CDiT-B 64px Text,0010000,10000,time,lpips,1s,1,0.3702907860279083,artifacts/summaries/eval_scand_text/eval_b_scand_64_text_dense/nwm_cdit_b_recon_64_text_dense_0010000/scand_time.json
eval_b_scand_64_text_dense,nwm_cdit_b_recon_64_text_dense_0010000,B,64,Text,CDiT-B 64px Text,0010000,10000,time,dreamsim,1s,1,0.5439703464508057,artifacts/summaries/eval_scand_text/eval_b_scand_64_text_dense/nwm_cdit_b_recon_64_text_dense_0010000/scand_time.json
eval_b_scand_64_text_dense,nwm_cdit_b_recon_64_text_dense_0010000,B,64,Text,CDiT-B 64px Text,0010000,10000,time,lpips,2s,2,0.3920854330062866,artifacts/summaries/eval_scand_text/eval_b_scand_64_text_dense/nwm_cdit_b_recon_64_text_dense_0010000/scand_time.json
eval_b_scand_64_text_dense,nwm_cdit_b_recon_64_text_dense_0010000,B,64,Text,CDiT-B 64px Text,0010000,10000,time,dreamsim,2s,2,0.5537072420120239,artifacts/summaries/eval_scand_text/eval_b_scand_64_text_dense/nwm_cdit_b_recon_64_text_dense_0010000/scand_time.json
eval_b_scand_64_text_dense,nwm_cdit_b_recon_64_text_dense_0010000,B,64,Text,CDiT-B 64px Text,0010000,10000,time,lpips,4s,4,0.4243749976158142,artifacts/summaries/eval_scand_text/eval_b_scand_64_text_dense/nwm_cdit_b_recon_64_text_dense_0010000/scand_time.json
eval_b_scand_64_text_dense,nwm_cdit_b_recon_64_text_dense_0010000,B,64,Text,CDiT-B 64px Text,0010000,10000,time,dreamsim,4s,4,0.5575816631317139,artifacts/summaries/eval_scand_text/eval_b_scand_64_text_dense/nwm_cdit_b_recon_64_text_dense_0010000/scand_time.json
eval_b_scand_64_text_dense,nwm_cdit_b_recon_64_text_dense_0010000,B,64,Text,CDiT-B 64px Text,0010000,10000,time,lpips,8s,8,0.4578990936279297,artifacts/summaries/eval_scand_text/eval_b_scand_64_text_dense/nwm_cdit_b_recon_64_text_dense_0010000/scand_time.json
eval_b_scand_64_text_dense,nwm_cdit_b_recon_64_text_dense_0010000,B,64,Text,CDiT-B 64px Text,0010000,10000,time,dreamsim,8s,8,0.5693525075912476,artifacts/summaries/eval_scand_text/eval_b_scand_64_text_dense/nwm_cdit_b_recon_64_text_dense_0010000/scand_time.json
eval_b_scand_64_text_dense,nwm_cdit_b_recon_64_text_dense_0010000,B,64,Text,CDiT-B 64px Text,0010000,10000,time,lpips,16s,16,0.4853779375553131,artifacts/summaries/eval_scand_text/eval_b_scand_64_text_dense/nwm_cdit_b_recon_64_text_dense_0010000/scand_time.json
eval_b_scand_64_text_dense,nwm_cdit_b_recon_64_text_dense_0010000,B,64,Text,CDiT-B 64px Text,0010000,10000,time,dreamsim,16s,16,0.5807132720947266,artifacts/summaries/eval_scand_text/eval_b_scand_64_text_dense/nwm_cdit_b_recon_64_text_dense_0010000/scand_time.json
eval_b_scand_64_text_dense,nwm_cdit_b_recon_64_text_dense_0010000,B,64,Text,CDiT-B 64px Text,0010000,10000,time,fid,1s,1,121.10139465332031,artifacts/summaries/eval_scand_text/eval_b_scand_64_text_dense/nwm_cdit_b_recon_64_text_dense_0010000/scand_time.json
eval_b_scand_64_text_dense,nwm_cdit_b_recon_64_text_dense_0010000,B,64,Text,CDiT-B 64px Text,0010000,10000,time,fid,2s,2,122.06364440917969,artifacts/summaries/eval_scand_text/eval_b_scand_64_text_dense/nwm_cdit_b_recon_64_text_dense_0010000/scand_time.json
eval_b_scand_64_text_dense,nwm_cdit_b_recon_64_text_dense_0010000,B,64,Text,CDiT-B 64px Text,0010000,10000,time,fid,4s,4,117.34608459472656,artifacts/summaries/eval_scand_text/eval_b_scand_64_text_dense/nwm_cdit_b_recon_64_text_dense_0010000/scand_time.json
eval_b_scand_64_text_dense,nwm_cdit_b_recon_64_text_dense_0010000,B,64,Text,CDiT-B 64px Text,0010000,10000,time,fid,8s,8,112.25837707519531,artifacts/summaries/eval_scand_text/eval_b_scand_64_text_dense/nwm_cdit_b_recon_64_text_dense_0010000/scand_time.json
eval_b_scand_64_text_dense,nwm_cdit_b_recon_64_text_dense_0010000,B,64,Text,CDiT-B 64px Text,0010000,10000,time,fid,16s,16,121.89643859863281,artifacts/summaries/eval_scand_text/eval_b_scand_64_text_dense/nwm_cdit_b_recon_64_text_dense_0010000/scand_time.json
eval_b_scand_64_text_dense,nwm_cdit_b_recon_64_text_dense_0015000,B,64,Text,CDiT-B 64px Text,0015000,15000,time,lpips,1s,1,0.3611219525337219,artifacts/summaries/eval_scand_text/eval_b_scand_64_text_dense/nwm_cdit_b_recon_64_text_dense_0015000/scand_time.json
eval_b_scand_64_text_dense,nwm_cdit_b_recon_64_text_dense_0015000,B,64,Text,CDiT-B 64px Text,0015000,15000,time,dreamsim,1s,1,0.5378381013870239,artifacts/summaries/eval_scand_text/eval_b_scand_64_text_dense/nwm_cdit_b_recon_64_text_dense_0015000/scand_time.json
eval_b_scand_64_text_dense,nwm_cdit_b_recon_64_text_dense_0015000,B,64,Text,CDiT-B 64px Text,0015000,15000,time,lpips,2s,2,0.3894338607788086,artifacts/summaries/eval_scand_text/eval_b_scand_64_text_dense/nwm_cdit_b_recon_64_text_dense_0015000/scand_time.json
eval_b_scand_64_text_dense,nwm_cdit_b_recon_64_text_dense_0015000,B,64,Text,CDiT-B 64px Text,0015000,15000,time,dreamsim,2s,2,0.5510185956954956,artifacts/summaries/eval_scand_text/eval_b_scand_64_text_dense/nwm_cdit_b_recon_64_text_dense_0015000/scand_time.json
eval_b_scand_64_text_dense,nwm_cdit_b_recon_64_text_dense_0015000,B,64,Text,CDiT-B 64px Text,0015000,15000,time,lpips,4s,4,0.41656169295310974,artifacts/summaries/eval_scand_text/eval_b_scand_64_text_dense/nwm_cdit_b_recon_64_text_dense_0015000/scand_time.json
eval_b_scand_64_text_dense,nwm_cdit_b_recon_64_text_dense_0015000,B,64,Text,CDiT-B 64px Text,0015000,15000,time,dreamsim,4s,4,0.5586510300636292,artifacts/summaries/eval_scand_text/eval_b_scand_64_text_dense/nwm_cdit_b_recon_64_text_dense_0015000/scand_time.json
eval_b_scand_64_text_dense,nwm_cdit_b_recon_64_text_dense_0015000,B,64,Text,CDiT-B 64px Text,0015000,15000,time,lpips,8s,8,0.44702741503715515,artifacts/summaries/eval_scand_text/eval_b_scand_64_text_dense/nwm_cdit_b_recon_64_text_dense_0015000/scand_time.json
eval_b_scand_64_text_dense,nwm_cdit_b_recon_64_text_dense_0015000,B,64,Text,CDiT-B 64px Text,0015000,15000,time,dreamsim,8s,8,0.5615086555480957,artifacts/summaries/eval_scand_text/eval_b_scand_64_text_dense/nwm_cdit_b_recon_64_text_dense_0015000/scand_time.json
eval_b_scand_64_text_dense,nwm_cdit_b_recon_64_text_dense_0015000,B,64,Text,CDiT-B 64px Text,0015000,15000,time,lpips,16s,16,0.48104116320610046,artifacts/summaries/eval_scand_text/eval_b_scand_64_text_dense/nwm_cdit_b_recon_64_text_dense_0015000/scand_time.json
eval_b_scand_64_text_dense,nwm_cdit_b_recon_64_text_dense_0015000,B,64,Text,CDiT-B 64px Text,0015000,15000,time,dreamsim,16s,16,0.5794100761413574,artifacts/summaries/eval_scand_text/eval_b_scand_64_text_dense/nwm_cdit_b_recon_64_text_dense_0015000/scand_time.json
eval_b_scand_64_text_dense,nwm_cdit_b_recon_64_text_dense_0015000,B,64,Text,CDiT-B 64px Text,0015000,15000,time,fid,1s,1,123.99269104003906,artifacts/summaries/eval_scand_text/eval_b_scand_64_text_dense/nwm_cdit_b_recon_64_text_dense_0015000/scand_time.json
eval_b_scand_64_text_dense,nwm_cdit_b_recon_64_text_dense_0015000,B,64,Text,CDiT-B 64px Text,0015000,15000,time,fid,2s,2,125.33026123046875,artifacts/summaries/eval_scand_text/eval_b_scand_64_text_dense/nwm_cdit_b_recon_64_text_dense_0015000/scand_time.json
eval_b_scand_64_text_dense,nwm_cdit_b_recon_64_text_dense_0015000,B,64,Text,CDiT-B 64px Text,0015000,15000,time,fid,4s,4,119.01657104492188,artifacts/summaries/eval_scand_text/eval_b_scand_64_text_dense/nwm_cdit_b_recon_64_text_dense_0015000/scand_time.json
eval_b_scand_64_text_dense,nwm_cdit_b_recon_64_text_dense_0015000,B,64,Text,CDiT-B 64px Text,0015000,15000,time,fid,8s,8,113.78823852539062,artifacts/summaries/eval_scand_text/eval_b_scand_64_text_dense/nwm_cdit_b_recon_64_text_dense_0015000/scand_time.json
eval_b_scand_64_text_dense,nwm_cdit_b_recon_64_text_dense_0015000,B,64,Text,CDiT-B 64px Text,0015000,15000,time,fid,16s,16,120.86837768554688,artifacts/summaries/eval_scand_text/eval_b_scand_64_text_dense/nwm_cdit_b_recon_64_text_dense_0015000/scand_time.json
eval_b_scand_64_text_dense,nwm_cdit_b_recon_64_text_dense_0020000,B,64,Text,CDiT-B 64px Text,0020000,20000,time,lpips,1s,1,0.35960084199905396,artifacts/summaries/eval_scand_text/eval_b_scand_64_text_dense/nwm_cdit_b_recon_64_text_dense_0020000/scand_time.json
eval_b_scand_64_text_dense,nwm_cdit_b_recon_64_text_dense_0020000,B,64,Text,CDiT-B 64px Text,0020000,20000,time,dreamsim,1s,1,0.5424811840057373,artifacts/summaries/eval_scand_text/eval_b_scand_64_text_dense/nwm_cdit_b_recon_64_text_dense_0020000/scand_time.json
eval_b_scand_64_text_dense,nwm_cdit_b_recon_64_text_dense_0020000,B,64,Text,CDiT-B 64px Text,0020000,20000,time,lpips,2s,2,0.3848215639591217,artifacts/summaries/eval_scand_text/eval_b_scand_64_text_dense/nwm_cdit_b_recon_64_text_dense_0020000/scand_time.json
eval_b_scand_64_text_dense,nwm_cdit_b_recon_64_text_dense_0020000,B,64,Text,CDiT-B 64px Text,0020000,20000,time,dreamsim,2s,2,0.5519838333129883,artifacts/summaries/eval_scand_text/eval_b_scand_64_text_dense/nwm_cdit_b_recon_64_text_dense_0020000/scand_time.json
eval_b_scand_64_text_dense,nwm_cdit_b_recon_64_text_dense_0020000,B,64,Text,CDiT-B 64px Text,0020000,20000,time,lpips,4s,4,0.4170287549495697,artifacts/summaries/eval_scand_text/eval_b_scand_64_text_dense/nwm_cdit_b_recon_64_text_dense_0020000/scand_time.json
eval_b_scand_64_text_dense,nwm_cdit_b_recon_64_text_dense_0020000,B,64,Text,CDiT-B 64px Text,0020000,20000,time,dreamsim,4s,4,0.5581968426704407,artifacts/summaries/eval_scand_text/eval_b_scand_64_text_dense/nwm_cdit_b_recon_64_text_dense_0020000/scand_time.json
eval_b_scand_64_text_dense,nwm_cdit_b_recon_64_text_dense_0020000,B,64,Text,CDiT-B 64px Text,0020000,20000,time,lpips,8s,8,0.4499319791793823,artifacts/summaries/eval_scand_text/eval_b_scand_64_text_dense/nwm_cdit_b_recon_64_text_dense_0020000/scand_time.json
eval_b_scand_64_text_dense,nwm_cdit_b_recon_64_text_dense_0020000,B,64,Text,CDiT-B 64px Text,0020000,20000,time,dreamsim,8s,8,0.5659562945365906,artifacts/summaries/eval_scand_text/eval_b_scand_64_text_dense/nwm_cdit_b_recon_64_text_dense_0020000/scand_time.json
eval_b_scand_64_text_dense,nwm_cdit_b_recon_64_text_dense_0020000,B,64,Text,CDiT-B 64px Text,0020000,20000,time,lpips,16s,16,0.47715240716934204,artifacts/summaries/eval_scand_text/eval_b_scand_64_text_dense/nwm_cdit_b_recon_64_text_dense_0020000/scand_time.json
eval_b_scand_64_text_dense,nwm_cdit_b_recon_64_text_dense_0020000,B,64,Text,CDiT-B 64px Text,0020000,20000,time,dreamsim,16s,16,0.5819928646087646,artifacts/summaries/eval_scand_text/eval_b_scand_64_text_dense/nwm_cdit_b_recon_64_text_dense_0020000/scand_time.json
eval_b_scand_64_text_dense,nwm_cdit_b_recon_64_text_dense_0020000,B,64,Text,CDiT-B 64px Text,0020000,20000,time,fid,1s,1,127.81620788574219,artifacts/summaries/eval_scand_text/eval_b_scand_64_text_dense/nwm_cdit_b_recon_64_text_dense_0020000/scand_time.json
eval_b_scand_64_text_dense,nwm_cdit_b_recon_64_text_dense_0020000,B,64,Text,CDiT-B 64px Text,0020000,20000,time,fid,2s,2,127.01852416992188,artifacts/summaries/eval_scand_text/eval_b_scand_64_text_dense/nwm_cdit_b_recon_64_text_dense_0020000/scand_time.json
eval_b_scand_64_text_dense,nwm_cdit_b_recon_64_text_dense_0020000,B,64,Text,CDiT-B 64px Text,0020000,20000,time,fid,4s,4,121.36174011230469,artifacts/summaries/eval_scand_text/eval_b_scand_64_text_dense/nwm_cdit_b_recon_64_text_dense_0020000/scand_time.json
eval_b_scand_64_text_dense,nwm_cdit_b_recon_64_text_dense_0020000,B,64,Text,CDiT-B 64px Text,0020000,20000,time,fid,8s,8,118.86888122558594,artifacts/summaries/eval_scand_text/eval_b_scand_64_text_dense/nwm_cdit_b_recon_64_text_dense_0020000/scand_time.json
eval_b_scand_64_text_dense,nwm_cdit_b_recon_64_text_dense_0020000,B,64,Text,CDiT-B 64px Text,0020000,20000,time,fid,16s,16,120.70718383789062,artifacts/summaries/eval_scand_text/eval_b_scand_64_text_dense/nwm_cdit_b_recon_64_text_dense_0020000/scand_time.json
eval_b_scand_64_text_dense,nwm_cdit_b_recon_64_text_dense_0025000,B,64,Text,CDiT-B 64px Text,0025000,25000,time,lpips,1s,1,0.3550083637237549,artifacts/summaries/eval_scand_text/eval_b_scand_64_text_dense/nwm_cdit_b_recon_64_text_dense_0025000/scand_time.json
eval_b_scand_64_text_dense,nwm_cdit_b_recon_64_text_dense_0025000,B,64,Text,CDiT-B 64px Text,0025000,25000,time,dreamsim,1s,1,0.537482500076294,artifacts/summaries/eval_scand_text/eval_b_scand_64_text_dense/nwm_cdit_b_recon_64_text_dense_0025000/scand_time.json
eval_b_scand_64_text_dense,nwm_cdit_b_recon_64_text_dense_0025000,B,64,Text,CDiT-B 64px Text,0025000,25000,time,lpips,2s,2,0.3827401399612427,artifacts/summaries/eval_scand_text/eval_b_scand_64_text_dense/nwm_cdit_b_recon_64_text_dense_0025000/scand_time.json
eval_b_scand_64_text_dense,nwm_cdit_b_recon_64_text_dense_0025000,B,64,Text,CDiT-B 64px Text,0025000,25000,time,dreamsim,2s,2,0.5529534816741943,artifacts/summaries/eval_scand_text/eval_b_scand_64_text_dense/nwm_cdit_b_recon_64_text_dense_0025000/scand_time.json
eval_b_scand_64_text_dense,nwm_cdit_b_recon_64_text_dense_0025000,B,64,Text,CDiT-B 64px Text,0025000,25000,time,lpips,4s,4,0.4145886301994324,artifacts/summaries/eval_scand_text/eval_b_scand_64_text_dense/nwm_cdit_b_recon_64_text_dense_0025000/scand_time.json
eval_b_scand_64_text_dense,nwm_cdit_b_recon_64_text_dense_0025000,B,64,Text,CDiT-B 64px Text,0025000,25000,time,dreamsim,4s,4,0.5583500862121582,artifacts/summaries/eval_scand_text/eval_b_scand_64_text_dense/nwm_cdit_b_recon_64_text_dense_0025000/scand_time.json
eval_b_scand_64_text_dense,nwm_cdit_b_recon_64_text_dense_0025000,B,64,Text,CDiT-B 64px Text,0025000,25000,time,lpips,8s,8,0.449244886636734,artifacts/summaries/eval_scand_text/eval_b_scand_64_text_dense/nwm_cdit_b_recon_64_text_dense_0025000/scand_time.json
eval_b_scand_64_text_dense,nwm_cdit_b_recon_64_text_dense_0025000,B,64,Text,CDiT-B 64px Text,0025000,25000,time,dreamsim,8s,8,0.5644698739051819,artifacts/summaries/eval_scand_text/eval_b_scand_64_text_dense/nwm_cdit_b_recon_64_text_dense_0025000/scand_time.json
eval_b_scand_64_text_dense,nwm_cdit_b_recon_64_text_dense_0025000,B,64,Text,CDiT-B 64px Text,0025000,25000,time,lpips,16s,16,0.47850292921066284,artifacts/summaries/eval_scand_text/eval_b_scand_64_text_dense/nwm_cdit_b_recon_64_text_dense_0025000/scand_time.json
eval_b_scand_64_text_dense,nwm_cdit_b_recon_64_text_dense_0025000,B,64,Text,CDiT-B 64px Text,0025000,25000,time,dreamsim,16s,16,0.5845769047737122,artifacts/summaries/eval_scand_text/eval_b_scand_64_text_dense/nwm_cdit_b_recon_64_text_dense_0025000/scand_time.json
eval_b_scand_64_text_dense,nwm_cdit_b_recon_64_text_dense_0025000,B,64,Text,CDiT-B 64px Text,0025000,25000,time,fid,1s,1,131.31173706054688,artifacts/summaries/eval_scand_text/eval_b_scand_64_text_dense/nwm_cdit_b_recon_64_text_dense_0025000/scand_time.json
eval_b_scand_64_text_dense,nwm_cdit_b_recon_64_text_dense_0025000,B,64,Text,CDiT-B 64px Text,0025000,25000,time,fid,2s,2,128.34454345703125,artifacts/summaries/eval_scand_text/eval_b_scand_64_text_dense/nwm_cdit_b_recon_64_text_dense_0025000/scand_time.json
eval_b_scand_64_text_dense,nwm_cdit_b_recon_64_text_dense_0025000,B,64,Text,CDiT-B 64px Text,0025000,25000,time,fid,4s,4,125.04034423828125,artifacts/summaries/eval_scand_text/eval_b_scand_64_text_dense/nwm_cdit_b_recon_64_text_dense_0025000/scand_time.json
eval_b_scand_64_text_dense,nwm_cdit_b_recon_64_text_dense_0025000,B,64,Text,CDiT-B 64px Text,0025000,25000,time,fid,8s,8,121.52645874023438,artifacts/summaries/eval_scand_text/eval_b_scand_64_text_dense/nwm_cdit_b_recon_64_text_dense_0025000/scand_time.json
eval_b_scand_64_text_dense,nwm_cdit_b_recon_64_text_dense_0025000,B,64,Text,CDiT-B 64px Text,0025000,25000,time,fid,16s,16,120.69924926757812,artifacts/summaries/eval_scand_text/eval_b_scand_64_text_dense/nwm_cdit_b_recon_64_text_dense_0025000/scand_time.json
eval_b_scand_64_text_dense,nwm_cdit_b_recon_64_text_dense_0030000,B,64,Text,CDiT-B 64px Text,0030000,30000,time,lpips,1s,1,0.35429009795188904,artifacts/summaries/eval_scand_text/eval_b_scand_64_text_dense/nwm_cdit_b_recon_64_text_dense_0030000/scand_time.json
eval_b_scand_64_text_dense,nwm_cdit_b_recon_64_text_dense_0030000,B,64,Text,CDiT-B 64px Text,0030000,30000,time,dreamsim,1s,1,0.5407735109329224,artifacts/summaries/eval_scand_text/eval_b_scand_64_text_dense/nwm_cdit_b_recon_64_text_dense_0030000/scand_time.json
eval_b_scand_64_text_dense,nwm_cdit_b_recon_64_text_dense_0030000,B,64,Text,CDiT-B 64px Text,0030000,30000,time,lpips,2s,2,0.3799518346786499,artifacts/summaries/eval_scand_text/eval_b_scand_64_text_dense/nwm_cdit_b_recon_64_text_dense_0030000/scand_time.json
eval_b_scand_64_text_dense,nwm_cdit_b_recon_64_text_dense_0030000,B,64,Text,CDiT-B 64px Text,0030000,30000,time,dreamsim,2s,2,0.5520330667495728,artifacts/summaries/eval_scand_text/eval_b_scand_64_text_dense/nwm_cdit_b_recon_64_text_dense_0030000/scand_time.json
eval_b_scand_64_text_dense,nwm_cdit_b_recon_64_text_dense_0030000,B,64,Text,CDiT-B 64px Text,0030000,30000,time,lpips,4s,4,0.41538095474243164,artifacts/summaries/eval_scand_text/eval_b_scand_64_text_dense/nwm_cdit_b_recon_64_text_dense_0030000/scand_time.json
eval_b_scand_64_text_dense,nwm_cdit_b_recon_64_text_dense_0030000,B,64,Text,CDiT-B 64px Text,0030000,30000,time,dreamsim,4s,4,0.5597554445266724,artifacts/summaries/eval_scand_text/eval_b_scand_64_text_dense/nwm_cdit_b_recon_64_text_dense_0030000/scand_time.json
eval_b_scand_64_text_dense,nwm_cdit_b_recon_64_text_dense_0030000,B,64,Text,CDiT-B 64px Text,0030000,30000,time,lpips,8s,8,0.4461004137992859,artifacts/summaries/eval_scand_text/eval_b_scand_64_text_dense/nwm_cdit_b_recon_64_text_dense_0030000/scand_time.json
eval_b_scand_64_text_dense,nwm_cdit_b_recon_64_text_dense_0030000,B,64,Text,CDiT-B 64px Text,0030000,30000,time,dreamsim,8s,8,0.5614778995513916,artifacts/summaries/eval_scand_text/eval_b_scand_64_text_dense/nwm_cdit_b_recon_64_text_dense_0030000/scand_time.json
eval_b_scand_64_text_dense,nwm_cdit_b_recon_64_text_dense_0030000,B,64,Text,CDiT-B 64px Text,0030000,30000,time,lpips,16s,16,0.4713738262653351,artifacts/summaries/eval_scand_text/eval_b_scand_64_text_dense/nwm_cdit_b_recon_64_text_dense_0030000/scand_time.json
eval_b_scand_64_text_dense,nwm_cdit_b_recon_64_text_dense_0030000,B,64,Text,CDiT-B 64px Text,0030000,30000,time,dreamsim,16s,16,0.577366828918457,artifacts/summaries/eval_scand_text/eval_b_scand_64_text_dense/nwm_cdit_b_recon_64_text_dense_0030000/scand_time.json
eval_b_scand_64_text_dense,nwm_cdit_b_recon_64_text_dense_0030000,B,64,Text,CDiT-B 64px Text,0030000,30000,time,fid,1s,1,131.0561065673828,artifacts/summaries/eval_scand_text/eval_b_scand_64_text_dense/nwm_cdit_b_recon_64_text_dense_0030000/scand_time.json
eval_b_scand_64_text_dense,nwm_cdit_b_recon_64_text_dense_0030000,B,64,Text,CDiT-B 64px Text,0030000,30000,time,fid,2s,2,132.70701599121094,artifacts/summaries/eval_scand_text/eval_b_scand_64_text_dense/nwm_cdit_b_recon_64_text_dense_0030000/scand_time.json
eval_b_scand_64_text_dense,nwm_cdit_b_recon_64_text_dense_0030000,B,64,Text,CDiT-B 64px Text,0030000,30000,time,fid,4s,4,123.73420715332031,artifacts/summaries/eval_scand_text/eval_b_scand_64_text_dense/nwm_cdit_b_recon_64_text_dense_0030000/scand_time.json
eval_b_scand_64_text_dense,nwm_cdit_b_recon_64_text_dense_0030000,B,64,Text,CDiT-B 64px Text,0030000,30000,time,fid,8s,8,118.53005981445312,artifacts/summaries/eval_scand_text/eval_b_scand_64_text_dense/nwm_cdit_b_recon_64_text_dense_0030000/scand_time.json
eval_b_scand_64_text_dense,nwm_cdit_b_recon_64_text_dense_0030000,B,64,Text,CDiT-B 64px Text,0030000,30000,time,fid,16s,16,122.31019592285156,artifacts/summaries/eval_scand_text/eval_b_scand_64_text_dense/nwm_cdit_b_recon_64_text_dense_0030000/scand_time.json
eval_b_scand_64_text_dense,nwm_cdit_b_recon_64_text_dense_latest,B,64,Text,CDiT-B 64px Text,latest,,time,lpips,1s,1,0.35538116097450256,artifacts/summaries/eval_scand_text/eval_b_scand_64_text_dense/nwm_cdit_b_recon_64_text_dense_latest/scand_time.json
eval_b_scand_64_text_dense,nwm_cdit_b_recon_64_text_dense_latest,B,64,Text,CDiT-B 64px Text,latest,,time,dreamsim,1s,1,0.5399279594421387,artifacts/summaries/eval_scand_text/eval_b_scand_64_text_dense/nwm_cdit_b_recon_64_text_dense_latest/scand_time.json
eval_b_scand_64_text_dense,nwm_cdit_b_recon_64_text_dense_latest,B,64,Text,CDiT-B 64px Text,latest,,time,lpips,2s,2,0.3878914713859558,artifacts/summaries/eval_scand_text/eval_b_scand_64_text_dense/nwm_cdit_b_recon_64_text_dense_latest/scand_time.json
eval_b_scand_64_text_dense,nwm_cdit_b_recon_64_text_dense_latest,B,64,Text,CDiT-B 64px Text,latest,,time,dreamsim,2s,2,0.5545133352279663,artifacts/summaries/eval_scand_text/eval_b_scand_64_text_dense/nwm_cdit_b_recon_64_text_dense_latest/scand_time.json
eval_b_scand_64_text_dense,nwm_cdit_b_recon_64_text_dense_latest,B,64,Text,CDiT-B 64px Text,latest,,time,lpips,4s,4,0.4120037853717804,artifacts/summaries/eval_scand_text/eval_b_scand_64_text_dense/nwm_cdit_b_recon_64_text_dense_latest/scand_time.json
eval_b_scand_64_text_dense,nwm_cdit_b_recon_64_text_dense_latest,B,64,Text,CDiT-B 64px Text,latest,,time,dreamsim,4s,4,0.5573759078979492,artifacts/summaries/eval_scand_text/eval_b_scand_64_text_dense/nwm_cdit_b_recon_64_text_dense_latest/scand_time.json
eval_b_scand_64_text_dense,nwm_cdit_b_recon_64_text_dense_latest,B,64,Text,CDiT-B 64px Text,latest,,time,lpips,8s,8,0.4469318389892578,artifacts/summaries/eval_scand_text/eval_b_scand_64_text_dense/nwm_cdit_b_recon_64_text_dense_latest/scand_time.json
eval_b_scand_64_text_dense,nwm_cdit_b_recon_64_text_dense_latest,B,64,Text,CDiT-B 64px Text,latest,,time,dreamsim,8s,8,0.5645548701286316,artifacts/summaries/eval_scand_text/eval_b_scand_64_text_dense/nwm_cdit_b_recon_64_text_dense_latest/scand_time.json
eval_b_scand_64_text_dense,nwm_cdit_b_recon_64_text_dense_latest,B,64,Text,CDiT-B 64px Text,latest,,time,lpips,16s,16,0.4712269604206085,artifacts/summaries/eval_scand_text/eval_b_scand_64_text_dense/nwm_cdit_b_recon_64_text_dense_latest/scand_time.json
eval_b_scand_64_text_dense,nwm_cdit_b_recon_64_text_dense_latest,B,64,Text,CDiT-B 64px Text,latest,,time,dreamsim,16s,16,0.5802125334739685,artifacts/summaries/eval_scand_text/eval_b_scand_64_text_dense/nwm_cdit_b_recon_64_text_dense_latest/scand_time.json
eval_b_scand_64_text_dense,nwm_cdit_b_recon_64_text_dense_latest,B,64,Text,CDiT-B 64px Text,latest,,time,fid,1s,1,128.58743286132812,artifacts/summaries/eval_scand_text/eval_b_scand_64_text_dense/nwm_cdit_b_recon_64_text_dense_latest/scand_time.json
eval_b_scand_64_text_dense,nwm_cdit_b_recon_64_text_dense_latest,B,64,Text,CDiT-B 64px Text,latest,,time,fid,2s,2,129.21873474121094,artifacts/summaries/eval_scand_text/eval_b_scand_64_text_dense/nwm_cdit_b_recon_64_text_dense_latest/scand_time.json
eval_b_scand_64_text_dense,nwm_cdit_b_recon_64_text_dense_latest,B,64,Text,CDiT-B 64px Text,latest,,time,fid,4s,4,124.27082824707031,artifacts/summaries/eval_scand_text/eval_b_scand_64_text_dense/nwm_cdit_b_recon_64_text_dense_latest/scand_time.json
eval_b_scand_64_text_dense,nwm_cdit_b_recon_64_text_dense_latest,B,64,Text,CDiT-B 64px Text,latest,,time,fid,8s,8,119.18643188476562,artifacts/summaries/eval_scand_text/eval_b_scand_64_text_dense/nwm_cdit_b_recon_64_text_dense_latest/scand_time.json
eval_b_scand_64_text_dense,nwm_cdit_b_recon_64_text_dense_latest,B,64,Text,CDiT-B 64px Text,latest,,time,fid,16s,16,126.06278991699219,artifacts/summaries/eval_scand_text/eval_b_scand_64_text_dense/nwm_cdit_b_recon_64_text_dense_latest/scand_time.json
eval_b_scand_raw_text_dense,nwm_cdit_b_recon_raw_text_dense_0005000,B,224,Text,CDiT-B 224px Text,0005000,5000,time,lpips,1s,1,0.3736804723739624,artifacts/summaries/eval_scand_text/eval_b_scand_raw_text_dense/nwm_cdit_b_recon_raw_text_dense_0005000/scand_time.json
eval_b_scand_raw_text_dense,nwm_cdit_b_recon_raw_text_dense_0005000,B,224,Text,CDiT-B 224px Text,0005000,5000,time,dreamsim,1s,1,0.3017005920410156,artifacts/summaries/eval_scand_text/eval_b_scand_raw_text_dense/nwm_cdit_b_recon_raw_text_dense_0005000/scand_time.json
eval_b_scand_raw_text_dense,nwm_cdit_b_recon_raw_text_dense_0005000,B,224,Text,CDiT-B 224px Text,0005000,5000,time,lpips,2s,2,0.40517404675483704,artifacts/summaries/eval_scand_text/eval_b_scand_raw_text_dense/nwm_cdit_b_recon_raw_text_dense_0005000/scand_time.json
eval_b_scand_raw_text_dense,nwm_cdit_b_recon_raw_text_dense_0005000,B,224,Text,CDiT-B 224px Text,0005000,5000,time,dreamsim,2s,2,0.3245105445384979,artifacts/summaries/eval_scand_text/eval_b_scand_raw_text_dense/nwm_cdit_b_recon_raw_text_dense_0005000/scand_time.json
eval_b_scand_raw_text_dense,nwm_cdit_b_recon_raw_text_dense_0005000,B,224,Text,CDiT-B 224px Text,0005000,5000,time,lpips,4s,4,0.43630215525627136,artifacts/summaries/eval_scand_text/eval_b_scand_raw_text_dense/nwm_cdit_b_recon_raw_text_dense_0005000/scand_time.json
eval_b_scand_raw_text_dense,nwm_cdit_b_recon_raw_text_dense_0005000,B,224,Text,CDiT-B 224px Text,0005000,5000,time,dreamsim,4s,4,0.3403579592704773,artifacts/summaries/eval_scand_text/eval_b_scand_raw_text_dense/nwm_cdit_b_recon_raw_text_dense_0005000/scand_time.json
eval_b_scand_raw_text_dense,nwm_cdit_b_recon_raw_text_dense_0005000,B,224,Text,CDiT-B 224px Text,0005000,5000,time,lpips,8s,8,0.4648810923099518,artifacts/summaries/eval_scand_text/eval_b_scand_raw_text_dense/nwm_cdit_b_recon_raw_text_dense_0005000/scand_time.json
eval_b_scand_raw_text_dense,nwm_cdit_b_recon_raw_text_dense_0005000,B,224,Text,CDiT-B 224px Text,0005000,5000,time,dreamsim,8s,8,0.363509863615036,artifacts/summaries/eval_scand_text/eval_b_scand_raw_text_dense/nwm_cdit_b_recon_raw_text_dense_0005000/scand_time.json
eval_b_scand_raw_text_dense,nwm_cdit_b_recon_raw_text_dense_0005000,B,224,Text,CDiT-B 224px Text,0005000,5000,time,lpips,16s,16,0.5051772594451904,artifacts/summaries/eval_scand_text/eval_b_scand_raw_text_dense/nwm_cdit_b_recon_raw_text_dense_0005000/scand_time.json
eval_b_scand_raw_text_dense,nwm_cdit_b_recon_raw_text_dense_0005000,B,224,Text,CDiT-B 224px Text,0005000,5000,time,dreamsim,16s,16,0.39512547850608826,artifacts/summaries/eval_scand_text/eval_b_scand_raw_text_dense/nwm_cdit_b_recon_raw_text_dense_0005000/scand_time.json
eval_b_scand_raw_text_dense,nwm_cdit_b_recon_raw_text_dense_0005000,B,224,Text,CDiT-B 224px Text,0005000,5000,time,fid,1s,1,62.126861572265625,artifacts/summaries/eval_scand_text/eval_b_scand_raw_text_dense/nwm_cdit_b_recon_raw_text_dense_0005000/scand_time.json
eval_b_scand_raw_text_dense,nwm_cdit_b_recon_raw_text_dense_0005000,B,224,Text,CDiT-B 224px Text,0005000,5000,time,fid,2s,2,63.071563720703125,artifacts/summaries/eval_scand_text/eval_b_scand_raw_text_dense/nwm_cdit_b_recon_raw_text_dense_0005000/scand_time.json
eval_b_scand_raw_text_dense,nwm_cdit_b_recon_raw_text_dense_0005000,B,224,Text,CDiT-B 224px Text,0005000,5000,time,fid,4s,4,67.37445068359375,artifacts/summaries/eval_scand_text/eval_b_scand_raw_text_dense/nwm_cdit_b_recon_raw_text_dense_0005000/scand_time.json
eval_b_scand_raw_text_dense,nwm_cdit_b_recon_raw_text_dense_0005000,B,224,Text,CDiT-B 224px Text,0005000,5000,time,fid,8s,8,66.86483764648438,artifacts/summaries/eval_scand_text/eval_b_scand_raw_text_dense/nwm_cdit_b_recon_raw_text_dense_0005000/scand_time.json
eval_b_scand_raw_text_dense,nwm_cdit_b_recon_raw_text_dense_0005000,B,224,Text,CDiT-B 224px Text,0005000,5000,time,fid,16s,16,71.58625793457031,artifacts/summaries/eval_scand_text/eval_b_scand_raw_text_dense/nwm_cdit_b_recon_raw_text_dense_0005000/scand_time.json
eval_b_scand_raw_text_dense,nwm_cdit_b_recon_raw_text_dense_0010000,B,224,Text,CDiT-B 224px Text,0010000,10000,time,lpips,1s,1,0.4437846541404724,artifacts/summaries/eval_scand_text/eval_b_scand_raw_text_dense/nwm_cdit_b_recon_raw_text_dense_0010000/scand_time.json
eval_b_scand_raw_text_dense,nwm_cdit_b_recon_raw_text_dense_0010000,B,224,Text,CDiT-B 224px Text,0010000,10000,time,dreamsim,1s,1,0.4137461185455322,artifacts/summaries/eval_scand_text/eval_b_scand_raw_text_dense/nwm_cdit_b_recon_raw_text_dense_0010000/scand_time.json
eval_b_scand_raw_text_dense,nwm_cdit_b_recon_raw_text_dense_0010000,B,224,Text,CDiT-B 224px Text,0010000,10000,time,lpips,2s,2,0.4832989573478699,artifacts/summaries/eval_scand_text/eval_b_scand_raw_text_dense/nwm_cdit_b_recon_raw_text_dense_0010000/scand_time.json
eval_b_scand_raw_text_dense,nwm_cdit_b_recon_raw_text_dense_0010000,B,224,Text,CDiT-B 224px Text,0010000,10000,time,dreamsim,2s,2,0.4484896659851074,artifacts/summaries/eval_scand_text/eval_b_scand_raw_text_dense/nwm_cdit_b_recon_raw_text_dense_0010000/scand_time.json
eval_b_scand_raw_text_dense,nwm_cdit_b_recon_raw_text_dense_0010000,B,224,Text,CDiT-B 224px Text,0010000,10000,time,lpips,4s,4,0.5191928148269653,artifacts/summaries/eval_scand_text/eval_b_scand_raw_text_dense/nwm_cdit_b_recon_raw_text_dense_0010000/scand_time.json
eval_b_scand_raw_text_dense,nwm_cdit_b_recon_raw_text_dense_0010000,B,224,Text,CDiT-B 224px Text,0010000,10000,time,dreamsim,4s,4,0.4718589782714844,artifacts/summaries/eval_scand_text/eval_b_scand_raw_text_dense/nwm_cdit_b_recon_raw_text_dense_0010000/scand_time.json
eval_b_scand_raw_text_dense,nwm_cdit_b_recon_raw_text_dense_0010000,B,224,Text,CDiT-B 224px Text,0010000,10000,time,lpips,8s,8,0.558678388595581,artifacts/summaries/eval_scand_text/eval_b_scand_raw_text_dense/nwm_cdit_b_recon_raw_text_dense_0010000/scand_time.json
eval_b_scand_raw_text_dense,nwm_cdit_b_recon_raw_text_dense_0010000,B,224,Text,CDiT-B 224px Text,0010000,10000,time,dreamsim,8s,8,0.5011928677558899,artifacts/summaries/eval_scand_text/eval_b_scand_raw_text_dense/nwm_cdit_b_recon_raw_text_dense_0010000/scand_time.json
eval_b_scand_raw_text_dense,nwm_cdit_b_recon_raw_text_dense_0010000,B,224,Text,CDiT-B 224px Text,0010000,10000,time,lpips,16s,16,0.5996564626693726,artifacts/summaries/eval_scand_text/eval_b_scand_raw_text_dense/nwm_cdit_b_recon_raw_text_dense_0010000/scand_time.json
eval_b_scand_raw_text_dense,nwm_cdit_b_recon_raw_text_dense_0010000,B,224,Text,CDiT-B 224px Text,0010000,10000,time,dreamsim,16s,16,0.5416751503944397,artifacts/summaries/eval_scand_text/eval_b_scand_raw_text_dense/nwm_cdit_b_recon_raw_text_dense_0010000/scand_time.json
eval_b_scand_raw_text_dense,nwm_cdit_b_recon_raw_text_dense_0010000,B,224,Text,CDiT-B 224px Text,0010000,10000,time,fid,1s,1,94.45468139648438,artifacts/summaries/eval_scand_text/eval_b_scand_raw_text_dense/nwm_cdit_b_recon_raw_text_dense_0010000/scand_time.json
eval_b_scand_raw_text_dense,nwm_cdit_b_recon_raw_text_dense_0010000,B,224,Text,CDiT-B 224px Text,0010000,10000,time,fid,2s,2,104.41815185546875,artifacts/summaries/eval_scand_text/eval_b_scand_raw_text_dense/nwm_cdit_b_recon_raw_text_dense_0010000/scand_time.json
eval_b_scand_raw_text_dense,nwm_cdit_b_recon_raw_text_dense_0010000,B,224,Text,CDiT-B 224px Text,0010000,10000,time,fid,4s,4,109.12994384765625,artifacts/summaries/eval_scand_text/eval_b_scand_raw_text_dense/nwm_cdit_b_recon_raw_text_dense_0010000/scand_time.json
eval_b_scand_raw_text_dense,nwm_cdit_b_recon_raw_text_dense_0010000,B,224,Text,CDiT-B 224px Text,0010000,10000,time,fid,8s,8,112.54876708984375,artifacts/summaries/eval_scand_text/eval_b_scand_raw_text_dense/nwm_cdit_b_recon_raw_text_dense_0010000/scand_time.json
eval_b_scand_raw_text_dense,nwm_cdit_b_recon_raw_text_dense_0010000,B,224,Text,CDiT-B 224px Text,0010000,10000,time,fid,16s,16,127.75442504882812,artifacts/summaries/eval_scand_text/eval_b_scand_raw_text_dense/nwm_cdit_b_recon_raw_text_dense_0010000/scand_time.json
eval_b_scand_raw_text_dense,nwm_cdit_b_recon_raw_text_dense_0015000,B,224,Text,CDiT-B 224px Text,0015000,15000,time,lpips,1s,1,0.4982163608074188,artifacts/summaries/eval_scand_text/eval_b_scand_raw_text_dense/nwm_cdit_b_recon_raw_text_dense_0015000/scand_time.json
eval_b_scand_raw_text_dense,nwm_cdit_b_recon_raw_text_dense_0015000,B,224,Text,CDiT-B 224px Text,0015000,15000,time,dreamsim,1s,1,0.49736952781677246,artifacts/summaries/eval_scand_text/eval_b_scand_raw_text_dense/nwm_cdit_b_recon_raw_text_dense_0015000/scand_time.json
eval_b_scand_raw_text_dense,nwm_cdit_b_recon_raw_text_dense_0015000,B,224,Text,CDiT-B 224px Text,0015000,15000,time,lpips,2s,2,0.5430989265441895,artifacts/summaries/eval_scand_text/eval_b_scand_raw_text_dense/nwm_cdit_b_recon_raw_text_dense_0015000/scand_time.json
eval_b_scand_raw_text_dense,nwm_cdit_b_recon_raw_text_dense_0015000,B,224,Text,CDiT-B 224px Text,0015000,15000,time,dreamsim,2s,2,0.5306457281112671,artifacts/summaries/eval_scand_text/eval_b_scand_raw_text_dense/nwm_cdit_b_recon_raw_text_dense_0015000/scand_time.json
eval_b_scand_raw_text_dense,nwm_cdit_b_recon_raw_text_dense_0015000,B,224,Text,CDiT-B 224px Text,0015000,15000,time,lpips,4s,4,0.5821642279624939,artifacts/summaries/eval_scand_text/eval_b_scand_raw_text_dense/nwm_cdit_b_recon_raw_text_dense_0015000/scand_time.json
eval_b_scand_raw_text_dense,nwm_cdit_b_recon_raw_text_dense_0015000,B,224,Text,CDiT-B 224px Text,0015000,15000,time,dreamsim,4s,4,0.5530478358268738,artifacts/summaries/eval_scand_text/eval_b_scand_raw_text_dense/nwm_cdit_b_recon_raw_text_dense_0015000/scand_time.json
eval_b_scand_raw_text_dense,nwm_cdit_b_recon_raw_text_dense_0015000,B,224,Text,CDiT-B 224px Text,0015000,15000,time,lpips,8s,8,0.617181122303009,artifacts/summaries/eval_scand_text/eval_b_scand_raw_text_dense/nwm_cdit_b_recon_raw_text_dense_0015000/scand_time.json
eval_b_scand_raw_text_dense,nwm_cdit_b_recon_raw_text_dense_0015000,B,224,Text,CDiT-B 224px Text,0015000,15000,time,dreamsim,8s,8,0.5791322588920593,artifacts/summaries/eval_scand_text/eval_b_scand_raw_text_dense/nwm_cdit_b_recon_raw_text_dense_0015000/scand_time.json
eval_b_scand_raw_text_dense,nwm_cdit_b_recon_raw_text_dense_0015000,B,224,Text,CDiT-B 224px Text,0015000,15000,time,lpips,16s,16,0.6464508771896362,artifacts/summaries/eval_scand_text/eval_b_scand_raw_text_dense/nwm_cdit_b_recon_raw_text_dense_0015000/scand_time.json
eval_b_scand_raw_text_dense,nwm_cdit_b_recon_raw_text_dense_0015000,B,224,Text,CDiT-B 224px Text,0015000,15000,time,dreamsim,16s,16,0.6122218370437622,artifacts/summaries/eval_scand_text/eval_b_scand_raw_text_dense/nwm_cdit_b_recon_raw_text_dense_0015000/scand_time.json
eval_b_scand_raw_text_dense,nwm_cdit_b_recon_raw_text_dense_0015000,B,224,Text,CDiT-B 224px Text,0015000,15000,time,fid,1s,1,125.61386108398438,artifacts/summaries/eval_scand_text/eval_b_scand_raw_text_dense/nwm_cdit_b_recon_raw_text_dense_0015000/scand_time.json
eval_b_scand_raw_text_dense,nwm_cdit_b_recon_raw_text_dense_0015000,B,224,Text,CDiT-B 224px Text,0015000,15000,time,fid,2s,2,138.33151245117188,artifacts/summaries/eval_scand_text/eval_b_scand_raw_text_dense/nwm_cdit_b_recon_raw_text_dense_0015000/scand_time.json
eval_b_scand_raw_text_dense,nwm_cdit_b_recon_raw_text_dense_0015000,B,224,Text,CDiT-B 224px Text,0015000,15000,time,fid,4s,4,139.68380737304688,artifacts/summaries/eval_scand_text/eval_b_scand_raw_text_dense/nwm_cdit_b_recon_raw_text_dense_0015000/scand_time.json
eval_b_scand_raw_text_dense,nwm_cdit_b_recon_raw_text_dense_0015000,B,224,Text,CDiT-B 224px Text,0015000,15000,time,fid,8s,8,147.53118896484375,artifacts/summaries/eval_scand_text/eval_b_scand_raw_text_dense/nwm_cdit_b_recon_raw_text_dense_0015000/scand_time.json
eval_b_scand_raw_text_dense,nwm_cdit_b_recon_raw_text_dense_0015000,B,224,Text,CDiT-B 224px Text,0015000,15000,time,fid,16s,16,163.89088439941406,artifacts/summaries/eval_scand_text/eval_b_scand_raw_text_dense/nwm_cdit_b_recon_raw_text_dense_0015000/scand_time.json
eval_b_scand_raw_text_dense,nwm_cdit_b_recon_raw_text_dense_0020000,B,224,Text,CDiT-B 224px Text,0020000,20000,time,lpips,1s,1,0.5262093544006348,artifacts/summaries/eval_scand_text/eval_b_scand_raw_text_dense/nwm_cdit_b_recon_raw_text_dense_0020000/scand_time.json
eval_b_scand_raw_text_dense,nwm_cdit_b_recon_raw_text_dense_0020000,B,224,Text,CDiT-B 224px Text,0020000,20000,time,dreamsim,1s,1,0.533305287361145,artifacts/summaries/eval_scand_text/eval_b_scand_raw_text_dense/nwm_cdit_b_recon_raw_text_dense_0020000/scand_time.json
eval_b_scand_raw_text_dense,nwm_cdit_b_recon_raw_text_dense_0020000,B,224,Text,CDiT-B 224px Text,0020000,20000,time,lpips,2s,2,0.5667577385902405,artifacts/summaries/eval_scand_text/eval_b_scand_raw_text_dense/nwm_cdit_b_recon_raw_text_dense_0020000/scand_time.json
eval_b_scand_raw_text_dense,nwm_cdit_b_recon_raw_text_dense_0020000,B,224,Text,CDiT-B 224px Text,0020000,20000,time,dreamsim,2s,2,0.5568822622299194,artifacts/summaries/eval_scand_text/eval_b_scand_raw_text_dense/nwm_cdit_b_recon_raw_text_dense_0020000/scand_time.json
eval_b_scand_raw_text_dense,nwm_cdit_b_recon_raw_text_dense_0020000,B,224,Text,CDiT-B 224px Text,0020000,20000,time,lpips,4s,4,0.6018576622009277,artifacts/summaries/eval_scand_text/eval_b_scand_raw_text_dense/nwm_cdit_b_recon_raw_text_dense_0020000/scand_time.json
eval_b_scand_raw_text_dense,nwm_cdit_b_recon_raw_text_dense_0020000,B,224,Text,CDiT-B 224px Text,0020000,20000,time,dreamsim,4s,4,0.5771958231925964,artifacts/summaries/eval_scand_text/eval_b_scand_raw_text_dense/nwm_cdit_b_recon_raw_text_dense_0020000/scand_time.json
eval_b_scand_raw_text_dense,nwm_cdit_b_recon_raw_text_dense_0020000,B,224,Text,CDiT-B 224px Text,0020000,20000,time,lpips,8s,8,0.6379832029342651,artifacts/summaries/eval_scand_text/eval_b_scand_raw_text_dense/nwm_cdit_b_recon_raw_text_dense_0020000/scand_time.json
eval_b_scand_raw_text_dense,nwm_cdit_b_recon_raw_text_dense_0020000,B,224,Text,CDiT-B 224px Text,0020000,20000,time,dreamsim,8s,8,0.6007664799690247,artifacts/summaries/eval_scand_text/eval_b_scand_raw_text_dense/nwm_cdit_b_recon_raw_text_dense_0020000/scand_time.json
eval_b_scand_raw_text_dense,nwm_cdit_b_recon_raw_text_dense_0020000,B,224,Text,CDiT-B 224px Text,0020000,20000,time,lpips,16s,16,0.6602445244789124,artifacts/summaries/eval_scand_text/eval_b_scand_raw_text_dense/nwm_cdit_b_recon_raw_text_dense_0020000/scand_time.json
eval_b_scand_raw_text_dense,nwm_cdit_b_recon_raw_text_dense_0020000,B,224,Text,CDiT-B 224px Text,0020000,20000,time,dreamsim,16s,16,0.62714022397995,artifacts/summaries/eval_scand_text/eval_b_scand_raw_text_dense/nwm_cdit_b_recon_raw_text_dense_0020000/scand_time.json
eval_b_scand_raw_text_dense,nwm_cdit_b_recon_raw_text_dense_0020000,B,224,Text,CDiT-B 224px Text,0020000,20000,time,fid,1s,1,145.90008544921875,artifacts/summaries/eval_scand_text/eval_b_scand_raw_text_dense/nwm_cdit_b_recon_raw_text_dense_0020000/scand_time.json
eval_b_scand_raw_text_dense,nwm_cdit_b_recon_raw_text_dense_0020000,B,224,Text,CDiT-B 224px Text,0020000,20000,time,fid,2s,2,150.387939453125,artifacts/summaries/eval_scand_text/eval_b_scand_raw_text_dense/nwm_cdit_b_recon_raw_text_dense_0020000/scand_time.json
eval_b_scand_raw_text_dense,nwm_cdit_b_recon_raw_text_dense_0020000,B,224,Text,CDiT-B 224px Text,0020000,20000,time,fid,4s,4,159.49478149414062,artifacts/summaries/eval_scand_text/eval_b_scand_raw_text_dense/nwm_cdit_b_recon_raw_text_dense_0020000/scand_time.json
eval_b_scand_raw_text_dense,nwm_cdit_b_recon_raw_text_dense_0020000,B,224,Text,CDiT-B 224px Text,0020000,20000,time,fid,8s,8,170.05838012695312,artifacts/summaries/eval_scand_text/eval_b_scand_raw_text_dense/nwm_cdit_b_recon_raw_text_dense_0020000/scand_time.json
eval_b_scand_raw_text_dense,nwm_cdit_b_recon_raw_text_dense_0020000,B,224,Text,CDiT-B 224px Text,0020000,20000,time,fid,16s,16,188.13519287109375,artifacts/summaries/eval_scand_text/eval_b_scand_raw_text_dense/nwm_cdit_b_recon_raw_text_dense_0020000/scand_time.json
eval_b_scand_raw_text_dense,nwm_cdit_b_recon_raw_text_dense_0025000,B,224,Text,CDiT-B 224px Text,0025000,25000,time,lpips,1s,1,0.5436245203018188,artifacts/summaries/eval_scand_text/eval_b_scand_raw_text_dense/nwm_cdit_b_recon_raw_text_dense_0025000/scand_time.json
eval_b_scand_raw_text_dense,nwm_cdit_b_recon_raw_text_dense_0025000,B,224,Text,CDiT-B 224px Text,0025000,25000,time,dreamsim,1s,1,0.5488200783729553,artifacts/summaries/eval_scand_text/eval_b_scand_raw_text_dense/nwm_cdit_b_recon_raw_text_dense_0025000/scand_time.json
eval_b_scand_raw_text_dense,nwm_cdit_b_recon_raw_text_dense_0025000,B,224,Text,CDiT-B 224px Text,0025000,25000,time,lpips,2s,2,0.5806012749671936,artifacts/summaries/eval_scand_text/eval_b_scand_raw_text_dense/nwm_cdit_b_recon_raw_text_dense_0025000/scand_time.json
eval_b_scand_raw_text_dense,nwm_cdit_b_recon_raw_text_dense_0025000,B,224,Text,CDiT-B 224px Text,0025000,25000,time,dreamsim,2s,2,0.5710062980651855,artifacts/summaries/eval_scand_text/eval_b_scand_raw_text_dense/nwm_cdit_b_recon_raw_text_dense_0025000/scand_time.json
eval_b_scand_raw_text_dense,nwm_cdit_b_recon_raw_text_dense_0025000,B,224,Text,CDiT-B 224px Text,0025000,25000,time,lpips,4s,4,0.6155034899711609,artifacts/summaries/eval_scand_text/eval_b_scand_raw_text_dense/nwm_cdit_b_recon_raw_text_dense_0025000/scand_time.json
eval_b_scand_raw_text_dense,nwm_cdit_b_recon_raw_text_dense_0025000,B,224,Text,CDiT-B 224px Text,0025000,25000,time,dreamsim,4s,4,0.5901328325271606,artifacts/summaries/eval_scand_text/eval_b_scand_raw_text_dense/nwm_cdit_b_recon_raw_text_dense_0025000/scand_time.json
eval_b_scand_raw_text_dense,nwm_cdit_b_recon_raw_text_dense_0025000,B,224,Text,CDiT-B 224px Text,0025000,25000,time,lpips,8s,8,0.643924355506897,artifacts/summaries/eval_scand_text/eval_b_scand_raw_text_dense/nwm_cdit_b_recon_raw_text_dense_0025000/scand_time.json
eval_b_scand_raw_text_dense,nwm_cdit_b_recon_raw_text_dense_0025000,B,224,Text,CDiT-B 224px Text,0025000,25000,time,dreamsim,8s,8,0.6089674234390259,artifacts/summaries/eval_scand_text/eval_b_scand_raw_text_dense/nwm_cdit_b_recon_raw_text_dense_0025000/scand_time.json
eval_b_scand_raw_text_dense,nwm_cdit_b_recon_raw_text_dense_0025000,B,224,Text,CDiT-B 224px Text,0025000,25000,time,lpips,16s,16,0.6697712540626526,artifacts/summaries/eval_scand_text/eval_b_scand_raw_text_dense/nwm_cdit_b_recon_raw_text_dense_0025000/scand_time.json
eval_b_scand_raw_text_dense,nwm_cdit_b_recon_raw_text_dense_0025000,B,224,Text,CDiT-B 224px Text,0025000,25000,time,dreamsim,16s,16,0.6347829699516296,artifacts/summaries/eval_scand_text/eval_b_scand_raw_text_dense/nwm_cdit_b_recon_raw_text_dense_0025000/scand_time.json
eval_b_scand_raw_text_dense,nwm_cdit_b_recon_raw_text_dense_0025000,B,224,Text,CDiT-B 224px Text,0025000,25000,time,fid,1s,1,159.02125549316406,artifacts/summaries/eval_scand_text/eval_b_scand_raw_text_dense/nwm_cdit_b_recon_raw_text_dense_0025000/scand_time.json
eval_b_scand_raw_text_dense,nwm_cdit_b_recon_raw_text_dense_0025000,B,224,Text,CDiT-B 224px Text,0025000,25000,time,fid,2s,2,166.35430908203125,artifacts/summaries/eval_scand_text/eval_b_scand_raw_text_dense/nwm_cdit_b_recon_raw_text_dense_0025000/scand_time.json
eval_b_scand_raw_text_dense,nwm_cdit_b_recon_raw_text_dense_0025000,B,224,Text,CDiT-B 224px Text,0025000,25000,time,fid,4s,4,177.78744506835938,artifacts/summaries/eval_scand_text/eval_b_scand_raw_text_dense/nwm_cdit_b_recon_raw_text_dense_0025000/scand_time.json
eval_b_scand_raw_text_dense,nwm_cdit_b_recon_raw_text_dense_0025000,B,224,Text,CDiT-B 224px Text,0025000,25000,time,fid,8s,8,191.0658721923828,artifacts/summaries/eval_scand_text/eval_b_scand_raw_text_dense/nwm_cdit_b_recon_raw_text_dense_0025000/scand_time.json
eval_b_scand_raw_text_dense,nwm_cdit_b_recon_raw_text_dense_0025000,B,224,Text,CDiT-B 224px Text,0025000,25000,time,fid,16s,16,210.35313415527344,artifacts/summaries/eval_scand_text/eval_b_scand_raw_text_dense/nwm_cdit_b_recon_raw_text_dense_0025000/scand_time.json
eval_b_scand_raw_text_dense,nwm_cdit_b_recon_raw_text_dense_0030000,B,224,Text,CDiT-B 224px Text,0030000,30000,time,lpips,1s,1,0.5511226654052734,artifacts/summaries/eval_scand_text/eval_b_scand_raw_text_dense/nwm_cdit_b_recon_raw_text_dense_0030000/scand_time.json
eval_b_scand_raw_text_dense,nwm_cdit_b_recon_raw_text_dense_0030000,B,224,Text,CDiT-B 224px Text,0030000,30000,time,dreamsim,1s,1,0.5608870387077332,artifacts/summaries/eval_scand_text/eval_b_scand_raw_text_dense/nwm_cdit_b_recon_raw_text_dense_0030000/scand_time.json
eval_b_scand_raw_text_dense,nwm_cdit_b_recon_raw_text_dense_0030000,B,224,Text,CDiT-B 224px Text,0030000,30000,time,lpips,2s,2,0.5875509977340698,artifacts/summaries/eval_scand_text/eval_b_scand_raw_text_dense/nwm_cdit_b_recon_raw_text_dense_0030000/scand_time.json
eval_b_scand_raw_text_dense,nwm_cdit_b_recon_raw_text_dense_0030000,B,224,Text,CDiT-B 224px Text,0030000,30000,time,dreamsim,2s,2,0.5799522399902344,artifacts/summaries/eval_scand_text/eval_b_scand_raw_text_dense/nwm_cdit_b_recon_raw_text_dense_0030000/scand_time.json
eval_b_scand_raw_text_dense,nwm_cdit_b_recon_raw_text_dense_0030000,B,224,Text,CDiT-B 224px Text,0030000,30000,time,lpips,4s,4,0.6204326748847961,artifacts/summaries/eval_scand_text/eval_b_scand_raw_text_dense/nwm_cdit_b_recon_raw_text_dense_0030000/scand_time.json
eval_b_scand_raw_text_dense,nwm_cdit_b_recon_raw_text_dense_0030000,B,224,Text,CDiT-B 224px Text,0030000,30000,time,dreamsim,4s,4,0.5953907370567322,artifacts/summaries/eval_scand_text/eval_b_scand_raw_text_dense/nwm_cdit_b_recon_raw_text_dense_0030000/scand_time.json
eval_b_scand_raw_text_dense,nwm_cdit_b_recon_raw_text_dense_0030000,B,224,Text,CDiT-B 224px Text,0030000,30000,time,lpips,8s,8,0.6474475860595703,artifacts/summaries/eval_scand_text/eval_b_scand_raw_text_dense/nwm_cdit_b_recon_raw_text_dense_0030000/scand_time.json
eval_b_scand_raw_text_dense,nwm_cdit_b_recon_raw_text_dense_0030000,B,224,Text,CDiT-B 224px Text,0030000,30000,time,dreamsim,8s,8,0.6161501407623291,artifacts/summaries/eval_scand_text/eval_b_scand_raw_text_dense/nwm_cdit_b_recon_raw_text_dense_0030000/scand_time.json
eval_b_scand_raw_text_dense,nwm_cdit_b_recon_raw_text_dense_0030000,B,224,Text,CDiT-B 224px Text,0030000,30000,time,lpips,16s,16,0.6722420454025269,artifacts/summaries/eval_scand_text/eval_b_scand_raw_text_dense/nwm_cdit_b_recon_raw_text_dense_0030000/scand_time.json
eval_b_scand_raw_text_dense,nwm_cdit_b_recon_raw_text_dense_0030000,B,224,Text,CDiT-B 224px Text,0030000,30000,time,dreamsim,16s,16,0.6399032473564148,artifacts/summaries/eval_scand_text/eval_b_scand_raw_text_dense/nwm_cdit_b_recon_raw_text_dense_0030000/scand_time.json
eval_b_scand_raw_text_dense,nwm_cdit_b_recon_raw_text_dense_0030000,B,224,Text,CDiT-B 224px Text,0030000,30000,time,fid,1s,1,174.45803833007812,artifacts/summaries/eval_scand_text/eval_b_scand_raw_text_dense/nwm_cdit_b_recon_raw_text_dense_0030000/scand_time.json
eval_b_scand_raw_text_dense,nwm_cdit_b_recon_raw_text_dense_0030000,B,224,Text,CDiT-B 224px Text,0030000,30000,time,fid,2s,2,186.31918334960938,artifacts/summaries/eval_scand_text/eval_b_scand_raw_text_dense/nwm_cdit_b_recon_raw_text_dense_0030000/scand_time.json
eval_b_scand_raw_text_dense,nwm_cdit_b_recon_raw_text_dense_0030000,B,224,Text,CDiT-B 224px Text,0030000,30000,time,fid,4s,4,197.38092041015625,artifacts/summaries/eval_scand_text/eval_b_scand_raw_text_dense/nwm_cdit_b_recon_raw_text_dense_0030000/scand_time.json
eval_b_scand_raw_text_dense,nwm_cdit_b_recon_raw_text_dense_0030000,B,224,Text,CDiT-B 224px Text,0030000,30000,time,fid,8s,8,201.94070434570312,artifacts/summaries/eval_scand_text/eval_b_scand_raw_text_dense/nwm_cdit_b_recon_raw_text_dense_0030000/scand_time.json
eval_b_scand_raw_text_dense,nwm_cdit_b_recon_raw_text_dense_0030000,B,224,Text,CDiT-B 224px Text,0030000,30000,time,fid,16s,16,214.47328186035156,artifacts/summaries/eval_scand_text/eval_b_scand_raw_text_dense/nwm_cdit_b_recon_raw_text_dense_0030000/scand_time.json
eval_b_scand_raw_text_dense,nwm_cdit_b_recon_raw_text_dense_latest,B,224,Text,CDiT-B 224px Text,latest,,time,lpips,1s,1,0.5531755685806274,artifacts/summaries/eval_scand_text/eval_b_scand_raw_text_dense/nwm_cdit_b_recon_raw_text_dense_latest/scand_time.json
eval_b_scand_raw_text_dense,nwm_cdit_b_recon_raw_text_dense_latest,B,224,Text,CDiT-B 224px Text,latest,,time,dreamsim,1s,1,0.5627976655960083,artifacts/summaries/eval_scand_text/eval_b_scand_raw_text_dense/nwm_cdit_b_recon_raw_text_dense_latest/scand_time.json
eval_b_scand_raw_text_dense,nwm_cdit_b_recon_raw_text_dense_latest,B,224,Text,CDiT-B 224px Text,latest,,time,lpips,2s,2,0.5886310338973999,artifacts/summaries/eval_scand_text/eval_b_scand_raw_text_dense/nwm_cdit_b_recon_raw_text_dense_latest/scand_time.json
eval_b_scand_raw_text_dense,nwm_cdit_b_recon_raw_text_dense_latest,B,224,Text,CDiT-B 224px Text,latest,,time,dreamsim,2s,2,0.5793724060058594,artifacts/summaries/eval_scand_text/eval_b_scand_raw_text_dense/nwm_cdit_b_recon_raw_text_dense_latest/scand_time.json
eval_b_scand_raw_text_dense,nwm_cdit_b_recon_raw_text_dense_latest,B,224,Text,CDiT-B 224px Text,latest,,time,lpips,4s,4,0.6230869889259338,artifacts/summaries/eval_scand_text/eval_b_scand_raw_text_dense/nwm_cdit_b_recon_raw_text_dense_latest/scand_time.json
eval_b_scand_raw_text_dense,nwm_cdit_b_recon_raw_text_dense_latest,B,224,Text,CDiT-B 224px Text,latest,,time,dreamsim,4s,4,0.5961471796035767,artifacts/summaries/eval_scand_text/eval_b_scand_raw_text_dense/nwm_cdit_b_recon_raw_text_dense_latest/scand_time.json
eval_b_scand_raw_text_dense,nwm_cdit_b_recon_raw_text_dense_latest,B,224,Text,CDiT-B 224px Text,latest,,time,lpips,8s,8,0.649745762348175,artifacts/summaries/eval_scand_text/eval_b_scand_raw_text_dense/nwm_cdit_b_recon_raw_text_dense_latest/scand_time.json
eval_b_scand_raw_text_dense,nwm_cdit_b_recon_raw_text_dense_latest,B,224,Text,CDiT-B 224px Text,latest,,time,dreamsim,8s,8,0.6167096495628357,artifacts/summaries/eval_scand_text/eval_b_scand_raw_text_dense/nwm_cdit_b_recon_raw_text_dense_latest/scand_time.json
eval_b_scand_raw_text_dense,nwm_cdit_b_recon_raw_text_dense_latest,B,224,Text,CDiT-B 224px Text,latest,,time,lpips,16s,16,0.6735125780105591,artifacts/summaries/eval_scand_text/eval_b_scand_raw_text_dense/nwm_cdit_b_recon_raw_text_dense_latest/scand_time.json
eval_b_scand_raw_text_dense,nwm_cdit_b_recon_raw_text_dense_latest,B,224,Text,CDiT-B 224px Text,latest,,time,dreamsim,16s,16,0.6406491994857788,artifacts/summaries/eval_scand_text/eval_b_scand_raw_text_dense/nwm_cdit_b_recon_raw_text_dense_latest/scand_time.json
eval_b_scand_raw_text_dense,nwm_cdit_b_recon_raw_text_dense_latest,B,224,Text,CDiT-B 224px Text,latest,,time,fid,1s,1,173.57110595703125,artifacts/summaries/eval_scand_text/eval_b_scand_raw_text_dense/nwm_cdit_b_recon_raw_text_dense_latest/scand_time.json
eval_b_scand_raw_text_dense,nwm_cdit_b_recon_raw_text_dense_latest,B,224,Text,CDiT-B 224px Text,latest,,time,fid,2s,2,189.23394775390625,artifacts/summaries/eval_scand_text/eval_b_scand_raw_text_dense/nwm_cdit_b_recon_raw_text_dense_latest/scand_time.json
eval_b_scand_raw_text_dense,nwm_cdit_b_recon_raw_text_dense_latest,B,224,Text,CDiT-B 224px Text,latest,,time,fid,4s,4,194.38926696777344,artifacts/summaries/eval_scand_text/eval_b_scand_raw_text_dense/nwm_cdit_b_recon_raw_text_dense_latest/scand_time.json
eval_b_scand_raw_text_dense,nwm_cdit_b_recon_raw_text_dense_latest,B,224,Text,CDiT-B 224px Text,latest,,time,fid,8s,8,208.83810424804688,artifacts/summaries/eval_scand_text/eval_b_scand_raw_text_dense/nwm_cdit_b_recon_raw_text_dense_latest/scand_time.json
eval_b_scand_raw_text_dense,nwm_cdit_b_recon_raw_text_dense_latest,B,224,Text,CDiT-B 224px Text,latest,,time,fid,16s,16,218.23147583007812,artifacts/summaries/eval_scand_text/eval_b_scand_raw_text_dense/nwm_cdit_b_recon_raw_text_dense_latest/scand_time.json
eval_s_scand_128_text_dense,nwm_cdit_s_recon_128_text_dense_0005000,S,128,Text,CDiT-S 128px Text,0005000,5000,time,lpips,1s,1,0.5558410882949829,artifacts/summaries/eval_scand_text/eval_s_scand_128_text_dense/nwm_cdit_s_recon_128_text_dense_0005000/scand_time.json
eval_s_scand_128_text_dense,nwm_cdit_s_recon_128_text_dense_0005000,S,128,Text,CDiT-S 128px Text,0005000,5000,time,dreamsim,1s,1,0.6136146187782288,artifacts/summaries/eval_scand_text/eval_s_scand_128_text_dense/nwm_cdit_s_recon_128_text_dense_0005000/scand_time.json
eval_s_scand_128_text_dense,nwm_cdit_s_recon_128_text_dense_0005000,S,128,Text,CDiT-S 128px Text,0005000,5000,time,lpips,2s,2,0.5721228122711182,artifacts/summaries/eval_scand_text/eval_s_scand_128_text_dense/nwm_cdit_s_recon_128_text_dense_0005000/scand_time.json
eval_s_scand_128_text_dense,nwm_cdit_s_recon_128_text_dense_0005000,S,128,Text,CDiT-S 128px Text,0005000,5000,time,dreamsim,2s,2,0.6232843399047852,artifacts/summaries/eval_scand_text/eval_s_scand_128_text_dense/nwm_cdit_s_recon_128_text_dense_0005000/scand_time.json
eval_s_scand_128_text_dense,nwm_cdit_s_recon_128_text_dense_0005000,S,128,Text,CDiT-S 128px Text,0005000,5000,time,lpips,4s,4,0.5855481624603271,artifacts/summaries/eval_scand_text/eval_s_scand_128_text_dense/nwm_cdit_s_recon_128_text_dense_0005000/scand_time.json
eval_s_scand_128_text_dense,nwm_cdit_s_recon_128_text_dense_0005000,S,128,Text,CDiT-S 128px Text,0005000,5000,time,dreamsim,4s,4,0.6256338357925415,artifacts/summaries/eval_scand_text/eval_s_scand_128_text_dense/nwm_cdit_s_recon_128_text_dense_0005000/scand_time.json
eval_s_scand_128_text_dense,nwm_cdit_s_recon_128_text_dense_0005000,S,128,Text,CDiT-S 128px Text,0005000,5000,time,lpips,8s,8,0.6048312783241272,artifacts/summaries/eval_scand_text/eval_s_scand_128_text_dense/nwm_cdit_s_recon_128_text_dense_0005000/scand_time.json
eval_s_scand_128_text_dense,nwm_cdit_s_recon_128_text_dense_0005000,S,128,Text,CDiT-S 128px Text,0005000,5000,time,dreamsim,8s,8,0.6336523294448853,artifacts/summaries/eval_scand_text/eval_s_scand_128_text_dense/nwm_cdit_s_recon_128_text_dense_0005000/scand_time.json
eval_s_scand_128_text_dense,nwm_cdit_s_recon_128_text_dense_0005000,S,128,Text,CDiT-S 128px Text,0005000,5000,time,lpips,16s,16,0.6122046709060669,artifacts/summaries/eval_scand_text/eval_s_scand_128_text_dense/nwm_cdit_s_recon_128_text_dense_0005000/scand_time.json
eval_s_scand_128_text_dense,nwm_cdit_s_recon_128_text_dense_0005000,S,128,Text,CDiT-S 128px Text,0005000,5000,time,dreamsim,16s,16,0.6479827165603638,artifacts/summaries/eval_scand_text/eval_s_scand_128_text_dense/nwm_cdit_s_recon_128_text_dense_0005000/scand_time.json
eval_s_scand_128_text_dense,nwm_cdit_s_recon_128_text_dense_0005000,S,128,Text,CDiT-S 128px Text,0005000,5000,time,fid,1s,1,179.47625732421875,artifacts/summaries/eval_scand_text/eval_s_scand_128_text_dense/nwm_cdit_s_recon_128_text_dense_0005000/scand_time.json
eval_s_scand_128_text_dense,nwm_cdit_s_recon_128_text_dense_0005000,S,128,Text,CDiT-S 128px Text,0005000,5000,time,fid,2s,2,181.8802490234375,artifacts/summaries/eval_scand_text/eval_s_scand_128_text_dense/nwm_cdit_s_recon_128_text_dense_0005000/scand_time.json
eval_s_scand_128_text_dense,nwm_cdit_s_recon_128_text_dense_0005000,S,128,Text,CDiT-S 128px Text,0005000,5000,time,fid,4s,4,178.400146484375,artifacts/summaries/eval_scand_text/eval_s_scand_128_text_dense/nwm_cdit_s_recon_128_text_dense_0005000/scand_time.json
eval_s_scand_128_text_dense,nwm_cdit_s_recon_128_text_dense_0005000,S,128,Text,CDiT-S 128px Text,0005000,5000,time,fid,8s,8,170.8368682861328,artifacts/summaries/eval_scand_text/eval_s_scand_128_text_dense/nwm_cdit_s_recon_128_text_dense_0005000/scand_time.json
eval_s_scand_128_text_dense,nwm_cdit_s_recon_128_text_dense_0005000,S,128,Text,CDiT-S 128px Text,0005000,5000,time,fid,16s,16,177.15884399414062,artifacts/summaries/eval_scand_text/eval_s_scand_128_text_dense/nwm_cdit_s_recon_128_text_dense_0005000/scand_time.json
eval_s_scand_128_text_dense,nwm_cdit_s_recon_128_text_dense_0010000,S,128,Text,CDiT-S 128px Text,0010000,10000,time,lpips,1s,1,0.5259341597557068,artifacts/summaries/eval_scand_text/eval_s_scand_128_text_dense/nwm_cdit_s_recon_128_text_dense_0010000/scand_time.json
eval_s_scand_128_text_dense,nwm_cdit_s_recon_128_text_dense_0010000,S,128,Text,CDiT-S 128px Text,0010000,10000,time,dreamsim,1s,1,0.5776262283325195,artifacts/summaries/eval_scand_text/eval_s_scand_128_text_dense/nwm_cdit_s_recon_128_text_dense_0010000/scand_time.json
eval_s_scand_128_text_dense,nwm_cdit_s_recon_128_text_dense_0010000,S,128,Text,CDiT-S 128px Text,0010000,10000,time,lpips,2s,2,0.5474655032157898,artifacts/summaries/eval_scand_text/eval_s_scand_128_text_dense/nwm_cdit_s_recon_128_text_dense_0010000/scand_time.json
eval_s_scand_128_text_dense,nwm_cdit_s_recon_128_text_dense_0010000,S,128,Text,CDiT-S 128px Text,0010000,10000,time,dreamsim,2s,2,0.593666672706604,artifacts/summaries/eval_scand_text/eval_s_scand_128_text_dense/nwm_cdit_s_recon_128_text_dense_0010000/scand_time.json
eval_s_scand_128_text_dense,nwm_cdit_s_recon_128_text_dense_0010000,S,128,Text,CDiT-S 128px Text,0010000,10000,time,lpips,4s,4,0.5736208558082581,artifacts/summaries/eval_scand_text/eval_s_scand_128_text_dense/nwm_cdit_s_recon_128_text_dense_0010000/scand_time.json
eval_s_scand_128_text_dense,nwm_cdit_s_recon_128_text_dense_0010000,S,128,Text,CDiT-S 128px Text,0010000,10000,time,dreamsim,4s,4,0.5981448292732239,artifacts/summaries/eval_scand_text/eval_s_scand_128_text_dense/nwm_cdit_s_recon_128_text_dense_0010000/scand_time.json
eval_s_scand_128_text_dense,nwm_cdit_s_recon_128_text_dense_0010000,S,128,Text,CDiT-S 128px Text,0010000,10000,time,lpips,8s,8,0.5946911573410034,artifacts/summaries/eval_scand_text/eval_s_scand_128_text_dense/nwm_cdit_s_recon_128_text_dense_0010000/scand_time.json
eval_s_scand_128_text_dense,nwm_cdit_s_recon_128_text_dense_0010000,S,128,Text,CDiT-S 128px Text,0010000,10000,time,dreamsim,8s,8,0.6132786870002747,artifacts/summaries/eval_scand_text/eval_s_scand_128_text_dense/nwm_cdit_s_recon_128_text_dense_0010000/scand_time.json
eval_s_scand_128_text_dense,nwm_cdit_s_recon_128_text_dense_0010000,S,128,Text,CDiT-S 128px Text,0010000,10000,time,lpips,16s,16,0.6134080290794373,artifacts/summaries/eval_scand_text/eval_s_scand_128_text_dense/nwm_cdit_s_recon_128_text_dense_0010000/scand_time.json
eval_s_scand_128_text_dense,nwm_cdit_s_recon_128_text_dense_0010000,S,128,Text,CDiT-S 128px Text,0010000,10000,time,dreamsim,16s,16,0.630639910697937,artifacts/summaries/eval_scand_text/eval_s_scand_128_text_dense/nwm_cdit_s_recon_128_text_dense_0010000/scand_time.json
eval_s_scand_128_text_dense,nwm_cdit_s_recon_128_text_dense_0010000,S,128,Text,CDiT-S 128px Text,0010000,10000,time,fid,1s,1,189.6480712890625,artifacts/summaries/eval_scand_text/eval_s_scand_128_text_dense/nwm_cdit_s_recon_128_text_dense_0010000/scand_time.json
eval_s_scand_128_text_dense,nwm_cdit_s_recon_128_text_dense_0010000,S,128,Text,CDiT-S 128px Text,0010000,10000,time,fid,2s,2,191.75198364257812,artifacts/summaries/eval_scand_text/eval_s_scand_128_text_dense/nwm_cdit_s_recon_128_text_dense_0010000/scand_time.json
eval_s_scand_128_text_dense,nwm_cdit_s_recon_128_text_dense_0010000,S,128,Text,CDiT-S 128px Text,0010000,10000,time,fid,4s,4,184.06893920898438,artifacts/summaries/eval_scand_text/eval_s_scand_128_text_dense/nwm_cdit_s_recon_128_text_dense_0010000/scand_time.json
eval_s_scand_128_text_dense,nwm_cdit_s_recon_128_text_dense_0010000,S,128,Text,CDiT-S 128px Text,0010000,10000,time,fid,8s,8,174.0584716796875,artifacts/summaries/eval_scand_text/eval_s_scand_128_text_dense/nwm_cdit_s_recon_128_text_dense_0010000/scand_time.json
eval_s_scand_128_text_dense,nwm_cdit_s_recon_128_text_dense_0010000,S,128,Text,CDiT-S 128px Text,0010000,10000,time,fid,16s,16,181.06198120117188,artifacts/summaries/eval_scand_text/eval_s_scand_128_text_dense/nwm_cdit_s_recon_128_text_dense_0010000/scand_time.json
eval_s_scand_128_text_dense,nwm_cdit_s_recon_128_text_dense_0015000,S,128,Text,CDiT-S 128px Text,0015000,15000,time,lpips,1s,1,0.506644070148468,artifacts/summaries/eval_scand_text/eval_s_scand_128_text_dense/nwm_cdit_s_recon_128_text_dense_0015000/scand_time.json
eval_s_scand_128_text_dense,nwm_cdit_s_recon_128_text_dense_0015000,S,128,Text,CDiT-S 128px Text,0015000,15000,time,dreamsim,1s,1,0.5647242069244385,artifacts/summaries/eval_scand_text/eval_s_scand_128_text_dense/nwm_cdit_s_recon_128_text_dense_0015000/scand_time.json
eval_s_scand_128_text_dense,nwm_cdit_s_recon_128_text_dense_0015000,S,128,Text,CDiT-S 128px Text,0015000,15000,time,lpips,2s,2,0.5331692099571228,artifacts/summaries/eval_scand_text/eval_s_scand_128_text_dense/nwm_cdit_s_recon_128_text_dense_0015000/scand_time.json
eval_s_scand_128_text_dense,nwm_cdit_s_recon_128_text_dense_0015000,S,128,Text,CDiT-S 128px Text,0015000,15000,time,dreamsim,2s,2,0.5801024436950684,artifacts/summaries/eval_scand_text/eval_s_scand_128_text_dense/nwm_cdit_s_recon_128_text_dense_0015000/scand_time.json
eval_s_scand_128_text_dense,nwm_cdit_s_recon_128_text_dense_0015000,S,128,Text,CDiT-S 128px Text,0015000,15000,time,lpips,4s,4,0.5667641162872314,artifacts/summaries/eval_scand_text/eval_s_scand_128_text_dense/nwm_cdit_s_recon_128_text_dense_0015000/scand_time.json
eval_s_scand_128_text_dense,nwm_cdit_s_recon_128_text_dense_0015000,S,128,Text,CDiT-S 128px Text,0015000,15000,time,dreamsim,4s,4,0.5917826294898987,artifacts/summaries/eval_scand_text/eval_s_scand_128_text_dense/nwm_cdit_s_recon_128_text_dense_0015000/scand_time.json
eval_s_scand_128_text_dense,nwm_cdit_s_recon_128_text_dense_0015000,S,128,Text,CDiT-S 128px Text,0015000,15000,time,lpips,8s,8,0.5889396667480469,artifacts/summaries/eval_scand_text/eval_s_scand_128_text_dense/nwm_cdit_s_recon_128_text_dense_0015000/scand_time.json
eval_s_scand_128_text_dense,nwm_cdit_s_recon_128_text_dense_0015000,S,128,Text,CDiT-S 128px Text,0015000,15000,time,dreamsim,8s,8,0.6076651811599731,artifacts/summaries/eval_scand_text/eval_s_scand_128_text_dense/nwm_cdit_s_recon_128_text_dense_0015000/scand_time.json
eval_s_scand_128_text_dense,nwm_cdit_s_recon_128_text_dense_0015000,S,128,Text,CDiT-S 128px Text,0015000,15000,time,lpips,16s,16,0.6127198338508606,artifacts/summaries/eval_scand_text/eval_s_scand_128_text_dense/nwm_cdit_s_recon_128_text_dense_0015000/scand_time.json
eval_s_scand_128_text_dense,nwm_cdit_s_recon_128_text_dense_0015000,S,128,Text,CDiT-S 128px Text,0015000,15000,time,dreamsim,16s,16,0.6277831196784973,artifacts/summaries/eval_scand_text/eval_s_scand_128_text_dense/nwm_cdit_s_recon_128_text_dense_0015000/scand_time.json
eval_s_scand_128_text_dense,nwm_cdit_s_recon_128_text_dense_0015000,S,128,Text,CDiT-S 128px Text,0015000,15000,time,fid,1s,1,184.28591918945312,artifacts/summaries/eval_scand_text/eval_s_scand_128_text_dense/nwm_cdit_s_recon_128_text_dense_0015000/scand_time.json
eval_s_scand_128_text_dense,nwm_cdit_s_recon_128_text_dense_0015000,S,128,Text,CDiT-S 128px Text,0015000,15000,time,fid,2s,2,186.9591064453125,artifacts/summaries/eval_scand_text/eval_s_scand_128_text_dense/nwm_cdit_s_recon_128_text_dense_0015000/scand_time.json
eval_s_scand_128_text_dense,nwm_cdit_s_recon_128_text_dense_0015000,S,128,Text,CDiT-S 128px Text,0015000,15000,time,fid,4s,4,185.8909454345703,artifacts/summaries/eval_scand_text/eval_s_scand_128_text_dense/nwm_cdit_s_recon_128_text_dense_0015000/scand_time.json
eval_s_scand_128_text_dense,nwm_cdit_s_recon_128_text_dense_0015000,S,128,Text,CDiT-S 128px Text,0015000,15000,time,fid,8s,8,180.94192504882812,artifacts/summaries/eval_scand_text/eval_s_scand_128_text_dense/nwm_cdit_s_recon_128_text_dense_0015000/scand_time.json
eval_s_scand_128_text_dense,nwm_cdit_s_recon_128_text_dense_0015000,S,128,Text,CDiT-S 128px Text,0015000,15000,time,fid,16s,16,182.75534057617188,artifacts/summaries/eval_scand_text/eval_s_scand_128_text_dense/nwm_cdit_s_recon_128_text_dense_0015000/scand_time.json
eval_s_scand_128_text_dense,nwm_cdit_s_recon_128_text_dense_0020000,S,128,Text,CDiT-S 128px Text,0020000,20000,time,lpips,1s,1,0.4952892065048218,artifacts/summaries/eval_scand_text/eval_s_scand_128_text_dense/nwm_cdit_s_recon_128_text_dense_0020000/scand_time.json
eval_s_scand_128_text_dense,nwm_cdit_s_recon_128_text_dense_0020000,S,128,Text,CDiT-S 128px Text,0020000,20000,time,dreamsim,1s,1,0.556932270526886,artifacts/summaries/eval_scand_text/eval_s_scand_128_text_dense/nwm_cdit_s_recon_128_text_dense_0020000/scand_time.json
eval_s_scand_128_text_dense,nwm_cdit_s_recon_128_text_dense_0020000,S,128,Text,CDiT-S 128px Text,0020000,20000,time,lpips,2s,2,0.5282585024833679,artifacts/summaries/eval_scand_text/eval_s_scand_128_text_dense/nwm_cdit_s_recon_128_text_dense_0020000/scand_time.json
eval_s_scand_128_text_dense,nwm_cdit_s_recon_128_text_dense_0020000,S,128,Text,CDiT-S 128px Text,0020000,20000,time,dreamsim,2s,2,0.5754250288009644,artifacts/summaries/eval_scand_text/eval_s_scand_128_text_dense/nwm_cdit_s_recon_128_text_dense_0020000/scand_time.json
eval_s_scand_128_text_dense,nwm_cdit_s_recon_128_text_dense_0020000,S,128,Text,CDiT-S 128px Text,0020000,20000,time,lpips,4s,4,0.5639747977256775,artifacts/summaries/eval_scand_text/eval_s_scand_128_text_dense/nwm_cdit_s_recon_128_text_dense_0020000/scand_time.json
eval_s_scand_128_text_dense,nwm_cdit_s_recon_128_text_dense_0020000,S,128,Text,CDiT-S 128px Text,0020000,20000,time,dreamsim,4s,4,0.5903517603874207,artifacts/summaries/eval_scand_text/eval_s_scand_128_text_dense/nwm_cdit_s_recon_128_text_dense_0020000/scand_time.json
eval_s_scand_128_text_dense,nwm_cdit_s_recon_128_text_dense_0020000,S,128,Text,CDiT-S 128px Text,0020000,20000,time,lpips,8s,8,0.5869798064231873,artifacts/summaries/eval_scand_text/eval_s_scand_128_text_dense/nwm_cdit_s_recon_128_text_dense_0020000/scand_time.json
eval_s_scand_128_text_dense,nwm_cdit_s_recon_128_text_dense_0020000,S,128,Text,CDiT-S 128px Text,0020000,20000,time,dreamsim,8s,8,0.6033333539962769,artifacts/summaries/eval_scand_text/eval_s_scand_128_text_dense/nwm_cdit_s_recon_128_text_dense_0020000/scand_time.json
eval_s_scand_128_text_dense,nwm_cdit_s_recon_128_text_dense_0020000,S,128,Text,CDiT-S 128px Text,0020000,20000,time,lpips,16s,16,0.6107900738716125,artifacts/summaries/eval_scand_text/eval_s_scand_128_text_dense/nwm_cdit_s_recon_128_text_dense_0020000/scand_time.json
eval_s_scand_128_text_dense,nwm_cdit_s_recon_128_text_dense_0020000,S,128,Text,CDiT-S 128px Text,0020000,20000,time,dreamsim,16s,16,0.6273976564407349,artifacts/summaries/eval_scand_text/eval_s_scand_128_text_dense/nwm_cdit_s_recon_128_text_dense_0020000/scand_time.json
eval_s_scand_128_text_dense,nwm_cdit_s_recon_128_text_dense_0020000,S,128,Text,CDiT-S 128px Text,0020000,20000,time,fid,1s,1,187.95086669921875,artifacts/summaries/eval_scand_text/eval_s_scand_128_text_dense/nwm_cdit_s_recon_128_text_dense_0020000/scand_time.json
eval_s_scand_128_text_dense,nwm_cdit_s_recon_128_text_dense_0020000,S,128,Text,CDiT-S 128px Text,0020000,20000,time,fid,2s,2,186.1510009765625,artifacts/summaries/eval_scand_text/eval_s_scand_128_text_dense/nwm_cdit_s_recon_128_text_dense_0020000/scand_time.json
eval_s_scand_128_text_dense,nwm_cdit_s_recon_128_text_dense_0020000,S,128,Text,CDiT-S 128px Text,0020000,20000,time,fid,4s,4,186.483154296875,artifacts/summaries/eval_scand_text/eval_s_scand_128_text_dense/nwm_cdit_s_recon_128_text_dense_0020000/scand_time.json
eval_s_scand_128_text_dense,nwm_cdit_s_recon_128_text_dense_0020000,S,128,Text,CDiT-S 128px Text,0020000,20000,time,fid,8s,8,187.8380584716797,artifacts/summaries/eval_scand_text/eval_s_scand_128_text_dense/nwm_cdit_s_recon_128_text_dense_0020000/scand_time.json
eval_s_scand_128_text_dense,nwm_cdit_s_recon_128_text_dense_0020000,S,128,Text,CDiT-S 128px Text,0020000,20000,time,fid,16s,16,186.01690673828125,artifacts/summaries/eval_scand_text/eval_s_scand_128_text_dense/nwm_cdit_s_recon_128_text_dense_0020000/scand_time.json
eval_s_scand_128_text_dense,nwm_cdit_s_recon_128_text_dense_0025000,S,128,Text,CDiT-S 128px Text,0025000,25000,time,lpips,1s,1,0.4907512962818146,artifacts/summaries/eval_scand_text/eval_s_scand_128_text_dense/nwm_cdit_s_recon_128_text_dense_0025000/scand_time.json
eval_s_scand_128_text_dense,nwm_cdit_s_recon_128_text_dense_0025000,S,128,Text,CDiT-S 128px Text,0025000,25000,time,dreamsim,1s,1,0.5529903173446655,artifacts/summaries/eval_scand_text/eval_s_scand_128_text_dense/nwm_cdit_s_recon_128_text_dense_0025000/scand_time.json
eval_s_scand_128_text_dense,nwm_cdit_s_recon_128_text_dense_0025000,S,128,Text,CDiT-S 128px Text,0025000,25000,time,lpips,2s,2,0.522168755531311,artifacts/summaries/eval_scand_text/eval_s_scand_128_text_dense/nwm_cdit_s_recon_128_text_dense_0025000/scand_time.json
eval_s_scand_128_text_dense,nwm_cdit_s_recon_128_text_dense_0025000,S,128,Text,CDiT-S 128px Text,0025000,25000,time,dreamsim,2s,2,0.5700777769088745,artifacts/summaries/eval_scand_text/eval_s_scand_128_text_dense/nwm_cdit_s_recon_128_text_dense_0025000/scand_time.json
eval_s_scand_128_text_dense,nwm_cdit_s_recon_128_text_dense_0025000,S,128,Text,CDiT-S 128px Text,0025000,25000,time,lpips,4s,4,0.5606755614280701,artifacts/summaries/eval_scand_text/eval_s_scand_128_text_dense/nwm_cdit_s_recon_128_text_dense_0025000/scand_time.json
eval_s_scand_128_text_dense,nwm_cdit_s_recon_128_text_dense_0025000,S,128,Text,CDiT-S 128px Text,0025000,25000,time,dreamsim,4s,4,0.5865674614906311,artifacts/summaries/eval_scand_text/eval_s_scand_128_text_dense/nwm_cdit_s_recon_128_text_dense_0025000/scand_time.json
eval_s_scand_128_text_dense,nwm_cdit_s_recon_128_text_dense_0025000,S,128,Text,CDiT-S 128px Text,0025000,25000,time,lpips,8s,8,0.5879701375961304,artifacts/summaries/eval_scand_text/eval_s_scand_128_text_dense/nwm_cdit_s_recon_128_text_dense_0025000/scand_time.json
eval_s_scand_128_text_dense,nwm_cdit_s_recon_128_text_dense_0025000,S,128,Text,CDiT-S 128px Text,0025000,25000,time,dreamsim,8s,8,0.6025916934013367,artifacts/summaries/eval_scand_text/eval_s_scand_128_text_dense/nwm_cdit_s_recon_128_text_dense_0025000/scand_time.json
eval_s_scand_128_text_dense,nwm_cdit_s_recon_128_text_dense_0025000,S,128,Text,CDiT-S 128px Text,0025000,25000,time,lpips,16s,16,0.6084428429603577,artifacts/summaries/eval_scand_text/eval_s_scand_128_text_dense/nwm_cdit_s_recon_128_text_dense_0025000/scand_time.json
eval_s_scand_128_text_dense,nwm_cdit_s_recon_128_text_dense_0025000,S,128,Text,CDiT-S 128px Text,0025000,25000,time,dreamsim,16s,16,0.6245994567871094,artifacts/summaries/eval_scand_text/eval_s_scand_128_text_dense/nwm_cdit_s_recon_128_text_dense_0025000/scand_time.json
eval_s_scand_128_text_dense,nwm_cdit_s_recon_128_text_dense_0025000,S,128,Text,CDiT-S 128px Text,0025000,25000,time,fid,1s,1,188.44642639160156,artifacts/summaries/eval_scand_text/eval_s_scand_128_text_dense/nwm_cdit_s_recon_128_text_dense_0025000/scand_time.json
eval_s_scand_128_text_dense,nwm_cdit_s_recon_128_text_dense_0025000,S,128,Text,CDiT-S 128px Text,0025000,25000,time,fid,2s,2,194.4795684814453,artifacts/summaries/eval_scand_text/eval_s_scand_128_text_dense/nwm_cdit_s_recon_128_text_dense_0025000/scand_time.json
eval_s_scand_128_text_dense,nwm_cdit_s_recon_128_text_dense_0025000,S,128,Text,CDiT-S 128px Text,0025000,25000,time,fid,4s,4,190.77774047851562,artifacts/summaries/eval_scand_text/eval_s_scand_128_text_dense/nwm_cdit_s_recon_128_text_dense_0025000/scand_time.json
eval_s_scand_128_text_dense,nwm_cdit_s_recon_128_text_dense_0025000,S,128,Text,CDiT-S 128px Text,0025000,25000,time,fid,8s,8,186.56222534179688,artifacts/summaries/eval_scand_text/eval_s_scand_128_text_dense/nwm_cdit_s_recon_128_text_dense_0025000/scand_time.json
eval_s_scand_128_text_dense,nwm_cdit_s_recon_128_text_dense_0025000,S,128,Text,CDiT-S 128px Text,0025000,25000,time,fid,16s,16,190.41110229492188,artifacts/summaries/eval_scand_text/eval_s_scand_128_text_dense/nwm_cdit_s_recon_128_text_dense_0025000/scand_time.json
eval_s_scand_128_text_dense,nwm_cdit_s_recon_128_text_dense_0030000,S,128,Text,CDiT-S 128px Text,0030000,30000,rollout_1fps,lpips,1s,1,0.5100489854812622,artifacts/summaries/eval_scand_text/eval_s_scand_128_text_dense/nwm_cdit_s_recon_128_text_dense_0030000/scand_rollout_1fps.json
eval_s_scand_128_text_dense,nwm_cdit_s_recon_128_text_dense_0030000,S,128,Text,CDiT-S 128px Text,0030000,30000,rollout_1fps,dreamsim,1s,1,0.5702154636383057,artifacts/summaries/eval_scand_text/eval_s_scand_128_text_dense/nwm_cdit_s_recon_128_text_dense_0030000/scand_rollout_1fps.json
eval_s_scand_128_text_dense,nwm_cdit_s_recon_128_text_dense_0030000,S,128,Text,CDiT-S 128px Text,0030000,30000,rollout_1fps,lpips,2s,2,0.5442585945129395,artifacts/summaries/eval_scand_text/eval_s_scand_128_text_dense/nwm_cdit_s_recon_128_text_dense_0030000/scand_rollout_1fps.json
eval_s_scand_128_text_dense,nwm_cdit_s_recon_128_text_dense_0030000,S,128,Text,CDiT-S 128px Text,0030000,30000,rollout_1fps,dreamsim,2s,2,0.5836316347122192,artifacts/summaries/eval_scand_text/eval_s_scand_128_text_dense/nwm_cdit_s_recon_128_text_dense_0030000/scand_rollout_1fps.json
eval_s_scand_128_text_dense,nwm_cdit_s_recon_128_text_dense_0030000,S,128,Text,CDiT-S 128px Text,0030000,30000,rollout_1fps,lpips,4s,4,0.5871159434318542,artifacts/summaries/eval_scand_text/eval_s_scand_128_text_dense/nwm_cdit_s_recon_128_text_dense_0030000/scand_rollout_1fps.json
eval_s_scand_128_text_dense,nwm_cdit_s_recon_128_text_dense_0030000,S,128,Text,CDiT-S 128px Text,0030000,30000,rollout_1fps,dreamsim,4s,4,0.5957081317901611,artifacts/summaries/eval_scand_text/eval_s_scand_128_text_dense/nwm_cdit_s_recon_128_text_dense_0030000/scand_rollout_1fps.json
eval_s_scand_128_text_dense,nwm_cdit_s_recon_128_text_dense_0030000,S,128,Text,CDiT-S 128px Text,0030000,30000,rollout_1fps,lpips,8s,8,0.6116924285888672,artifacts/summaries/eval_scand_text/eval_s_scand_128_text_dense/nwm_cdit_s_recon_128_text_dense_0030000/scand_rollout_1fps.json
eval_s_scand_128_text_dense,nwm_cdit_s_recon_128_text_dense_0030000,S,128,Text,CDiT-S 128px Text,0030000,30000,rollout_1fps,dreamsim,8s,8,0.6105133295059204,artifacts/summaries/eval_scand_text/eval_s_scand_128_text_dense/nwm_cdit_s_recon_128_text_dense_0030000/scand_rollout_1fps.json
eval_s_scand_128_text_dense,nwm_cdit_s_recon_128_text_dense_0030000,S,128,Text,CDiT-S 128px Text,0030000,30000,rollout_1fps,lpips,16s,16,0.6409635543823242,artifacts/summaries/eval_scand_text/eval_s_scand_128_text_dense/nwm_cdit_s_recon_128_text_dense_0030000/scand_rollout_1fps.json
eval_s_scand_128_text_dense,nwm_cdit_s_recon_128_text_dense_0030000,S,128,Text,CDiT-S 128px Text,0030000,30000,rollout_1fps,dreamsim,16s,16,0.6393020749092102,artifacts/summaries/eval_scand_text/eval_s_scand_128_text_dense/nwm_cdit_s_recon_128_text_dense_0030000/scand_rollout_1fps.json
eval_s_scand_128_text_dense,nwm_cdit_s_recon_128_text_dense_0030000,S,128,Text,CDiT-S 128px Text,0030000,30000,rollout_1fps,fid,1s,1,226.45504760742188,artifacts/summaries/eval_scand_text/eval_s_scand_128_text_dense/nwm_cdit_s_recon_128_text_dense_0030000/scand_rollout_1fps.json
eval_s_scand_128_text_dense,nwm_cdit_s_recon_128_text_dense_0030000,S,128,Text,CDiT-S 128px Text,0030000,30000,rollout_1fps,fid,2s,2,226.47508239746094,artifacts/summaries/eval_scand_text/eval_s_scand_128_text_dense/nwm_cdit_s_recon_128_text_dense_0030000/scand_rollout_1fps.json
eval_s_scand_128_text_dense,nwm_cdit_s_recon_128_text_dense_0030000,S,128,Text,CDiT-S 128px Text,0030000,30000,rollout_1fps,fid,4s,4,216.44207763671875,artifacts/summaries/eval_scand_text/eval_s_scand_128_text_dense/nwm_cdit_s_recon_128_text_dense_0030000/scand_rollout_1fps.json
eval_s_scand_128_text_dense,nwm_cdit_s_recon_128_text_dense_0030000,S,128,Text,CDiT-S 128px Text,0030000,30000,rollout_1fps,fid,8s,8,217.93093872070312,artifacts/summaries/eval_scand_text/eval_s_scand_128_text_dense/nwm_cdit_s_recon_128_text_dense_0030000/scand_rollout_1fps.json
eval_s_scand_128_text_dense,nwm_cdit_s_recon_128_text_dense_0030000,S,128,Text,CDiT-S 128px Text,0030000,30000,rollout_1fps,fid,16s,16,220.4491424560547,artifacts/summaries/eval_scand_text/eval_s_scand_128_text_dense/nwm_cdit_s_recon_128_text_dense_0030000/scand_rollout_1fps.json
eval_s_scand_128_text_dense,nwm_cdit_s_recon_128_text_dense_0030000,S,128,Text,CDiT-S 128px Text,0030000,30000,rollout_4fps,lpips,1s,1,0.5427486300468445,artifacts/summaries/eval_scand_text/eval_s_scand_128_text_dense/nwm_cdit_s_recon_128_text_dense_0030000/scand_rollout_4fps.json
eval_s_scand_128_text_dense,nwm_cdit_s_recon_128_text_dense_0030000,S,128,Text,CDiT-S 128px Text,0030000,30000,rollout_4fps,dreamsim,1s,1,0.5772439241409302,artifacts/summaries/eval_scand_text/eval_s_scand_128_text_dense/nwm_cdit_s_recon_128_text_dense_0030000/scand_rollout_4fps.json
eval_s_scand_128_text_dense,nwm_cdit_s_recon_128_text_dense_0030000,S,128,Text,CDiT-S 128px Text,0030000,30000,rollout_4fps,lpips,2s,2,0.5795238018035889,artifacts/summaries/eval_scand_text/eval_s_scand_128_text_dense/nwm_cdit_s_recon_128_text_dense_0030000/scand_rollout_4fps.json
eval_s_scand_128_text_dense,nwm_cdit_s_recon_128_text_dense_0030000,S,128,Text,CDiT-S 128px Text,0030000,30000,rollout_4fps,dreamsim,2s,2,0.5924658179283142,artifacts/summaries/eval_scand_text/eval_s_scand_128_text_dense/nwm_cdit_s_recon_128_text_dense_0030000/scand_rollout_4fps.json
eval_s_scand_128_text_dense,nwm_cdit_s_recon_128_text_dense_0030000,S,128,Text,CDiT-S 128px Text,0030000,30000,rollout_4fps,lpips,4s,4,0.6107981204986572,artifacts/summaries/eval_scand_text/eval_s_scand_128_text_dense/nwm_cdit_s_recon_128_text_dense_0030000/scand_rollout_4fps.json
eval_s_scand_128_text_dense,nwm_cdit_s_recon_128_text_dense_0030000,S,128,Text,CDiT-S 128px Text,0030000,30000,rollout_4fps,dreamsim,4s,4,0.6024011969566345,artifacts/summaries/eval_scand_text/eval_s_scand_128_text_dense/nwm_cdit_s_recon_128_text_dense_0030000/scand_rollout_4fps.json
eval_s_scand_128_text_dense,nwm_cdit_s_recon_128_text_dense_0030000,S,128,Text,CDiT-S 128px Text,0030000,30000,rollout_4fps,lpips,8s,8,0.6380828619003296,artifacts/summaries/eval_scand_text/eval_s_scand_128_text_dense/nwm_cdit_s_recon_128_text_dense_0030000/scand_rollout_4fps.json
eval_s_scand_128_text_dense,nwm_cdit_s_recon_128_text_dense_0030000,S,128,Text,CDiT-S 128px Text,0030000,30000,rollout_4fps,dreamsim,8s,8,0.6191690564155579,artifacts/summaries/eval_scand_text/eval_s_scand_128_text_dense/nwm_cdit_s_recon_128_text_dense_0030000/scand_rollout_4fps.json
eval_s_scand_128_text_dense,nwm_cdit_s_recon_128_text_dense_0030000,S,128,Text,CDiT-S 128px Text,0030000,30000,rollout_4fps,lpips,16s,16,0.651262640953064,artifacts/summaries/eval_scand_text/eval_s_scand_128_text_dense/nwm_cdit_s_recon_128_text_dense_0030000/scand_rollout_4fps.json
eval_s_scand_128_text_dense,nwm_cdit_s_recon_128_text_dense_0030000,S,128,Text,CDiT-S 128px Text,0030000,30000,rollout_4fps,dreamsim,16s,16,0.6462621688842773,artifacts/summaries/eval_scand_text/eval_s_scand_128_text_dense/nwm_cdit_s_recon_128_text_dense_0030000/scand_rollout_4fps.json
eval_s_scand_128_text_dense,nwm_cdit_s_recon_128_text_dense_0030000,S,128,Text,CDiT-S 128px Text,0030000,30000,rollout_4fps,fid,1s,1,228.82424926757812,artifacts/summaries/eval_scand_text/eval_s_scand_128_text_dense/nwm_cdit_s_recon_128_text_dense_0030000/scand_rollout_4fps.json
eval_s_scand_128_text_dense,nwm_cdit_s_recon_128_text_dense_0030000,S,128,Text,CDiT-S 128px Text,0030000,30000,rollout_4fps,fid,2s,2,219.72103881835938,artifacts/summaries/eval_scand_text/eval_s_scand_128_text_dense/nwm_cdit_s_recon_128_text_dense_0030000/scand_rollout_4fps.json
eval_s_scand_128_text_dense,nwm_cdit_s_recon_128_text_dense_0030000,S,128,Text,CDiT-S 128px Text,0030000,30000,rollout_4fps,fid,4s,4,224.227783203125,artifacts/summaries/eval_scand_text/eval_s_scand_128_text_dense/nwm_cdit_s_recon_128_text_dense_0030000/scand_rollout_4fps.json
eval_s_scand_128_text_dense,nwm_cdit_s_recon_128_text_dense_0030000,S,128,Text,CDiT-S 128px Text,0030000,30000,rollout_4fps,fid,8s,8,210.07374572753906,artifacts/summaries/eval_scand_text/eval_s_scand_128_text_dense/nwm_cdit_s_recon_128_text_dense_0030000/scand_rollout_4fps.json
eval_s_scand_128_text_dense,nwm_cdit_s_recon_128_text_dense_0030000,S,128,Text,CDiT-S 128px Text,0030000,30000,rollout_4fps,fid,16s,16,213.2391815185547,artifacts/summaries/eval_scand_text/eval_s_scand_128_text_dense/nwm_cdit_s_recon_128_text_dense_0030000/scand_rollout_4fps.json
eval_s_scand_128_text_dense,nwm_cdit_s_recon_128_text_dense_0030000,S,128,Text,CDiT-S 128px Text,0030000,30000,time,lpips,1s,1,0.4866824150085449,artifacts/summaries/eval_scand_text/eval_s_scand_128_text_dense/nwm_cdit_s_recon_128_text_dense_0030000/scand_time.json
eval_s_scand_128_text_dense,nwm_cdit_s_recon_128_text_dense_0030000,S,128,Text,CDiT-S 128px Text,0030000,30000,time,dreamsim,1s,1,0.5531259179115295,artifacts/summaries/eval_scand_text/eval_s_scand_128_text_dense/nwm_cdit_s_recon_128_text_dense_0030000/scand_time.json
eval_s_scand_128_text_dense,nwm_cdit_s_recon_128_text_dense_0030000,S,128,Text,CDiT-S 128px Text,0030000,30000,time,lpips,2s,2,0.5203568935394287,artifacts/summaries/eval_scand_text/eval_s_scand_128_text_dense/nwm_cdit_s_recon_128_text_dense_0030000/scand_time.json
eval_s_scand_128_text_dense,nwm_cdit_s_recon_128_text_dense_0030000,S,128,Text,CDiT-S 128px Text,0030000,30000,time,dreamsim,2s,2,0.5684615969657898,artifacts/summaries/eval_scand_text/eval_s_scand_128_text_dense/nwm_cdit_s_recon_128_text_dense_0030000/scand_time.json
eval_s_scand_128_text_dense,nwm_cdit_s_recon_128_text_dense_0030000,S,128,Text,CDiT-S 128px Text,0030000,30000,time,lpips,4s,4,0.5585189461708069,artifacts/summaries/eval_scand_text/eval_s_scand_128_text_dense/nwm_cdit_s_recon_128_text_dense_0030000/scand_time.json
eval_s_scand_128_text_dense,nwm_cdit_s_recon_128_text_dense_0030000,S,128,Text,CDiT-S 128px Text,0030000,30000,time,dreamsim,4s,4,0.5875205993652344,artifacts/summaries/eval_scand_text/eval_s_scand_128_text_dense/nwm_cdit_s_recon_128_text_dense_0030000/scand_time.json
eval_s_scand_128_text_dense,nwm_cdit_s_recon_128_text_dense_0030000,S,128,Text,CDiT-S 128px Text,0030000,30000,time,lpips,8s,8,0.5897549390792847,artifacts/summaries/eval_scand_text/eval_s_scand_128_text_dense/nwm_cdit_s_recon_128_text_dense_0030000/scand_time.json
eval_s_scand_128_text_dense,nwm_cdit_s_recon_128_text_dense_0030000,S,128,Text,CDiT-S 128px Text,0030000,30000,time,dreamsim,8s,8,0.6019647717475891,artifacts/summaries/eval_scand_text/eval_s_scand_128_text_dense/nwm_cdit_s_recon_128_text_dense_0030000/scand_time.json
eval_s_scand_128_text_dense,nwm_cdit_s_recon_128_text_dense_0030000,S,128,Text,CDiT-S 128px Text,0030000,30000,time,lpips,16s,16,0.6104926466941833,artifacts/summaries/eval_scand_text/eval_s_scand_128_text_dense/nwm_cdit_s_recon_128_text_dense_0030000/scand_time.json
eval_s_scand_128_text_dense,nwm_cdit_s_recon_128_text_dense_0030000,S,128,Text,CDiT-S 128px Text,0030000,30000,time,dreamsim,16s,16,0.6256380677223206,artifacts/summaries/eval_scand_text/eval_s_scand_128_text_dense/nwm_cdit_s_recon_128_text_dense_0030000/scand_time.json
eval_s_scand_128_text_dense,nwm_cdit_s_recon_128_text_dense_0030000,S,128,Text,CDiT-S 128px Text,0030000,30000,time,fid,1s,1,190.2509765625,artifacts/summaries/eval_scand_text/eval_s_scand_128_text_dense/nwm_cdit_s_recon_128_text_dense_0030000/scand_time.json
eval_s_scand_128_text_dense,nwm_cdit_s_recon_128_text_dense_0030000,S,128,Text,CDiT-S 128px Text,0030000,30000,time,fid,2s,2,188.41615295410156,artifacts/summaries/eval_scand_text/eval_s_scand_128_text_dense/nwm_cdit_s_recon_128_text_dense_0030000/scand_time.json
eval_s_scand_128_text_dense,nwm_cdit_s_recon_128_text_dense_0030000,S,128,Text,CDiT-S 128px Text,0030000,30000,time,fid,4s,4,189.70513916015625,artifacts/summaries/eval_scand_text/eval_s_scand_128_text_dense/nwm_cdit_s_recon_128_text_dense_0030000/scand_time.json
eval_s_scand_128_text_dense,nwm_cdit_s_recon_128_text_dense_0030000,S,128,Text,CDiT-S 128px Text,0030000,30000,time,fid,8s,8,184.16371154785156,artifacts/summaries/eval_scand_text/eval_s_scand_128_text_dense/nwm_cdit_s_recon_128_text_dense_0030000/scand_time.json
eval_s_scand_128_text_dense,nwm_cdit_s_recon_128_text_dense_0030000,S,128,Text,CDiT-S 128px Text,0030000,30000,time,fid,16s,16,188.720703125,artifacts/summaries/eval_scand_text/eval_s_scand_128_text_dense/nwm_cdit_s_recon_128_text_dense_0030000/scand_time.json
eval_s_scand_128_text_dense,nwm_cdit_s_recon_128_text_dense_latest,S,128,Text,CDiT-S 128px Text,latest,,time,lpips,1s,1,0.4882103502750397,artifacts/summaries/eval_scand_text/eval_s_scand_128_text_dense/nwm_cdit_s_recon_128_text_dense_latest/scand_time.json
eval_s_scand_128_text_dense,nwm_cdit_s_recon_128_text_dense_latest,S,128,Text,CDiT-S 128px Text,latest,,time,dreamsim,1s,1,0.5539293885231018,artifacts/summaries/eval_scand_text/eval_s_scand_128_text_dense/nwm_cdit_s_recon_128_text_dense_latest/scand_time.json
eval_s_scand_128_text_dense,nwm_cdit_s_recon_128_text_dense_latest,S,128,Text,CDiT-S 128px Text,latest,,time,lpips,2s,2,0.5205804109573364,artifacts/summaries/eval_scand_text/eval_s_scand_128_text_dense/nwm_cdit_s_recon_128_text_dense_latest/scand_time.json
eval_s_scand_128_text_dense,nwm_cdit_s_recon_128_text_dense_latest,S,128,Text,CDiT-S 128px Text,latest,,time,dreamsim,2s,2,0.5688046216964722,artifacts/summaries/eval_scand_text/eval_s_scand_128_text_dense/nwm_cdit_s_recon_128_text_dense_latest/scand_time.json
eval_s_scand_128_text_dense,nwm_cdit_s_recon_128_text_dense_latest,S,128,Text,CDiT-S 128px Text,latest,,time,lpips,4s,4,0.5583916306495667,artifacts/summaries/eval_scand_text/eval_s_scand_128_text_dense/nwm_cdit_s_recon_128_text_dense_latest/scand_time.json
eval_s_scand_128_text_dense,nwm_cdit_s_recon_128_text_dense_latest,S,128,Text,CDiT-S 128px Text,latest,,time,dreamsim,4s,4,0.5837783813476562,artifacts/summaries/eval_scand_text/eval_s_scand_128_text_dense/nwm_cdit_s_recon_128_text_dense_latest/scand_time.json
eval_s_scand_128_text_dense,nwm_cdit_s_recon_128_text_dense_latest,S,128,Text,CDiT-S 128px Text,latest,,time,lpips,8s,8,0.5902759432792664,artifacts/summaries/eval_scand_text/eval_s_scand_128_text_dense/nwm_cdit_s_recon_128_text_dense_latest/scand_time.json
eval_s_scand_128_text_dense,nwm_cdit_s_recon_128_text_dense_latest,S,128,Text,CDiT-S 128px Text,latest,,time,dreamsim,8s,8,0.6004747152328491,artifacts/summaries/eval_scand_text/eval_s_scand_128_text_dense/nwm_cdit_s_recon_128_text_dense_latest/scand_time.json
eval_s_scand_128_text_dense,nwm_cdit_s_recon_128_text_dense_latest,S,128,Text,CDiT-S 128px Text,latest,,time,lpips,16s,16,0.6122792959213257,artifacts/summaries/eval_scand_text/eval_s_scand_128_text_dense/nwm_cdit_s_recon_128_text_dense_latest/scand_time.json
eval_s_scand_128_text_dense,nwm_cdit_s_recon_128_text_dense_latest,S,128,Text,CDiT-S 128px Text,latest,,time,dreamsim,16s,16,0.626805305480957,artifacts/summaries/eval_scand_text/eval_s_scand_128_text_dense/nwm_cdit_s_recon_128_text_dense_latest/scand_time.json
eval_s_scand_128_text_dense,nwm_cdit_s_recon_128_text_dense_latest,S,128,Text,CDiT-S 128px Text,latest,,time,fid,1s,1,190.94073486328125,artifacts/summaries/eval_scand_text/eval_s_scand_128_text_dense/nwm_cdit_s_recon_128_text_dense_latest/scand_time.json
eval_s_scand_128_text_dense,nwm_cdit_s_recon_128_text_dense_latest,S,128,Text,CDiT-S 128px Text,latest,,time,fid,2s,2,195.06527709960938,artifacts/summaries/eval_scand_text/eval_s_scand_128_text_dense/nwm_cdit_s_recon_128_text_dense_latest/scand_time.json
eval_s_scand_128_text_dense,nwm_cdit_s_recon_128_text_dense_latest,S,128,Text,CDiT-S 128px Text,latest,,time,fid,4s,4,188.22427368164062,artifacts/summaries/eval_scand_text/eval_s_scand_128_text_dense/nwm_cdit_s_recon_128_text_dense_latest/scand_time.json
eval_s_scand_128_text_dense,nwm_cdit_s_recon_128_text_dense_latest,S,128,Text,CDiT-S 128px Text,latest,,time,fid,8s,8,182.35690307617188,artifacts/summaries/eval_scand_text/eval_s_scand_128_text_dense/nwm_cdit_s_recon_128_text_dense_latest/scand_time.json
eval_s_scand_128_text_dense,nwm_cdit_s_recon_128_text_dense_latest,S,128,Text,CDiT-S 128px Text,latest,,time,fid,16s,16,187.97586059570312,artifacts/summaries/eval_scand_text/eval_s_scand_128_text_dense/nwm_cdit_s_recon_128_text_dense_latest/scand_time.json
eval_s_scand_64_text_dense,nwm_cdit_s_recon_64_text_dense_0005000,S,64,Text,CDiT-S 64px Text,0005000,5000,time,lpips,1s,1,0.41648751497268677,artifacts/summaries/eval_scand_text/eval_s_scand_64_text_dense/nwm_cdit_s_recon_64_text_dense_0005000/scand_time.json
eval_s_scand_64_text_dense,nwm_cdit_s_recon_64_text_dense_0005000,S,64,Text,CDiT-S 64px Text,0005000,5000,time,dreamsim,1s,1,0.5777115821838379,artifacts/summaries/eval_scand_text/eval_s_scand_64_text_dense/nwm_cdit_s_recon_64_text_dense_0005000/scand_time.json
eval_s_scand_64_text_dense,nwm_cdit_s_recon_64_text_dense_0005000,S,64,Text,CDiT-S 64px Text,0005000,5000,time,lpips,2s,2,0.4355856776237488,artifacts/summaries/eval_scand_text/eval_s_scand_64_text_dense/nwm_cdit_s_recon_64_text_dense_0005000/scand_time.json
eval_s_scand_64_text_dense,nwm_cdit_s_recon_64_text_dense_0005000,S,64,Text,CDiT-S 64px Text,0005000,5000,time,dreamsim,2s,2,0.583885669708252,artifacts/summaries/eval_scand_text/eval_s_scand_64_text_dense/nwm_cdit_s_recon_64_text_dense_0005000/scand_time.json
eval_s_scand_64_text_dense,nwm_cdit_s_recon_64_text_dense_0005000,S,64,Text,CDiT-S 64px Text,0005000,5000,time,lpips,4s,4,0.44628390669822693,artifacts/summaries/eval_scand_text/eval_s_scand_64_text_dense/nwm_cdit_s_recon_64_text_dense_0005000/scand_time.json
eval_s_scand_64_text_dense,nwm_cdit_s_recon_64_text_dense_0005000,S,64,Text,CDiT-S 64px Text,0005000,5000,time,dreamsim,4s,4,0.5866432785987854,artifacts/summaries/eval_scand_text/eval_s_scand_64_text_dense/nwm_cdit_s_recon_64_text_dense_0005000/scand_time.json
eval_s_scand_64_text_dense,nwm_cdit_s_recon_64_text_dense_0005000,S,64,Text,CDiT-S 64px Text,0005000,5000,time,lpips,8s,8,0.4578413963317871,artifacts/summaries/eval_scand_text/eval_s_scand_64_text_dense/nwm_cdit_s_recon_64_text_dense_0005000/scand_time.json
eval_s_scand_64_text_dense,nwm_cdit_s_recon_64_text_dense_0005000,S,64,Text,CDiT-S 64px Text,0005000,5000,time,dreamsim,8s,8,0.5851506590843201,artifacts/summaries/eval_scand_text/eval_s_scand_64_text_dense/nwm_cdit_s_recon_64_text_dense_0005000/scand_time.json
eval_s_scand_64_text_dense,nwm_cdit_s_recon_64_text_dense_0005000,S,64,Text,CDiT-S 64px Text,0005000,5000,time,lpips,16s,16,0.4695661962032318,artifacts/summaries/eval_scand_text/eval_s_scand_64_text_dense/nwm_cdit_s_recon_64_text_dense_0005000/scand_time.json
eval_s_scand_64_text_dense,nwm_cdit_s_recon_64_text_dense_0005000,S,64,Text,CDiT-S 64px Text,0005000,5000,time,dreamsim,16s,16,0.5875437259674072,artifacts/summaries/eval_scand_text/eval_s_scand_64_text_dense/nwm_cdit_s_recon_64_text_dense_0005000/scand_time.json
eval_s_scand_64_text_dense,nwm_cdit_s_recon_64_text_dense_0005000,S,64,Text,CDiT-S 64px Text,0005000,5000,time,fid,1s,1,120.41552734375,artifacts/summaries/eval_scand_text/eval_s_scand_64_text_dense/nwm_cdit_s_recon_64_text_dense_0005000/scand_time.json
eval_s_scand_64_text_dense,nwm_cdit_s_recon_64_text_dense_0005000,S,64,Text,CDiT-S 64px Text,0005000,5000,time,fid,2s,2,124.28128051757812,artifacts/summaries/eval_scand_text/eval_s_scand_64_text_dense/nwm_cdit_s_recon_64_text_dense_0005000/scand_time.json
eval_s_scand_64_text_dense,nwm_cdit_s_recon_64_text_dense_0005000,S,64,Text,CDiT-S 64px Text,0005000,5000,time,fid,4s,4,117.51510620117188,artifacts/summaries/eval_scand_text/eval_s_scand_64_text_dense/nwm_cdit_s_recon_64_text_dense_0005000/scand_time.json
eval_s_scand_64_text_dense,nwm_cdit_s_recon_64_text_dense_0005000,S,64,Text,CDiT-S 64px Text,0005000,5000,time,fid,8s,8,113.80130004882812,artifacts/summaries/eval_scand_text/eval_s_scand_64_text_dense/nwm_cdit_s_recon_64_text_dense_0005000/scand_time.json
eval_s_scand_64_text_dense,nwm_cdit_s_recon_64_text_dense_0005000,S,64,Text,CDiT-S 64px Text,0005000,5000,time,fid,16s,16,117.06777954101562,artifacts/summaries/eval_scand_text/eval_s_scand_64_text_dense/nwm_cdit_s_recon_64_text_dense_0005000/scand_time.json
eval_s_scand_64_text_dense,nwm_cdit_s_recon_64_text_dense_0010000,S,64,Text,CDiT-S 64px Text,0010000,10000,time,lpips,1s,1,0.39011815190315247,artifacts/summaries/eval_scand_text/eval_s_scand_64_text_dense/nwm_cdit_s_recon_64_text_dense_0010000/scand_time.json
eval_s_scand_64_text_dense,nwm_cdit_s_recon_64_text_dense_0010000,S,64,Text,CDiT-S 64px Text,0010000,10000,time,dreamsim,1s,1,0.5612295269966125,artifacts/summaries/eval_scand_text/eval_s_scand_64_text_dense/nwm_cdit_s_recon_64_text_dense_0010000/scand_time.json
eval_s_scand_64_text_dense,nwm_cdit_s_recon_64_text_dense_0010000,S,64,Text,CDiT-S 64px Text,0010000,10000,time,lpips,2s,2,0.4080337882041931,artifacts/summaries/eval_scand_text/eval_s_scand_64_text_dense/nwm_cdit_s_recon_64_text_dense_0010000/scand_time.json
eval_s_scand_64_text_dense,nwm_cdit_s_recon_64_text_dense_0010000,S,64,Text,CDiT-S 64px Text,0010000,10000,time,dreamsim,2s,2,0.5761944055557251,artifacts/summaries/eval_scand_text/eval_s_scand_64_text_dense/nwm_cdit_s_recon_64_text_dense_0010000/scand_time.json
eval_s_scand_64_text_dense,nwm_cdit_s_recon_64_text_dense_0010000,S,64,Text,CDiT-S 64px Text,0010000,10000,time,lpips,4s,4,0.43604910373687744,artifacts/summaries/eval_scand_text/eval_s_scand_64_text_dense/nwm_cdit_s_recon_64_text_dense_0010000/scand_time.json
eval_s_scand_64_text_dense,nwm_cdit_s_recon_64_text_dense_0010000,S,64,Text,CDiT-S 64px Text,0010000,10000,time,dreamsim,4s,4,0.5801830291748047,artifacts/summaries/eval_scand_text/eval_s_scand_64_text_dense/nwm_cdit_s_recon_64_text_dense_0010000/scand_time.json
eval_s_scand_64_text_dense,nwm_cdit_s_recon_64_text_dense_0010000,S,64,Text,CDiT-S 64px Text,0010000,10000,time,lpips,8s,8,0.4575996398925781,artifacts/summaries/eval_scand_text/eval_s_scand_64_text_dense/nwm_cdit_s_recon_64_text_dense_0010000/scand_time.json
eval_s_scand_64_text_dense,nwm_cdit_s_recon_64_text_dense_0010000,S,64,Text,CDiT-S 64px Text,0010000,10000,time,dreamsim,8s,8,0.5834431648254395,artifacts/summaries/eval_scand_text/eval_s_scand_64_text_dense/nwm_cdit_s_recon_64_text_dense_0010000/scand_time.json
eval_s_scand_64_text_dense,nwm_cdit_s_recon_64_text_dense_0010000,S,64,Text,CDiT-S 64px Text,0010000,10000,time,lpips,16s,16,0.47127410769462585,artifacts/summaries/eval_scand_text/eval_s_scand_64_text_dense/nwm_cdit_s_recon_64_text_dense_0010000/scand_time.json
eval_s_scand_64_text_dense,nwm_cdit_s_recon_64_text_dense_0010000,S,64,Text,CDiT-S 64px Text,0010000,10000,time,dreamsim,16s,16,0.5886387228965759,artifacts/summaries/eval_scand_text/eval_s_scand_64_text_dense/nwm_cdit_s_recon_64_text_dense_0010000/scand_time.json
eval_s_scand_64_text_dense,nwm_cdit_s_recon_64_text_dense_0010000,S,64,Text,CDiT-S 64px Text,0010000,10000,time,fid,1s,1,124.98046875,artifacts/summaries/eval_scand_text/eval_s_scand_64_text_dense/nwm_cdit_s_recon_64_text_dense_0010000/scand_time.json
eval_s_scand_64_text_dense,nwm_cdit_s_recon_64_text_dense_0010000,S,64,Text,CDiT-S 64px Text,0010000,10000,time,fid,2s,2,126.65579223632812,artifacts/summaries/eval_scand_text/eval_s_scand_64_text_dense/nwm_cdit_s_recon_64_text_dense_0010000/scand_time.json
eval_s_scand_64_text_dense,nwm_cdit_s_recon_64_text_dense_0010000,S,64,Text,CDiT-S 64px Text,0010000,10000,time,fid,4s,4,121.20294189453125,artifacts/summaries/eval_scand_text/eval_s_scand_64_text_dense/nwm_cdit_s_recon_64_text_dense_0010000/scand_time.json
eval_s_scand_64_text_dense,nwm_cdit_s_recon_64_text_dense_0010000,S,64,Text,CDiT-S 64px Text,0010000,10000,time,fid,8s,8,117.14553833007812,artifacts/summaries/eval_scand_text/eval_s_scand_64_text_dense/nwm_cdit_s_recon_64_text_dense_0010000/scand_time.json
eval_s_scand_64_text_dense,nwm_cdit_s_recon_64_text_dense_0010000,S,64,Text,CDiT-S 64px Text,0010000,10000,time,fid,16s,16,118.99824523925781,artifacts/summaries/eval_scand_text/eval_s_scand_64_text_dense/nwm_cdit_s_recon_64_text_dense_0010000/scand_time.json
eval_s_scand_64_text_dense,nwm_cdit_s_recon_64_text_dense_0015000,S,64,Text,CDiT-S 64px Text,0015000,15000,time,lpips,1s,1,0.372602254152298,artifacts/summaries/eval_scand_text/eval_s_scand_64_text_dense/nwm_cdit_s_recon_64_text_dense_0015000/scand_time.json
eval_s_scand_64_text_dense,nwm_cdit_s_recon_64_text_dense_0015000,S,64,Text,CDiT-S 64px Text,0015000,15000,time,dreamsim,1s,1,0.5548965930938721,artifacts/summaries/eval_scand_text/eval_s_scand_64_text_dense/nwm_cdit_s_recon_64_text_dense_0015000/scand_time.json
eval_s_scand_64_text_dense,nwm_cdit_s_recon_64_text_dense_0015000,S,64,Text,CDiT-S 64px Text,0015000,15000,time,lpips,2s,2,0.3943719267845154,artifacts/summaries/eval_scand_text/eval_s_scand_64_text_dense/nwm_cdit_s_recon_64_text_dense_0015000/scand_time.json
eval_s_scand_64_text_dense,nwm_cdit_s_recon_64_text_dense_0015000,S,64,Text,CDiT-S 64px Text,0015000,15000,time,dreamsim,2s,2,0.5671827793121338,artifacts/summaries/eval_scand_text/eval_s_scand_64_text_dense/nwm_cdit_s_recon_64_text_dense_0015000/scand_time.json
eval_s_scand_64_text_dense,nwm_cdit_s_recon_64_text_dense_0015000,S,64,Text,CDiT-S 64px Text,0015000,15000,time,lpips,4s,4,0.42546749114990234,artifacts/summaries/eval_scand_text/eval_s_scand_64_text_dense/nwm_cdit_s_recon_64_text_dense_0015000/scand_time.json
eval_s_scand_64_text_dense,nwm_cdit_s_recon_64_text_dense_0015000,S,64,Text,CDiT-S 64px Text,0015000,15000,time,dreamsim,4s,4,0.5732535123825073,artifacts/summaries/eval_scand_text/eval_s_scand_64_text_dense/nwm_cdit_s_recon_64_text_dense_0015000/scand_time.json
eval_s_scand_64_text_dense,nwm_cdit_s_recon_64_text_dense_0015000,S,64,Text,CDiT-S 64px Text,0015000,15000,time,lpips,8s,8,0.4501948058605194,artifacts/summaries/eval_scand_text/eval_s_scand_64_text_dense/nwm_cdit_s_recon_64_text_dense_0015000/scand_time.json
eval_s_scand_64_text_dense,nwm_cdit_s_recon_64_text_dense_0015000,S,64,Text,CDiT-S 64px Text,0015000,15000,time,dreamsim,8s,8,0.5790963172912598,artifacts/summaries/eval_scand_text/eval_s_scand_64_text_dense/nwm_cdit_s_recon_64_text_dense_0015000/scand_time.json
eval_s_scand_64_text_dense,nwm_cdit_s_recon_64_text_dense_0015000,S,64,Text,CDiT-S 64px Text,0015000,15000,time,lpips,16s,16,0.46865642070770264,artifacts/summaries/eval_scand_text/eval_s_scand_64_text_dense/nwm_cdit_s_recon_64_text_dense_0015000/scand_time.json
eval_s_scand_64_text_dense,nwm_cdit_s_recon_64_text_dense_0015000,S,64,Text,CDiT-S 64px Text,0015000,15000,time,dreamsim,16s,16,0.585091769695282,artifacts/summaries/eval_scand_text/eval_s_scand_64_text_dense/nwm_cdit_s_recon_64_text_dense_0015000/scand_time.json
eval_s_scand_64_text_dense,nwm_cdit_s_recon_64_text_dense_0015000,S,64,Text,CDiT-S 64px Text,0015000,15000,time,fid,1s,1,129.22381591796875,artifacts/summaries/eval_scand_text/eval_s_scand_64_text_dense/nwm_cdit_s_recon_64_text_dense_0015000/scand_time.json
eval_s_scand_64_text_dense,nwm_cdit_s_recon_64_text_dense_0015000,S,64,Text,CDiT-S 64px Text,0015000,15000,time,fid,2s,2,130.0782470703125,artifacts/summaries/eval_scand_text/eval_s_scand_64_text_dense/nwm_cdit_s_recon_64_text_dense_0015000/scand_time.json
eval_s_scand_64_text_dense,nwm_cdit_s_recon_64_text_dense_0015000,S,64,Text,CDiT-S 64px Text,0015000,15000,time,fid,4s,4,123.31695556640625,artifacts/summaries/eval_scand_text/eval_s_scand_64_text_dense/nwm_cdit_s_recon_64_text_dense_0015000/scand_time.json
eval_s_scand_64_text_dense,nwm_cdit_s_recon_64_text_dense_0015000,S,64,Text,CDiT-S 64px Text,0015000,15000,time,fid,8s,8,117.84857177734375,artifacts/summaries/eval_scand_text/eval_s_scand_64_text_dense/nwm_cdit_s_recon_64_text_dense_0015000/scand_time.json
eval_s_scand_64_text_dense,nwm_cdit_s_recon_64_text_dense_0015000,S,64,Text,CDiT-S 64px Text,0015000,15000,time,fid,16s,16,121.95980834960938,artifacts/summaries/eval_scand_text/eval_s_scand_64_text_dense/nwm_cdit_s_recon_64_text_dense_0015000/scand_time.json
eval_s_scand_64_text_dense,nwm_cdit_s_recon_64_text_dense_0020000,S,64,Text,CDiT-S 64px Text,0020000,20000,time,lpips,1s,1,0.3649778962135315,artifacts/summaries/eval_scand_text/eval_s_scand_64_text_dense/nwm_cdit_s_recon_64_text_dense_0020000/scand_time.json
eval_s_scand_64_text_dense,nwm_cdit_s_recon_64_text_dense_0020000,S,64,Text,CDiT-S 64px Text,0020000,20000,time,dreamsim,1s,1,0.5533090829849243,artifacts/summaries/eval_scand_text/eval_s_scand_64_text_dense/nwm_cdit_s_recon_64_text_dense_0020000/scand_time.json
eval_s_scand_64_text_dense,nwm_cdit_s_recon_64_text_dense_0020000,S,64,Text,CDiT-S 64px Text,0020000,20000,time,lpips,2s,2,0.38665688037872314,artifacts/summaries/eval_scand_text/eval_s_scand_64_text_dense/nwm_cdit_s_recon_64_text_dense_0020000/scand_time.json
eval_s_scand_64_text_dense,nwm_cdit_s_recon_64_text_dense_0020000,S,64,Text,CDiT-S 64px Text,0020000,20000,time,dreamsim,2s,2,0.5616046786308289,artifacts/summaries/eval_scand_text/eval_s_scand_64_text_dense/nwm_cdit_s_recon_64_text_dense_0020000/scand_time.json
eval_s_scand_64_text_dense,nwm_cdit_s_recon_64_text_dense_0020000,S,64,Text,CDiT-S 64px Text,0020000,20000,time,lpips,4s,4,0.4178333282470703,artifacts/summaries/eval_scand_text/eval_s_scand_64_text_dense/nwm_cdit_s_recon_64_text_dense_0020000/scand_time.json
eval_s_scand_64_text_dense,nwm_cdit_s_recon_64_text_dense_0020000,S,64,Text,CDiT-S 64px Text,0020000,20000,time,dreamsim,4s,4,0.5671650767326355,artifacts/summaries/eval_scand_text/eval_s_scand_64_text_dense/nwm_cdit_s_recon_64_text_dense_0020000/scand_time.json
eval_s_scand_64_text_dense,nwm_cdit_s_recon_64_text_dense_0020000,S,64,Text,CDiT-S 64px Text,0020000,20000,time,lpips,8s,8,0.449548602104187,artifacts/summaries/eval_scand_text/eval_s_scand_64_text_dense/nwm_cdit_s_recon_64_text_dense_0020000/scand_time.json
eval_s_scand_64_text_dense,nwm_cdit_s_recon_64_text_dense_0020000,S,64,Text,CDiT-S 64px Text,0020000,20000,time,dreamsim,8s,8,0.5709747076034546,artifacts/summaries/eval_scand_text/eval_s_scand_64_text_dense/nwm_cdit_s_recon_64_text_dense_0020000/scand_time.json
eval_s_scand_64_text_dense,nwm_cdit_s_recon_64_text_dense_0020000,S,64,Text,CDiT-S 64px Text,0020000,20000,time,lpips,16s,16,0.46825599670410156,artifacts/summaries/eval_scand_text/eval_s_scand_64_text_dense/nwm_cdit_s_recon_64_text_dense_0020000/scand_time.json
eval_s_scand_64_text_dense,nwm_cdit_s_recon_64_text_dense_0020000,S,64,Text,CDiT-S 64px Text,0020000,20000,time,dreamsim,16s,16,0.585896909236908,artifacts/summaries/eval_scand_text/eval_s_scand_64_text_dense/nwm_cdit_s_recon_64_text_dense_0020000/scand_time.json
eval_s_scand_64_text_dense,nwm_cdit_s_recon_64_text_dense_0020000,S,64,Text,CDiT-S 64px Text,0020000,20000,time,fid,1s,1,133.92251586914062,artifacts/summaries/eval_scand_text/eval_s_scand_64_text_dense/nwm_cdit_s_recon_64_text_dense_0020000/scand_time.json
eval_s_scand_64_text_dense,nwm_cdit_s_recon_64_text_dense_0020000,S,64,Text,CDiT-S 64px Text,0020000,20000,time,fid,2s,2,129.66757202148438,artifacts/summaries/eval_scand_text/eval_s_scand_64_text_dense/nwm_cdit_s_recon_64_text_dense_0020000/scand_time.json
eval_s_scand_64_text_dense,nwm_cdit_s_recon_64_text_dense_0020000,S,64,Text,CDiT-S 64px Text,0020000,20000,time,fid,4s,4,124.89616394042969,artifacts/summaries/eval_scand_text/eval_s_scand_64_text_dense/nwm_cdit_s_recon_64_text_dense_0020000/scand_time.json
eval_s_scand_64_text_dense,nwm_cdit_s_recon_64_text_dense_0020000,S,64,Text,CDiT-S 64px Text,0020000,20000,time,fid,8s,8,116.33404541015625,artifacts/summaries/eval_scand_text/eval_s_scand_64_text_dense/nwm_cdit_s_recon_64_text_dense_0020000/scand_time.json
eval_s_scand_64_text_dense,nwm_cdit_s_recon_64_text_dense_0020000,S,64,Text,CDiT-S 64px Text,0020000,20000,time,fid,16s,16,121.01844787597656,artifacts/summaries/eval_scand_text/eval_s_scand_64_text_dense/nwm_cdit_s_recon_64_text_dense_0020000/scand_time.json
eval_s_scand_64_text_dense,nwm_cdit_s_recon_64_text_dense_0025000,S,64,Text,CDiT-S 64px Text,0025000,25000,time,lpips,1s,1,0.35750511288642883,artifacts/summaries/eval_scand_text/eval_s_scand_64_text_dense/nwm_cdit_s_recon_64_text_dense_0025000/scand_time.json
eval_s_scand_64_text_dense,nwm_cdit_s_recon_64_text_dense_0025000,S,64,Text,CDiT-S 64px Text,0025000,25000,time,dreamsim,1s,1,0.5517274737358093,artifacts/summaries/eval_scand_text/eval_s_scand_64_text_dense/nwm_cdit_s_recon_64_text_dense_0025000/scand_time.json
eval_s_scand_64_text_dense,nwm_cdit_s_recon_64_text_dense_0025000,S,64,Text,CDiT-S 64px Text,0025000,25000,time,lpips,2s,2,0.3815199136734009,artifacts/summaries/eval_scand_text/eval_s_scand_64_text_dense/nwm_cdit_s_recon_64_text_dense_0025000/scand_time.json
eval_s_scand_64_text_dense,nwm_cdit_s_recon_64_text_dense_0025000,S,64,Text,CDiT-S 64px Text,0025000,25000,time,dreamsim,2s,2,0.5623016953468323,artifacts/summaries/eval_scand_text/eval_s_scand_64_text_dense/nwm_cdit_s_recon_64_text_dense_0025000/scand_time.json
eval_s_scand_64_text_dense,nwm_cdit_s_recon_64_text_dense_0025000,S,64,Text,CDiT-S 64px Text,0025000,25000,time,lpips,4s,4,0.4177838861942291,artifacts/summaries/eval_scand_text/eval_s_scand_64_text_dense/nwm_cdit_s_recon_64_text_dense_0025000/scand_time.json
eval_s_scand_64_text_dense,nwm_cdit_s_recon_64_text_dense_0025000,S,64,Text,CDiT-S 64px Text,0025000,25000,time,dreamsim,4s,4,0.5656323432922363,artifacts/summaries/eval_scand_text/eval_s_scand_64_text_dense/nwm_cdit_s_recon_64_text_dense_0025000/scand_time.json
eval_s_scand_64_text_dense,nwm_cdit_s_recon_64_text_dense_0025000,S,64,Text,CDiT-S 64px Text,0025000,25000,time,lpips,8s,8,0.4491596519947052,artifacts/summaries/eval_scand_text/eval_s_scand_64_text_dense/nwm_cdit_s_recon_64_text_dense_0025000/scand_time.json
eval_s_scand_64_text_dense,nwm_cdit_s_recon_64_text_dense_0025000,S,64,Text,CDiT-S 64px Text,0025000,25000,time,dreamsim,8s,8,0.5708941221237183,artifacts/summaries/eval_scand_text/eval_s_scand_64_text_dense/nwm_cdit_s_recon_64_text_dense_0025000/scand_time.json
eval_s_scand_64_text_dense,nwm_cdit_s_recon_64_text_dense_0025000,S,64,Text,CDiT-S 64px Text,0025000,25000,time,lpips,16s,16,0.4689759910106659,artifacts/summaries/eval_scand_text/eval_s_scand_64_text_dense/nwm_cdit_s_recon_64_text_dense_0025000/scand_time.json
eval_s_scand_64_text_dense,nwm_cdit_s_recon_64_text_dense_0025000,S,64,Text,CDiT-S 64px Text,0025000,25000,time,dreamsim,16s,16,0.580439567565918,artifacts/summaries/eval_scand_text/eval_s_scand_64_text_dense/nwm_cdit_s_recon_64_text_dense_0025000/scand_time.json
eval_s_scand_64_text_dense,nwm_cdit_s_recon_64_text_dense_0025000,S,64,Text,CDiT-S 64px Text,0025000,25000,time,fid,1s,1,132.56951904296875,artifacts/summaries/eval_scand_text/eval_s_scand_64_text_dense/nwm_cdit_s_recon_64_text_dense_0025000/scand_time.json
eval_s_scand_64_text_dense,nwm_cdit_s_recon_64_text_dense_0025000,S,64,Text,CDiT-S 64px Text,0025000,25000,time,fid,2s,2,129.6509246826172,artifacts/summaries/eval_scand_text/eval_s_scand_64_text_dense/nwm_cdit_s_recon_64_text_dense_0025000/scand_time.json
eval_s_scand_64_text_dense,nwm_cdit_s_recon_64_text_dense_0025000,S,64,Text,CDiT-S 64px Text,0025000,25000,time,fid,4s,4,124.68450927734375,artifacts/summaries/eval_scand_text/eval_s_scand_64_text_dense/nwm_cdit_s_recon_64_text_dense_0025000/scand_time.json
eval_s_scand_64_text_dense,nwm_cdit_s_recon_64_text_dense_0025000,S,64,Text,CDiT-S 64px Text,0025000,25000,time,fid,8s,8,116.33181762695312,artifacts/summaries/eval_scand_text/eval_s_scand_64_text_dense/nwm_cdit_s_recon_64_text_dense_0025000/scand_time.json
eval_s_scand_64_text_dense,nwm_cdit_s_recon_64_text_dense_0025000,S,64,Text,CDiT-S 64px Text,0025000,25000,time,fid,16s,16,121.94393920898438,artifacts/summaries/eval_scand_text/eval_s_scand_64_text_dense/nwm_cdit_s_recon_64_text_dense_0025000/scand_time.json
eval_s_scand_64_text_dense,nwm_cdit_s_recon_64_text_dense_0030000,S,64,Text,CDiT-S 64px Text,0030000,30000,time,lpips,1s,1,0.3593415915966034,artifacts/summaries/eval_scand_text/eval_s_scand_64_text_dense/nwm_cdit_s_recon_64_text_dense_0030000/scand_time.json
eval_s_scand_64_text_dense,nwm_cdit_s_recon_64_text_dense_0030000,S,64,Text,CDiT-S 64px Text,0030000,30000,time,dreamsim,1s,1,0.5472626686096191,artifacts/summaries/eval_scand_text/eval_s_scand_64_text_dense/nwm_cdit_s_recon_64_text_dense_0030000/scand_time.json
eval_s_scand_64_text_dense,nwm_cdit_s_recon_64_text_dense_0030000,S,64,Text,CDiT-S 64px Text,0030000,30000,time,lpips,2s,2,0.38253843784332275,artifacts/summaries/eval_scand_text/eval_s_scand_64_text_dense/nwm_cdit_s_recon_64_text_dense_0030000/scand_time.json
eval_s_scand_64_text_dense,nwm_cdit_s_recon_64_text_dense_0030000,S,64,Text,CDiT-S 64px Text,0030000,30000,time,dreamsim,2s,2,0.5622512698173523,artifacts/summaries/eval_scand_text/eval_s_scand_64_text_dense/nwm_cdit_s_recon_64_text_dense_0030000/scand_time.json
eval_s_scand_64_text_dense,nwm_cdit_s_recon_64_text_dense_0030000,S,64,Text,CDiT-S 64px Text,0030000,30000,time,lpips,4s,4,0.4148772060871124,artifacts/summaries/eval_scand_text/eval_s_scand_64_text_dense/nwm_cdit_s_recon_64_text_dense_0030000/scand_time.json
eval_s_scand_64_text_dense,nwm_cdit_s_recon_64_text_dense_0030000,S,64,Text,CDiT-S 64px Text,0030000,30000,time,dreamsim,4s,4,0.5639846324920654,artifacts/summaries/eval_scand_text/eval_s_scand_64_text_dense/nwm_cdit_s_recon_64_text_dense_0030000/scand_time.json
eval_s_scand_64_text_dense,nwm_cdit_s_recon_64_text_dense_0030000,S,64,Text,CDiT-S 64px Text,0030000,30000,time,lpips,8s,8,0.44641032814979553,artifacts/summaries/eval_scand_text/eval_s_scand_64_text_dense/nwm_cdit_s_recon_64_text_dense_0030000/scand_time.json
eval_s_scand_64_text_dense,nwm_cdit_s_recon_64_text_dense_0030000,S,64,Text,CDiT-S 64px Text,0030000,30000,time,dreamsim,8s,8,0.5706456899642944,artifacts/summaries/eval_scand_text/eval_s_scand_64_text_dense/nwm_cdit_s_recon_64_text_dense_0030000/scand_time.json
eval_s_scand_64_text_dense,nwm_cdit_s_recon_64_text_dense_0030000,S,64,Text,CDiT-S 64px Text,0030000,30000,time,lpips,16s,16,0.4742516875267029,artifacts/summaries/eval_scand_text/eval_s_scand_64_text_dense/nwm_cdit_s_recon_64_text_dense_0030000/scand_time.json
eval_s_scand_64_text_dense,nwm_cdit_s_recon_64_text_dense_0030000,S,64,Text,CDiT-S 64px Text,0030000,30000,time,dreamsim,16s,16,0.5828098058700562,artifacts/summaries/eval_scand_text/eval_s_scand_64_text_dense/nwm_cdit_s_recon_64_text_dense_0030000/scand_time.json
eval_s_scand_64_text_dense,nwm_cdit_s_recon_64_text_dense_0030000,S,64,Text,CDiT-S 64px Text,0030000,30000,time,fid,1s,1,128.56423950195312,artifacts/summaries/eval_scand_text/eval_s_scand_64_text_dense/nwm_cdit_s_recon_64_text_dense_0030000/scand_time.json
eval_s_scand_64_text_dense,nwm_cdit_s_recon_64_text_dense_0030000,S,64,Text,CDiT-S 64px Text,0030000,30000,time,fid,2s,2,135.45965576171875,artifacts/summaries/eval_scand_text/eval_s_scand_64_text_dense/nwm_cdit_s_recon_64_text_dense_0030000/scand_time.json
eval_s_scand_64_text_dense,nwm_cdit_s_recon_64_text_dense_0030000,S,64,Text,CDiT-S 64px Text,0030000,30000,time,fid,4s,4,124.65402221679688,artifacts/summaries/eval_scand_text/eval_s_scand_64_text_dense/nwm_cdit_s_recon_64_text_dense_0030000/scand_time.json
eval_s_scand_64_text_dense,nwm_cdit_s_recon_64_text_dense_0030000,S,64,Text,CDiT-S 64px Text,0030000,30000,time,fid,8s,8,121.86845397949219,artifacts/summaries/eval_scand_text/eval_s_scand_64_text_dense/nwm_cdit_s_recon_64_text_dense_0030000/scand_time.json
eval_s_scand_64_text_dense,nwm_cdit_s_recon_64_text_dense_0030000,S,64,Text,CDiT-S 64px Text,0030000,30000,time,fid,16s,16,126.97357177734375,artifacts/summaries/eval_scand_text/eval_s_scand_64_text_dense/nwm_cdit_s_recon_64_text_dense_0030000/scand_time.json
eval_s_scand_64_text_dense,nwm_cdit_s_recon_64_text_dense_latest,S,64,Text,CDiT-S 64px Text,latest,,time,lpips,1s,1,0.3550468385219574,artifacts/summaries/eval_scand_text/eval_s_scand_64_text_dense/nwm_cdit_s_recon_64_text_dense_latest/scand_time.json
eval_s_scand_64_text_dense,nwm_cdit_s_recon_64_text_dense_latest,S,64,Text,CDiT-S 64px Text,latest,,time,dreamsim,1s,1,0.5477165579795837,artifacts/summaries/eval_scand_text/eval_s_scand_64_text_dense/nwm_cdit_s_recon_64_text_dense_latest/scand_time.json
eval_s_scand_64_text_dense,nwm_cdit_s_recon_64_text_dense_latest,S,64,Text,CDiT-S 64px Text,latest,,time,lpips,2s,2,0.3812076151371002,artifacts/summaries/eval_scand_text/eval_s_scand_64_text_dense/nwm_cdit_s_recon_64_text_dense_latest/scand_time.json
eval_s_scand_64_text_dense,nwm_cdit_s_recon_64_text_dense_latest,S,64,Text,CDiT-S 64px Text,latest,,time,dreamsim,2s,2,0.557653546333313,artifacts/summaries/eval_scand_text/eval_s_scand_64_text_dense/nwm_cdit_s_recon_64_text_dense_latest/scand_time.json
eval_s_scand_64_text_dense,nwm_cdit_s_recon_64_text_dense_latest,S,64,Text,CDiT-S 64px Text,latest,,time,lpips,4s,4,0.41185247898101807,artifacts/summaries/eval_scand_text/eval_s_scand_64_text_dense/nwm_cdit_s_recon_64_text_dense_latest/scand_time.json
eval_s_scand_64_text_dense,nwm_cdit_s_recon_64_text_dense_latest,S,64,Text,CDiT-S 64px Text,latest,,time,dreamsim,4s,4,0.5629892349243164,artifacts/summaries/eval_scand_text/eval_s_scand_64_text_dense/nwm_cdit_s_recon_64_text_dense_latest/scand_time.json
eval_s_scand_64_text_dense,nwm_cdit_s_recon_64_text_dense_latest,S,64,Text,CDiT-S 64px Text,latest,,time,lpips,8s,8,0.4471694827079773,artifacts/summaries/eval_scand_text/eval_s_scand_64_text_dense/nwm_cdit_s_recon_64_text_dense_latest/scand_time.json
eval_s_scand_64_text_dense,nwm_cdit_s_recon_64_text_dense_latest,S,64,Text,CDiT-S 64px Text,latest,,time,dreamsim,8s,8,0.5685966610908508,artifacts/summaries/eval_scand_text/eval_s_scand_64_text_dense/nwm_cdit_s_recon_64_text_dense_latest/scand_time.json
eval_s_scand_64_text_dense,nwm_cdit_s_recon_64_text_dense_latest,S,64,Text,CDiT-S 64px Text,latest,,time,lpips,16s,16,0.46955546736717224,artifacts/summaries/eval_scand_text/eval_s_scand_64_text_dense/nwm_cdit_s_recon_64_text_dense_latest/scand_time.json
eval_s_scand_64_text_dense,nwm_cdit_s_recon_64_text_dense_latest,S,64,Text,CDiT-S 64px Text,latest,,time,dreamsim,16s,16,0.5807710886001587,artifacts/summaries/eval_scand_text/eval_s_scand_64_text_dense/nwm_cdit_s_recon_64_text_dense_latest/scand_time.json
eval_s_scand_64_text_dense,nwm_cdit_s_recon_64_text_dense_latest,S,64,Text,CDiT-S 64px Text,latest,,time,fid,1s,1,135.63323974609375,artifacts/summaries/eval_scand_text/eval_s_scand_64_text_dense/nwm_cdit_s_recon_64_text_dense_latest/scand_time.json
eval_s_scand_64_text_dense,nwm_cdit_s_recon_64_text_dense_latest,S,64,Text,CDiT-S 64px Text,latest,,time,fid,2s,2,132.0057373046875,artifacts/summaries/eval_scand_text/eval_s_scand_64_text_dense/nwm_cdit_s_recon_64_text_dense_latest/scand_time.json
eval_s_scand_64_text_dense,nwm_cdit_s_recon_64_text_dense_latest,S,64,Text,CDiT-S 64px Text,latest,,time,fid,4s,4,127.3455810546875,artifacts/summaries/eval_scand_text/eval_s_scand_64_text_dense/nwm_cdit_s_recon_64_text_dense_latest/scand_time.json
eval_s_scand_64_text_dense,nwm_cdit_s_recon_64_text_dense_latest,S,64,Text,CDiT-S 64px Text,latest,,time,fid,8s,8,120.327392578125,artifacts/summaries/eval_scand_text/eval_s_scand_64_text_dense/nwm_cdit_s_recon_64_text_dense_latest/scand_time.json
eval_s_scand_64_text_dense,nwm_cdit_s_recon_64_text_dense_latest,S,64,Text,CDiT-S 64px Text,latest,,time,fid,16s,16,123.962158203125,artifacts/summaries/eval_scand_text/eval_s_scand_64_text_dense/nwm_cdit_s_recon_64_text_dense_latest/scand_time.json
eval_s_scand_raw_text_dense,nwm_cdit_s_recon_raw_text_dense_0005000,S,224,Text,CDiT-S 224px Text,0005000,5000,time,lpips,1s,1,0.39724206924438477,artifacts/summaries/eval_scand_text/eval_s_scand_raw_text_dense/nwm_cdit_s_recon_raw_text_dense_0005000/scand_time.json
eval_s_scand_raw_text_dense,nwm_cdit_s_recon_raw_text_dense_0005000,S,224,Text,CDiT-S 224px Text,0005000,5000,time,dreamsim,1s,1,0.3589918315410614,artifacts/summaries/eval_scand_text/eval_s_scand_raw_text_dense/nwm_cdit_s_recon_raw_text_dense_0005000/scand_time.json
eval_s_scand_raw_text_dense,nwm_cdit_s_recon_raw_text_dense_0005000,S,224,Text,CDiT-S 224px Text,0005000,5000,time,lpips,2s,2,0.43251630663871765,artifacts/summaries/eval_scand_text/eval_s_scand_raw_text_dense/nwm_cdit_s_recon_raw_text_dense_0005000/scand_time.json
eval_s_scand_raw_text_dense,nwm_cdit_s_recon_raw_text_dense_0005000,S,224,Text,CDiT-S 224px Text,0005000,5000,time,dreamsim,2s,2,0.380786657333374,artifacts/summaries/eval_scand_text/eval_s_scand_raw_text_dense/nwm_cdit_s_recon_raw_text_dense_0005000/scand_time.json
eval_s_scand_raw_text_dense,nwm_cdit_s_recon_raw_text_dense_0005000,S,224,Text,CDiT-S 224px Text,0005000,5000,time,lpips,4s,4,0.4679882526397705,artifacts/summaries/eval_scand_text/eval_s_scand_raw_text_dense/nwm_cdit_s_recon_raw_text_dense_0005000/scand_time.json
eval_s_scand_raw_text_dense,nwm_cdit_s_recon_raw_text_dense_0005000,S,224,Text,CDiT-S 224px Text,0005000,5000,time,dreamsim,4s,4,0.40164661407470703,artifacts/summaries/eval_scand_text/eval_s_scand_raw_text_dense/nwm_cdit_s_recon_raw_text_dense_0005000/scand_time.json
eval_s_scand_raw_text_dense,nwm_cdit_s_recon_raw_text_dense_0005000,S,224,Text,CDiT-S 224px Text,0005000,5000,time,lpips,8s,8,0.5039516687393188,artifacts/summaries/eval_scand_text/eval_s_scand_raw_text_dense/nwm_cdit_s_recon_raw_text_dense_0005000/scand_time.json
eval_s_scand_raw_text_dense,nwm_cdit_s_recon_raw_text_dense_0005000,S,224,Text,CDiT-S 224px Text,0005000,5000,time,dreamsim,8s,8,0.4303526282310486,artifacts/summaries/eval_scand_text/eval_s_scand_raw_text_dense/nwm_cdit_s_recon_raw_text_dense_0005000/scand_time.json
eval_s_scand_raw_text_dense,nwm_cdit_s_recon_raw_text_dense_0005000,S,224,Text,CDiT-S 224px Text,0005000,5000,time,lpips,16s,16,0.5434789657592773,artifacts/summaries/eval_scand_text/eval_s_scand_raw_text_dense/nwm_cdit_s_recon_raw_text_dense_0005000/scand_time.json
eval_s_scand_raw_text_dense,nwm_cdit_s_recon_raw_text_dense_0005000,S,224,Text,CDiT-S 224px Text,0005000,5000,time,dreamsim,16s,16,0.46204498410224915,artifacts/summaries/eval_scand_text/eval_s_scand_raw_text_dense/nwm_cdit_s_recon_raw_text_dense_0005000/scand_time.json
eval_s_scand_raw_text_dense,nwm_cdit_s_recon_raw_text_dense_0005000,S,224,Text,CDiT-S 224px Text,0005000,5000,time,fid,1s,1,87.63984680175781,artifacts/summaries/eval_scand_text/eval_s_scand_raw_text_dense/nwm_cdit_s_recon_raw_text_dense_0005000/scand_time.json
eval_s_scand_raw_text_dense,nwm_cdit_s_recon_raw_text_dense_0005000,S,224,Text,CDiT-S 224px Text,0005000,5000,time,fid,2s,2,90.64506530761719,artifacts/summaries/eval_scand_text/eval_s_scand_raw_text_dense/nwm_cdit_s_recon_raw_text_dense_0005000/scand_time.json
eval_s_scand_raw_text_dense,nwm_cdit_s_recon_raw_text_dense_0005000,S,224,Text,CDiT-S 224px Text,0005000,5000,time,fid,4s,4,93.25300598144531,artifacts/summaries/eval_scand_text/eval_s_scand_raw_text_dense/nwm_cdit_s_recon_raw_text_dense_0005000/scand_time.json
eval_s_scand_raw_text_dense,nwm_cdit_s_recon_raw_text_dense_0005000,S,224,Text,CDiT-S 224px Text,0005000,5000,time,fid,8s,8,95.37464904785156,artifacts/summaries/eval_scand_text/eval_s_scand_raw_text_dense/nwm_cdit_s_recon_raw_text_dense_0005000/scand_time.json
eval_s_scand_raw_text_dense,nwm_cdit_s_recon_raw_text_dense_0005000,S,224,Text,CDiT-S 224px Text,0005000,5000,time,fid,16s,16,98.68081665039062,artifacts/summaries/eval_scand_text/eval_s_scand_raw_text_dense/nwm_cdit_s_recon_raw_text_dense_0005000/scand_time.json
eval_s_scand_raw_text_dense,nwm_cdit_s_recon_raw_text_dense_0010000,S,224,Text,CDiT-S 224px Text,0010000,10000,time,lpips,1s,1,0.4406382143497467,artifacts/summaries/eval_scand_text/eval_s_scand_raw_text_dense/nwm_cdit_s_recon_raw_text_dense_0010000/scand_time.json
eval_s_scand_raw_text_dense,nwm_cdit_s_recon_raw_text_dense_0010000,S,224,Text,CDiT-S 224px Text,0010000,10000,time,dreamsim,1s,1,0.43405812978744507,artifacts/summaries/eval_scand_text/eval_s_scand_raw_text_dense/nwm_cdit_s_recon_raw_text_dense_0010000/scand_time.json
eval_s_scand_raw_text_dense,nwm_cdit_s_recon_raw_text_dense_0010000,S,224,Text,CDiT-S 224px Text,0010000,10000,time,lpips,2s,2,0.48051130771636963,artifacts/summaries/eval_scand_text/eval_s_scand_raw_text_dense/nwm_cdit_s_recon_raw_text_dense_0010000/scand_time.json
eval_s_scand_raw_text_dense,nwm_cdit_s_recon_raw_text_dense_0010000,S,224,Text,CDiT-S 224px Text,0010000,10000,time,dreamsim,2s,2,0.4661957025527954,artifacts/summaries/eval_scand_text/eval_s_scand_raw_text_dense/nwm_cdit_s_recon_raw_text_dense_0010000/scand_time.json
eval_s_scand_raw_text_dense,nwm_cdit_s_recon_raw_text_dense_0010000,S,224,Text,CDiT-S 224px Text,0010000,10000,time,lpips,4s,4,0.5260342359542847,artifacts/summaries/eval_scand_text/eval_s_scand_raw_text_dense/nwm_cdit_s_recon_raw_text_dense_0010000/scand_time.json
eval_s_scand_raw_text_dense,nwm_cdit_s_recon_raw_text_dense_0010000,S,224,Text,CDiT-S 224px Text,0010000,10000,time,dreamsim,4s,4,0.49386996030807495,artifacts/summaries/eval_scand_text/eval_s_scand_raw_text_dense/nwm_cdit_s_recon_raw_text_dense_0010000/scand_time.json
eval_s_scand_raw_text_dense,nwm_cdit_s_recon_raw_text_dense_0010000,S,224,Text,CDiT-S 224px Text,0010000,10000,time,lpips,8s,8,0.5665521025657654,artifacts/summaries/eval_scand_text/eval_s_scand_raw_text_dense/nwm_cdit_s_recon_raw_text_dense_0010000/scand_time.json
eval_s_scand_raw_text_dense,nwm_cdit_s_recon_raw_text_dense_0010000,S,224,Text,CDiT-S 224px Text,0010000,10000,time,dreamsim,8s,8,0.5320764780044556,artifacts/summaries/eval_scand_text/eval_s_scand_raw_text_dense/nwm_cdit_s_recon_raw_text_dense_0010000/scand_time.json
eval_s_scand_raw_text_dense,nwm_cdit_s_recon_raw_text_dense_0010000,S,224,Text,CDiT-S 224px Text,0010000,10000,time,lpips,16s,16,0.6025668382644653,artifacts/summaries/eval_scand_text/eval_s_scand_raw_text_dense/nwm_cdit_s_recon_raw_text_dense_0010000/scand_time.json
eval_s_scand_raw_text_dense,nwm_cdit_s_recon_raw_text_dense_0010000,S,224,Text,CDiT-S 224px Text,0010000,10000,time,dreamsim,16s,16,0.5661030411720276,artifacts/summaries/eval_scand_text/eval_s_scand_raw_text_dense/nwm_cdit_s_recon_raw_text_dense_0010000/scand_time.json
eval_s_scand_raw_text_dense,nwm_cdit_s_recon_raw_text_dense_0010000,S,224,Text,CDiT-S 224px Text,0010000,10000,time,fid,1s,1,118.48239135742188,artifacts/summaries/eval_scand_text/eval_s_scand_raw_text_dense/nwm_cdit_s_recon_raw_text_dense_0010000/scand_time.json
eval_s_scand_raw_text_dense,nwm_cdit_s_recon_raw_text_dense_0010000,S,224,Text,CDiT-S 224px Text,0010000,10000,time,fid,2s,2,124.65130615234375,artifacts/summaries/eval_scand_text/eval_s_scand_raw_text_dense/nwm_cdit_s_recon_raw_text_dense_0010000/scand_time.json
eval_s_scand_raw_text_dense,nwm_cdit_s_recon_raw_text_dense_0010000,S,224,Text,CDiT-S 224px Text,0010000,10000,time,fid,4s,4,129.73851013183594,artifacts/summaries/eval_scand_text/eval_s_scand_raw_text_dense/nwm_cdit_s_recon_raw_text_dense_0010000/scand_time.json
eval_s_scand_raw_text_dense,nwm_cdit_s_recon_raw_text_dense_0010000,S,224,Text,CDiT-S 224px Text,0010000,10000,time,fid,8s,8,139.4515838623047,artifacts/summaries/eval_scand_text/eval_s_scand_raw_text_dense/nwm_cdit_s_recon_raw_text_dense_0010000/scand_time.json
eval_s_scand_raw_text_dense,nwm_cdit_s_recon_raw_text_dense_0010000,S,224,Text,CDiT-S 224px Text,0010000,10000,time,fid,16s,16,149.8800506591797,artifacts/summaries/eval_scand_text/eval_s_scand_raw_text_dense/nwm_cdit_s_recon_raw_text_dense_0010000/scand_time.json
eval_s_scand_raw_text_dense,nwm_cdit_s_recon_raw_text_dense_0015000,S,224,Text,CDiT-S 224px Text,0015000,15000,time,lpips,1s,1,0.4729211926460266,artifacts/summaries/eval_scand_text/eval_s_scand_raw_text_dense/nwm_cdit_s_recon_raw_text_dense_0015000/scand_time.json
eval_s_scand_raw_text_dense,nwm_cdit_s_recon_raw_text_dense_0015000,S,224,Text,CDiT-S 224px Text,0015000,15000,time,dreamsim,1s,1,0.48682278394699097,artifacts/summaries/eval_scand_text/eval_s_scand_raw_text_dense/nwm_cdit_s_recon_raw_text_dense_0015000/scand_time.json
eval_s_scand_raw_text_dense,nwm_cdit_s_recon_raw_text_dense_0015000,S,224,Text,CDiT-S 224px Text,0015000,15000,time,lpips,2s,2,0.5156378149986267,artifacts/summaries/eval_scand_text/eval_s_scand_raw_text_dense/nwm_cdit_s_recon_raw_text_dense_0015000/scand_time.json
eval_s_scand_raw_text_dense,nwm_cdit_s_recon_raw_text_dense_0015000,S,224,Text,CDiT-S 224px Text,0015000,15000,time,dreamsim,2s,2,0.5184450745582581,artifacts/summaries/eval_scand_text/eval_s_scand_raw_text_dense/nwm_cdit_s_recon_raw_text_dense_0015000/scand_time.json
eval_s_scand_raw_text_dense,nwm_cdit_s_recon_raw_text_dense_0015000,S,224,Text,CDiT-S 224px Text,0015000,15000,time,lpips,4s,4,0.5659733414649963,artifacts/summaries/eval_scand_text/eval_s_scand_raw_text_dense/nwm_cdit_s_recon_raw_text_dense_0015000/scand_time.json
eval_s_scand_raw_text_dense,nwm_cdit_s_recon_raw_text_dense_0015000,S,224,Text,CDiT-S 224px Text,0015000,15000,time,dreamsim,4s,4,0.5560636520385742,artifacts/summaries/eval_scand_text/eval_s_scand_raw_text_dense/nwm_cdit_s_recon_raw_text_dense_0015000/scand_time.json
eval_s_scand_raw_text_dense,nwm_cdit_s_recon_raw_text_dense_0015000,S,224,Text,CDiT-S 224px Text,0015000,15000,time,lpips,8s,8,0.6112008690834045,artifacts/summaries/eval_scand_text/eval_s_scand_raw_text_dense/nwm_cdit_s_recon_raw_text_dense_0015000/scand_time.json
eval_s_scand_raw_text_dense,nwm_cdit_s_recon_raw_text_dense_0015000,S,224,Text,CDiT-S 224px Text,0015000,15000,time,dreamsim,8s,8,0.5885481834411621,artifacts/summaries/eval_scand_text/eval_s_scand_raw_text_dense/nwm_cdit_s_recon_raw_text_dense_0015000/scand_time.json
eval_s_scand_raw_text_dense,nwm_cdit_s_recon_raw_text_dense_0015000,S,224,Text,CDiT-S 224px Text,0015000,15000,time,lpips,16s,16,0.638634204864502,artifacts/summaries/eval_scand_text/eval_s_scand_raw_text_dense/nwm_cdit_s_recon_raw_text_dense_0015000/scand_time.json
eval_s_scand_raw_text_dense,nwm_cdit_s_recon_raw_text_dense_0015000,S,224,Text,CDiT-S 224px Text,0015000,15000,time,dreamsim,16s,16,0.6239458322525024,artifacts/summaries/eval_scand_text/eval_s_scand_raw_text_dense/nwm_cdit_s_recon_raw_text_dense_0015000/scand_time.json
eval_s_scand_raw_text_dense,nwm_cdit_s_recon_raw_text_dense_0015000,S,224,Text,CDiT-S 224px Text,0015000,15000,time,fid,1s,1,140.3016357421875,artifacts/summaries/eval_scand_text/eval_s_scand_raw_text_dense/nwm_cdit_s_recon_raw_text_dense_0015000/scand_time.json
eval_s_scand_raw_text_dense,nwm_cdit_s_recon_raw_text_dense_0015000,S,224,Text,CDiT-S 224px Text,0015000,15000,time,fid,2s,2,148.76776123046875,artifacts/summaries/eval_scand_text/eval_s_scand_raw_text_dense/nwm_cdit_s_recon_raw_text_dense_0015000/scand_time.json
eval_s_scand_raw_text_dense,nwm_cdit_s_recon_raw_text_dense_0015000,S,224,Text,CDiT-S 224px Text,0015000,15000,time,fid,4s,4,161.58291625976562,artifacts/summaries/eval_scand_text/eval_s_scand_raw_text_dense/nwm_cdit_s_recon_raw_text_dense_0015000/scand_time.json
eval_s_scand_raw_text_dense,nwm_cdit_s_recon_raw_text_dense_0015000,S,224,Text,CDiT-S 224px Text,0015000,15000,time,fid,8s,8,169.3365936279297,artifacts/summaries/eval_scand_text/eval_s_scand_raw_text_dense/nwm_cdit_s_recon_raw_text_dense_0015000/scand_time.json
eval_s_scand_raw_text_dense,nwm_cdit_s_recon_raw_text_dense_0015000,S,224,Text,CDiT-S 224px Text,0015000,15000,time,fid,16s,16,185.26258850097656,artifacts/summaries/eval_scand_text/eval_s_scand_raw_text_dense/nwm_cdit_s_recon_raw_text_dense_0015000/scand_time.json
eval_s_scand_raw_text_dense,nwm_cdit_s_recon_raw_text_dense_0020000,S,224,Text,CDiT-S 224px Text,0020000,20000,time,lpips,1s,1,0.49450811743736267,artifacts/summaries/eval_scand_text/eval_s_scand_raw_text_dense/nwm_cdit_s_recon_raw_text_dense_0020000/scand_time.json
eval_s_scand_raw_text_dense,nwm_cdit_s_recon_raw_text_dense_0020000,S,224,Text,CDiT-S 224px Text,0020000,20000,time,dreamsim,1s,1,0.5192378163337708,artifacts/summaries/eval_scand_text/eval_s_scand_raw_text_dense/nwm_cdit_s_recon_raw_text_dense_0020000/scand_time.json
eval_s_scand_raw_text_dense,nwm_cdit_s_recon_raw_text_dense_0020000,S,224,Text,CDiT-S 224px Text,0020000,20000,time,lpips,2s,2,0.5372486710548401,artifacts/summaries/eval_scand_text/eval_s_scand_raw_text_dense/nwm_cdit_s_recon_raw_text_dense_0020000/scand_time.json
eval_s_scand_raw_text_dense,nwm_cdit_s_recon_raw_text_dense_0020000,S,224,Text,CDiT-S 224px Text,0020000,20000,time,dreamsim,2s,2,0.5479632019996643,artifacts/summaries/eval_scand_text/eval_s_scand_raw_text_dense/nwm_cdit_s_recon_raw_text_dense_0020000/scand_time.json
eval_s_scand_raw_text_dense,nwm_cdit_s_recon_raw_text_dense_0020000,S,224,Text,CDiT-S 224px Text,0020000,20000,time,lpips,4s,4,0.5826286673545837,artifacts/summaries/eval_scand_text/eval_s_scand_raw_text_dense/nwm_cdit_s_recon_raw_text_dense_0020000/scand_time.json
eval_s_scand_raw_text_dense,nwm_cdit_s_recon_raw_text_dense_0020000,S,224,Text,CDiT-S 224px Text,0020000,20000,time,dreamsim,4s,4,0.5739938616752625,artifacts/summaries/eval_scand_text/eval_s_scand_raw_text_dense/nwm_cdit_s_recon_raw_text_dense_0020000/scand_time.json
eval_s_scand_raw_text_dense,nwm_cdit_s_recon_raw_text_dense_0020000,S,224,Text,CDiT-S 224px Text,0020000,20000,time,lpips,8s,8,0.6263405680656433,artifacts/summaries/eval_scand_text/eval_s_scand_raw_text_dense/nwm_cdit_s_recon_raw_text_dense_0020000/scand_time.json
eval_s_scand_raw_text_dense,nwm_cdit_s_recon_raw_text_dense_0020000,S,224,Text,CDiT-S 224px Text,0020000,20000,time,dreamsim,8s,8,0.6072345972061157,artifacts/summaries/eval_scand_text/eval_s_scand_raw_text_dense/nwm_cdit_s_recon_raw_text_dense_0020000/scand_time.json
eval_s_scand_raw_text_dense,nwm_cdit_s_recon_raw_text_dense_0020000,S,224,Text,CDiT-S 224px Text,0020000,20000,time,lpips,16s,16,0.6524202227592468,artifacts/summaries/eval_scand_text/eval_s_scand_raw_text_dense/nwm_cdit_s_recon_raw_text_dense_0020000/scand_time.json
eval_s_scand_raw_text_dense,nwm_cdit_s_recon_raw_text_dense_0020000,S,224,Text,CDiT-S 224px Text,0020000,20000,time,dreamsim,16s,16,0.6367853283882141,artifacts/summaries/eval_scand_text/eval_s_scand_raw_text_dense/nwm_cdit_s_recon_raw_text_dense_0020000/scand_time.json
eval_s_scand_raw_text_dense,nwm_cdit_s_recon_raw_text_dense_0020000,S,224,Text,CDiT-S 224px Text,0020000,20000,time,fid,1s,1,160.02883911132812,artifacts/summaries/eval_scand_text/eval_s_scand_raw_text_dense/nwm_cdit_s_recon_raw_text_dense_0020000/scand_time.json
eval_s_scand_raw_text_dense,nwm_cdit_s_recon_raw_text_dense_0020000,S,224,Text,CDiT-S 224px Text,0020000,20000,time,fid,2s,2,169.9066162109375,artifacts/summaries/eval_scand_text/eval_s_scand_raw_text_dense/nwm_cdit_s_recon_raw_text_dense_0020000/scand_time.json
eval_s_scand_raw_text_dense,nwm_cdit_s_recon_raw_text_dense_0020000,S,224,Text,CDiT-S 224px Text,0020000,20000,time,fid,4s,4,180.57215881347656,artifacts/summaries/eval_scand_text/eval_s_scand_raw_text_dense/nwm_cdit_s_recon_raw_text_dense_0020000/scand_time.json
eval_s_scand_raw_text_dense,nwm_cdit_s_recon_raw_text_dense_0020000,S,224,Text,CDiT-S 224px Text,0020000,20000,time,fid,8s,8,190.99423217773438,artifacts/summaries/eval_scand_text/eval_s_scand_raw_text_dense/nwm_cdit_s_recon_raw_text_dense_0020000/scand_time.json
eval_s_scand_raw_text_dense,nwm_cdit_s_recon_raw_text_dense_0020000,S,224,Text,CDiT-S 224px Text,0020000,20000,time,fid,16s,16,205.94497680664062,artifacts/summaries/eval_scand_text/eval_s_scand_raw_text_dense/nwm_cdit_s_recon_raw_text_dense_0020000/scand_time.json
eval_s_scand_raw_text_dense,nwm_cdit_s_recon_raw_text_dense_0025000,S,224,Text,CDiT-S 224px Text,0025000,25000,time,lpips,1s,1,0.5130638480186462,artifacts/summaries/eval_scand_text/eval_s_scand_raw_text_dense/nwm_cdit_s_recon_raw_text_dense_0025000/scand_time.json
eval_s_scand_raw_text_dense,nwm_cdit_s_recon_raw_text_dense_0025000,S,224,Text,CDiT-S 224px Text,0025000,25000,time,dreamsim,1s,1,0.5388758182525635,artifacts/summaries/eval_scand_text/eval_s_scand_raw_text_dense/nwm_cdit_s_recon_raw_text_dense_0025000/scand_time.json
eval_s_scand_raw_text_dense,nwm_cdit_s_recon_raw_text_dense_0025000,S,224,Text,CDiT-S 224px Text,0025000,25000,time,lpips,2s,2,0.5501699447631836,artifacts/summaries/eval_scand_text/eval_s_scand_raw_text_dense/nwm_cdit_s_recon_raw_text_dense_0025000/scand_time.json
eval_s_scand_raw_text_dense,nwm_cdit_s_recon_raw_text_dense_0025000,S,224,Text,CDiT-S 224px Text,0025000,25000,time,dreamsim,2s,2,0.5631352663040161,artifacts/summaries/eval_scand_text/eval_s_scand_raw_text_dense/nwm_cdit_s_recon_raw_text_dense_0025000/scand_time.json
eval_s_scand_raw_text_dense,nwm_cdit_s_recon_raw_text_dense_0025000,S,224,Text,CDiT-S 224px Text,0025000,25000,time,lpips,4s,4,0.595643937587738,artifacts/summaries/eval_scand_text/eval_s_scand_raw_text_dense/nwm_cdit_s_recon_raw_text_dense_0025000/scand_time.json
eval_s_scand_raw_text_dense,nwm_cdit_s_recon_raw_text_dense_0025000,S,224,Text,CDiT-S 224px Text,0025000,25000,time,dreamsim,4s,4,0.589521050453186,artifacts/summaries/eval_scand_text/eval_s_scand_raw_text_dense/nwm_cdit_s_recon_raw_text_dense_0025000/scand_time.json
eval_s_scand_raw_text_dense,nwm_cdit_s_recon_raw_text_dense_0025000,S,224,Text,CDiT-S 224px Text,0025000,25000,time,lpips,8s,8,0.6356372833251953,artifacts/summaries/eval_scand_text/eval_s_scand_raw_text_dense/nwm_cdit_s_recon_raw_text_dense_0025000/scand_time.json
eval_s_scand_raw_text_dense,nwm_cdit_s_recon_raw_text_dense_0025000,S,224,Text,CDiT-S 224px Text,0025000,25000,time,dreamsim,8s,8,0.6168276071548462,artifacts/summaries/eval_scand_text/eval_s_scand_raw_text_dense/nwm_cdit_s_recon_raw_text_dense_0025000/scand_time.json
eval_s_scand_raw_text_dense,nwm_cdit_s_recon_raw_text_dense_0025000,S,224,Text,CDiT-S 224px Text,0025000,25000,time,lpips,16s,16,0.660986065864563,artifacts/summaries/eval_scand_text/eval_s_scand_raw_text_dense/nwm_cdit_s_recon_raw_text_dense_0025000/scand_time.json
eval_s_scand_raw_text_dense,nwm_cdit_s_recon_raw_text_dense_0025000,S,224,Text,CDiT-S 224px Text,0025000,25000,time,dreamsim,16s,16,0.646702766418457,artifacts/summaries/eval_scand_text/eval_s_scand_raw_text_dense/nwm_cdit_s_recon_raw_text_dense_0025000/scand_time.json
eval_s_scand_raw_text_dense,nwm_cdit_s_recon_raw_text_dense_0025000,S,224,Text,CDiT-S 224px Text,0025000,25000,time,fid,1s,1,177.88441467285156,artifacts/summaries/eval_scand_text/eval_s_scand_raw_text_dense/nwm_cdit_s_recon_raw_text_dense_0025000/scand_time.json
eval_s_scand_raw_text_dense,nwm_cdit_s_recon_raw_text_dense_0025000,S,224,Text,CDiT-S 224px Text,0025000,25000,time,fid,2s,2,185.2479248046875,artifacts/summaries/eval_scand_text/eval_s_scand_raw_text_dense/nwm_cdit_s_recon_raw_text_dense_0025000/scand_time.json
eval_s_scand_raw_text_dense,nwm_cdit_s_recon_raw_text_dense_0025000,S,224,Text,CDiT-S 224px Text,0025000,25000,time,fid,4s,4,193.27706909179688,artifacts/summaries/eval_scand_text/eval_s_scand_raw_text_dense/nwm_cdit_s_recon_raw_text_dense_0025000/scand_time.json
eval_s_scand_raw_text_dense,nwm_cdit_s_recon_raw_text_dense_0025000,S,224,Text,CDiT-S 224px Text,0025000,25000,time,fid,8s,8,207.4166717529297,artifacts/summaries/eval_scand_text/eval_s_scand_raw_text_dense/nwm_cdit_s_recon_raw_text_dense_0025000/scand_time.json
eval_s_scand_raw_text_dense,nwm_cdit_s_recon_raw_text_dense_0025000,S,224,Text,CDiT-S 224px Text,0025000,25000,time,fid,16s,16,214.39459228515625,artifacts/summaries/eval_scand_text/eval_s_scand_raw_text_dense/nwm_cdit_s_recon_raw_text_dense_0025000/scand_time.json
eval_s_scand_raw_text_dense,nwm_cdit_s_recon_raw_text_dense_0030000,S,224,Text,CDiT-S 224px Text,0030000,30000,rollout_1fps,lpips,1s,1,0.5429589152336121,artifacts/summaries/eval_scand_text/eval_s_scand_raw_text_dense/nwm_cdit_s_recon_raw_text_dense_0030000/scand_rollout_1fps.json
eval_s_scand_raw_text_dense,nwm_cdit_s_recon_raw_text_dense_0030000,S,224,Text,CDiT-S 224px Text,0030000,30000,rollout_1fps,dreamsim,1s,1,0.5761440992355347,artifacts/summaries/eval_scand_text/eval_s_scand_raw_text_dense/nwm_cdit_s_recon_raw_text_dense_0030000/scand_rollout_1fps.json
eval_s_scand_raw_text_dense,nwm_cdit_s_recon_raw_text_dense_0030000,S,224,Text,CDiT-S 224px Text,0030000,30000,rollout_1fps,lpips,2s,2,0.5941800475120544,artifacts/summaries/eval_scand_text/eval_s_scand_raw_text_dense/nwm_cdit_s_recon_raw_text_dense_0030000/scand_rollout_1fps.json
eval_s_scand_raw_text_dense,nwm_cdit_s_recon_raw_text_dense_0030000,S,224,Text,CDiT-S 224px Text,0030000,30000,rollout_1fps,dreamsim,2s,2,0.5924069285392761,artifacts/summaries/eval_scand_text/eval_s_scand_raw_text_dense/nwm_cdit_s_recon_raw_text_dense_0030000/scand_rollout_1fps.json
eval_s_scand_raw_text_dense,nwm_cdit_s_recon_raw_text_dense_0030000,S,224,Text,CDiT-S 224px Text,0030000,30000,rollout_1fps,lpips,4s,4,0.6344779133796692,artifacts/summaries/eval_scand_text/eval_s_scand_raw_text_dense/nwm_cdit_s_recon_raw_text_dense_0030000/scand_rollout_1fps.json
eval_s_scand_raw_text_dense,nwm_cdit_s_recon_raw_text_dense_0030000,S,224,Text,CDiT-S 224px Text,0030000,30000,rollout_1fps,dreamsim,4s,4,0.6099686622619629,artifacts/summaries/eval_scand_text/eval_s_scand_raw_text_dense/nwm_cdit_s_recon_raw_text_dense_0030000/scand_rollout_1fps.json
eval_s_scand_raw_text_dense,nwm_cdit_s_recon_raw_text_dense_0030000,S,224,Text,CDiT-S 224px Text,0030000,30000,rollout_1fps,lpips,8s,8,0.6728627681732178,artifacts/summaries/eval_scand_text/eval_s_scand_raw_text_dense/nwm_cdit_s_recon_raw_text_dense_0030000/scand_rollout_1fps.json
eval_s_scand_raw_text_dense,nwm_cdit_s_recon_raw_text_dense_0030000,S,224,Text,CDiT-S 224px Text,0030000,30000,rollout_1fps,dreamsim,8s,8,0.6432439088821411,artifacts/summaries/eval_scand_text/eval_s_scand_raw_text_dense/nwm_cdit_s_recon_raw_text_dense_0030000/scand_rollout_1fps.json
eval_s_scand_raw_text_dense,nwm_cdit_s_recon_raw_text_dense_0030000,S,224,Text,CDiT-S 224px Text,0030000,30000,rollout_1fps,lpips,16s,16,0.6968618631362915,artifacts/summaries/eval_scand_text/eval_s_scand_raw_text_dense/nwm_cdit_s_recon_raw_text_dense_0030000/scand_rollout_1fps.json
eval_s_scand_raw_text_dense,nwm_cdit_s_recon_raw_text_dense_0030000,S,224,Text,CDiT-S 224px Text,0030000,30000,rollout_1fps,dreamsim,16s,16,0.665237545967102,artifacts/summaries/eval_scand_text/eval_s_scand_raw_text_dense/nwm_cdit_s_recon_raw_text_dense_0030000/scand_rollout_1fps.json
eval_s_scand_raw_text_dense,nwm_cdit_s_recon_raw_text_dense_0030000,S,224,Text,CDiT-S 224px Text,0030000,30000,rollout_1fps,fid,1s,1,232.77044677734375,artifacts/summaries/eval_scand_text/eval_s_scand_raw_text_dense/nwm_cdit_s_recon_raw_text_dense_0030000/scand_rollout_1fps.json
eval_s_scand_raw_text_dense,nwm_cdit_s_recon_raw_text_dense_0030000,S,224,Text,CDiT-S 224px Text,0030000,30000,rollout_1fps,fid,2s,2,234.23275756835938,artifacts/summaries/eval_scand_text/eval_s_scand_raw_text_dense/nwm_cdit_s_recon_raw_text_dense_0030000/scand_rollout_1fps.json
eval_s_scand_raw_text_dense,nwm_cdit_s_recon_raw_text_dense_0030000,S,224,Text,CDiT-S 224px Text,0030000,30000,rollout_1fps,fid,4s,4,249.85150146484375,artifacts/summaries/eval_scand_text/eval_s_scand_raw_text_dense/nwm_cdit_s_recon_raw_text_dense_0030000/scand_rollout_1fps.json
eval_s_scand_raw_text_dense,nwm_cdit_s_recon_raw_text_dense_0030000,S,224,Text,CDiT-S 224px Text,0030000,30000,rollout_1fps,fid,8s,8,252.8563995361328,artifacts/summaries/eval_scand_text/eval_s_scand_raw_text_dense/nwm_cdit_s_recon_raw_text_dense_0030000/scand_rollout_1fps.json
eval_s_scand_raw_text_dense,nwm_cdit_s_recon_raw_text_dense_0030000,S,224,Text,CDiT-S 224px Text,0030000,30000,rollout_1fps,fid,16s,16,256.27569580078125,artifacts/summaries/eval_scand_text/eval_s_scand_raw_text_dense/nwm_cdit_s_recon_raw_text_dense_0030000/scand_rollout_1fps.json
eval_s_scand_raw_text_dense,nwm_cdit_s_recon_raw_text_dense_0030000,S,224,Text,CDiT-S 224px Text,0030000,30000,rollout_4fps,lpips,1s,1,0.5960108637809753,artifacts/summaries/eval_scand_text/eval_s_scand_raw_text_dense/nwm_cdit_s_recon_raw_text_dense_0030000/scand_rollout_4fps.json
eval_s_scand_raw_text_dense,nwm_cdit_s_recon_raw_text_dense_0030000,S,224,Text,CDiT-S 224px Text,0030000,30000,rollout_4fps,dreamsim,1s,1,0.5931277871131897,artifacts/summaries/eval_scand_text/eval_s_scand_raw_text_dense/nwm_cdit_s_recon_raw_text_dense_0030000/scand_rollout_4fps.json
eval_s_scand_raw_text_dense,nwm_cdit_s_recon_raw_text_dense_0030000,S,224,Text,CDiT-S 224px Text,0030000,30000,rollout_4fps,lpips,2s,2,0.6401233673095703,artifacts/summaries/eval_scand_text/eval_s_scand_raw_text_dense/nwm_cdit_s_recon_raw_text_dense_0030000/scand_rollout_4fps.json
eval_s_scand_raw_text_dense,nwm_cdit_s_recon_raw_text_dense_0030000,S,224,Text,CDiT-S 224px Text,0030000,30000,rollout_4fps,dreamsim,2s,2,0.6126459836959839,artifacts/summaries/eval_scand_text/eval_s_scand_raw_text_dense/nwm_cdit_s_recon_raw_text_dense_0030000/scand_rollout_4fps.json
eval_s_scand_raw_text_dense,nwm_cdit_s_recon_raw_text_dense_0030000,S,224,Text,CDiT-S 224px Text,0030000,30000,rollout_4fps,lpips,4s,4,0.6722409129142761,artifacts/summaries/eval_scand_text/eval_s_scand_raw_text_dense/nwm_cdit_s_recon_raw_text_dense_0030000/scand_rollout_4fps.json
eval_s_scand_raw_text_dense,nwm_cdit_s_recon_raw_text_dense_0030000,S,224,Text,CDiT-S 224px Text,0030000,30000,rollout_4fps,dreamsim,4s,4,0.6280845403671265,artifacts/summaries/eval_scand_text/eval_s_scand_raw_text_dense/nwm_cdit_s_recon_raw_text_dense_0030000/scand_rollout_4fps.json
eval_s_scand_raw_text_dense,nwm_cdit_s_recon_raw_text_dense_0030000,S,224,Text,CDiT-S 224px Text,0030000,30000,rollout_4fps,lpips,8s,8,0.6932715773582458,artifacts/summaries/eval_scand_text/eval_s_scand_raw_text_dense/nwm_cdit_s_recon_raw_text_dense_0030000/scand_rollout_4fps.json
eval_s_scand_raw_text_dense,nwm_cdit_s_recon_raw_text_dense_0030000,S,224,Text,CDiT-S 224px Text,0030000,30000,rollout_4fps,dreamsim,8s,8,0.655592679977417,artifacts/summaries/eval_scand_text/eval_s_scand_raw_text_dense/nwm_cdit_s_recon_raw_text_dense_0030000/scand_rollout_4fps.json
eval_s_scand_raw_text_dense,nwm_cdit_s_recon_raw_text_dense_0030000,S,224,Text,CDiT-S 224px Text,0030000,30000,rollout_4fps,lpips,16s,16,0.7140210866928101,artifacts/summaries/eval_scand_text/eval_s_scand_raw_text_dense/nwm_cdit_s_recon_raw_text_dense_0030000/scand_rollout_4fps.json
eval_s_scand_raw_text_dense,nwm_cdit_s_recon_raw_text_dense_0030000,S,224,Text,CDiT-S 224px Text,0030000,30000,rollout_4fps,dreamsim,16s,16,0.6885730028152466,artifacts/summaries/eval_scand_text/eval_s_scand_raw_text_dense/nwm_cdit_s_recon_raw_text_dense_0030000/scand_rollout_4fps.json
eval_s_scand_raw_text_dense,nwm_cdit_s_recon_raw_text_dense_0030000,S,224,Text,CDiT-S 224px Text,0030000,30000,rollout_4fps,fid,1s,1,246.26931762695312,artifacts/summaries/eval_scand_text/eval_s_scand_raw_text_dense/nwm_cdit_s_recon_raw_text_dense_0030000/scand_rollout_4fps.json
eval_s_scand_raw_text_dense,nwm_cdit_s_recon_raw_text_dense_0030000,S,224,Text,CDiT-S 224px Text,0030000,30000,rollout_4fps,fid,2s,2,239.48155212402344,artifacts/summaries/eval_scand_text/eval_s_scand_raw_text_dense/nwm_cdit_s_recon_raw_text_dense_0030000/scand_rollout_4fps.json
eval_s_scand_raw_text_dense,nwm_cdit_s_recon_raw_text_dense_0030000,S,224,Text,CDiT-S 224px Text,0030000,30000,rollout_4fps,fid,4s,4,242.81130981445312,artifacts/summaries/eval_scand_text/eval_s_scand_raw_text_dense/nwm_cdit_s_recon_raw_text_dense_0030000/scand_rollout_4fps.json
eval_s_scand_raw_text_dense,nwm_cdit_s_recon_raw_text_dense_0030000,S,224,Text,CDiT-S 224px Text,0030000,30000,rollout_4fps,fid,8s,8,244.99876403808594,artifacts/summaries/eval_scand_text/eval_s_scand_raw_text_dense/nwm_cdit_s_recon_raw_text_dense_0030000/scand_rollout_4fps.json
eval_s_scand_raw_text_dense,nwm_cdit_s_recon_raw_text_dense_0030000,S,224,Text,CDiT-S 224px Text,0030000,30000,rollout_4fps,fid,16s,16,248.29713439941406,artifacts/summaries/eval_scand_text/eval_s_scand_raw_text_dense/nwm_cdit_s_recon_raw_text_dense_0030000/scand_rollout_4fps.json
eval_s_scand_raw_text_dense,nwm_cdit_s_recon_raw_text_dense_0030000,S,224,Text,CDiT-S 224px Text,0030000,30000,time,lpips,1s,1,0.5217762589454651,artifacts/summaries/eval_scand_text/eval_s_scand_raw_text_dense/nwm_cdit_s_recon_raw_text_dense_0030000/scand_time.json
eval_s_scand_raw_text_dense,nwm_cdit_s_recon_raw_text_dense_0030000,S,224,Text,CDiT-S 224px Text,0030000,30000,time,dreamsim,1s,1,0.5486039519309998,artifacts/summaries/eval_scand_text/eval_s_scand_raw_text_dense/nwm_cdit_s_recon_raw_text_dense_0030000/scand_time.json
eval_s_scand_raw_text_dense,nwm_cdit_s_recon_raw_text_dense_0030000,S,224,Text,CDiT-S 224px Text,0030000,30000,time,lpips,2s,2,0.55992591381073,artifacts/summaries/eval_scand_text/eval_s_scand_raw_text_dense/nwm_cdit_s_recon_raw_text_dense_0030000/scand_time.json
eval_s_scand_raw_text_dense,nwm_cdit_s_recon_raw_text_dense_0030000,S,224,Text,CDiT-S 224px Text,0030000,30000,time,dreamsim,2s,2,0.5716345906257629,artifacts/summaries/eval_scand_text/eval_s_scand_raw_text_dense/nwm_cdit_s_recon_raw_text_dense_0030000/scand_time.json
eval_s_scand_raw_text_dense,nwm_cdit_s_recon_raw_text_dense_0030000,S,224,Text,CDiT-S 224px Text,0030000,30000,time,lpips,4s,4,0.6051091551780701,artifacts/summaries/eval_scand_text/eval_s_scand_raw_text_dense/nwm_cdit_s_recon_raw_text_dense_0030000/scand_time.json
eval_s_scand_raw_text_dense,nwm_cdit_s_recon_raw_text_dense_0030000,S,224,Text,CDiT-S 224px Text,0030000,30000,time,dreamsim,4s,4,0.5991388559341431,artifacts/summaries/eval_scand_text/eval_s_scand_raw_text_dense/nwm_cdit_s_recon_raw_text_dense_0030000/scand_time.json
eval_s_scand_raw_text_dense,nwm_cdit_s_recon_raw_text_dense_0030000,S,224,Text,CDiT-S 224px Text,0030000,30000,time,lpips,8s,8,0.6426191329956055,artifacts/summaries/eval_scand_text/eval_s_scand_raw_text_dense/nwm_cdit_s_recon_raw_text_dense_0030000/scand_time.json
eval_s_scand_raw_text_dense,nwm_cdit_s_recon_raw_text_dense_0030000,S,224,Text,CDiT-S 224px Text,0030000,30000,time,dreamsim,8s,8,0.6220909953117371,artifacts/summaries/eval_scand_text/eval_s_scand_raw_text_dense/nwm_cdit_s_recon_raw_text_dense_0030000/scand_time.json
eval_s_scand_raw_text_dense,nwm_cdit_s_recon_raw_text_dense_0030000,S,224,Text,CDiT-S 224px Text,0030000,30000,time,lpips,16s,16,0.6655914187431335,artifacts/summaries/eval_scand_text/eval_s_scand_raw_text_dense/nwm_cdit_s_recon_raw_text_dense_0030000/scand_time.json
eval_s_scand_raw_text_dense,nwm_cdit_s_recon_raw_text_dense_0030000,S,224,Text,CDiT-S 224px Text,0030000,30000,time,dreamsim,16s,16,0.6507300138473511,artifacts/summaries/eval_scand_text/eval_s_scand_raw_text_dense/nwm_cdit_s_recon_raw_text_dense_0030000/scand_time.json
eval_s_scand_raw_text_dense,nwm_cdit_s_recon_raw_text_dense_0030000,S,224,Text,CDiT-S 224px Text,0030000,30000,time,fid,1s,1,188.26736450195312,artifacts/summaries/eval_scand_text/eval_s_scand_raw_text_dense/nwm_cdit_s_recon_raw_text_dense_0030000/scand_time.json
eval_s_scand_raw_text_dense,nwm_cdit_s_recon_raw_text_dense_0030000,S,224,Text,CDiT-S 224px Text,0030000,30000,time,fid,2s,2,198.43673706054688,artifacts/summaries/eval_scand_text/eval_s_scand_raw_text_dense/nwm_cdit_s_recon_raw_text_dense_0030000/scand_time.json
eval_s_scand_raw_text_dense,nwm_cdit_s_recon_raw_text_dense_0030000,S,224,Text,CDiT-S 224px Text,0030000,30000,time,fid,4s,4,206.5467529296875,artifacts/summaries/eval_scand_text/eval_s_scand_raw_text_dense/nwm_cdit_s_recon_raw_text_dense_0030000/scand_time.json
eval_s_scand_raw_text_dense,nwm_cdit_s_recon_raw_text_dense_0030000,S,224,Text,CDiT-S 224px Text,0030000,30000,time,fid,8s,8,211.25860595703125,artifacts/summaries/eval_scand_text/eval_s_scand_raw_text_dense/nwm_cdit_s_recon_raw_text_dense_0030000/scand_time.json
eval_s_scand_raw_text_dense,nwm_cdit_s_recon_raw_text_dense_0030000,S,224,Text,CDiT-S 224px Text,0030000,30000,time,fid,16s,16,217.55032348632812,artifacts/summaries/eval_scand_text/eval_s_scand_raw_text_dense/nwm_cdit_s_recon_raw_text_dense_0030000/scand_time.json
eval_s_scand_raw_text_dense,nwm_cdit_s_recon_raw_text_dense_latest,S,224,Text,CDiT-S 224px Text,latest,,time,lpips,1s,1,0.5220466256141663,artifacts/summaries/eval_scand_text/eval_s_scand_raw_text_dense/nwm_cdit_s_recon_raw_text_dense_latest/scand_time.json
eval_s_scand_raw_text_dense,nwm_cdit_s_recon_raw_text_dense_latest,S,224,Text,CDiT-S 224px Text,latest,,time,dreamsim,1s,1,0.5508222579956055,artifacts/summaries/eval_scand_text/eval_s_scand_raw_text_dense/nwm_cdit_s_recon_raw_text_dense_latest/scand_time.json
eval_s_scand_raw_text_dense,nwm_cdit_s_recon_raw_text_dense_latest,S,224,Text,CDiT-S 224px Text,latest,,time,lpips,2s,2,0.562157928943634,artifacts/summaries/eval_scand_text/eval_s_scand_raw_text_dense/nwm_cdit_s_recon_raw_text_dense_latest/scand_time.json
eval_s_scand_raw_text_dense,nwm_cdit_s_recon_raw_text_dense_latest,S,224,Text,CDiT-S 224px Text,latest,,time,dreamsim,2s,2,0.5743625164031982,artifacts/summaries/eval_scand_text/eval_s_scand_raw_text_dense/nwm_cdit_s_recon_raw_text_dense_latest/scand_time.json
eval_s_scand_raw_text_dense,nwm_cdit_s_recon_raw_text_dense_latest,S,224,Text,CDiT-S 224px Text,latest,,time,lpips,4s,4,0.6046897172927856,artifacts/summaries/eval_scand_text/eval_s_scand_raw_text_dense/nwm_cdit_s_recon_raw_text_dense_latest/scand_time.json
eval_s_scand_raw_text_dense,nwm_cdit_s_recon_raw_text_dense_latest,S,224,Text,CDiT-S 224px Text,latest,,time,dreamsim,4s,4,0.5968430042266846,artifacts/summaries/eval_scand_text/eval_s_scand_raw_text_dense/nwm_cdit_s_recon_raw_text_dense_latest/scand_time.json
eval_s_scand_raw_text_dense,nwm_cdit_s_recon_raw_text_dense_latest,S,224,Text,CDiT-S 224px Text,latest,,time,lpips,8s,8,0.6421916484832764,artifacts/summaries/eval_scand_text/eval_s_scand_raw_text_dense/nwm_cdit_s_recon_raw_text_dense_latest/scand_time.json
eval_s_scand_raw_text_dense,nwm_cdit_s_recon_raw_text_dense_latest,S,224,Text,CDiT-S 224px Text,latest,,time,dreamsim,8s,8,0.6245703101158142,artifacts/summaries/eval_scand_text/eval_s_scand_raw_text_dense/nwm_cdit_s_recon_raw_text_dense_latest/scand_time.json
eval_s_scand_raw_text_dense,nwm_cdit_s_recon_raw_text_dense_latest,S,224,Text,CDiT-S 224px Text,latest,,time,lpips,16s,16,0.6613763570785522,artifacts/summaries/eval_scand_text/eval_s_scand_raw_text_dense/nwm_cdit_s_recon_raw_text_dense_latest/scand_time.json
eval_s_scand_raw_text_dense,nwm_cdit_s_recon_raw_text_dense_latest,S,224,Text,CDiT-S 224px Text,latest,,time,dreamsim,16s,16,0.6480996608734131,artifacts/summaries/eval_scand_text/eval_s_scand_raw_text_dense/nwm_cdit_s_recon_raw_text_dense_latest/scand_time.json
eval_s_scand_raw_text_dense,nwm_cdit_s_recon_raw_text_dense_latest,S,224,Text,CDiT-S 224px Text,latest,,time,fid,1s,1,190.63365173339844,artifacts/summaries/eval_scand_text/eval_s_scand_raw_text_dense/nwm_cdit_s_recon_raw_text_dense_latest/scand_time.json
eval_s_scand_raw_text_dense,nwm_cdit_s_recon_raw_text_dense_latest,S,224,Text,CDiT-S 224px Text,latest,,time,fid,2s,2,197.95089721679688,artifacts/summaries/eval_scand_text/eval_s_scand_raw_text_dense/nwm_cdit_s_recon_raw_text_dense_latest/scand_time.json
eval_s_scand_raw_text_dense,nwm_cdit_s_recon_raw_text_dense_latest,S,224,Text,CDiT-S 224px Text,latest,,time,fid,4s,4,207.76095581054688,artifacts/summaries/eval_scand_text/eval_s_scand_raw_text_dense/nwm_cdit_s_recon_raw_text_dense_latest/scand_time.json
eval_s_scand_raw_text_dense,nwm_cdit_s_recon_raw_text_dense_latest,S,224,Text,CDiT-S 224px Text,latest,,time,fid,8s,8,211.41189575195312,artifacts/summaries/eval_scand_text/eval_s_scand_raw_text_dense/nwm_cdit_s_recon_raw_text_dense_latest/scand_time.json
eval_s_scand_raw_text_dense,nwm_cdit_s_recon_raw_text_dense_latest,S,224,Text,CDiT-S 224px Text,latest,,time,fid,16s,16,221.06484985351562,artifacts/summaries/eval_scand_text/eval_s_scand_raw_text_dense/nwm_cdit_s_recon_raw_text_dense_latest/scand_time.json
