suite,run,model_size,resolution,condition,series,checkpoint,checkpoint_step,eval_type,metric,horizon,horizon_s,value,source_path
eval_b_scand_128,nwm_cdit_b_recon_128_0005000,B,128,No Text,CDiT-B 128px No Text,0005000,5000,time,lpips,1s,1,0.5995652079582214,artifacts/summaries/eval_scand/eval_b_scand_128/nwm_cdit_b_recon_128_0005000/scand_time.json
eval_b_scand_128,nwm_cdit_b_recon_128_0005000,B,128,No Text,CDiT-B 128px No Text,0005000,5000,time,dreamsim,1s,1,0.7060868740081787,artifacts/summaries/eval_scand/eval_b_scand_128/nwm_cdit_b_recon_128_0005000/scand_time.json
eval_b_scand_128,nwm_cdit_b_recon_128_0005000,B,128,No Text,CDiT-B 128px No Text,0005000,5000,time,lpips,2s,2,0.6067829728126526,artifacts/summaries/eval_scand/eval_b_scand_128/nwm_cdit_b_recon_128_0005000/scand_time.json
eval_b_scand_128,nwm_cdit_b_recon_128_0005000,B,128,No Text,CDiT-B 128px No Text,0005000,5000,time,dreamsim,2s,2,0.7134180665016174,artifacts/summaries/eval_scand/eval_b_scand_128/nwm_cdit_b_recon_128_0005000/scand_time.json
eval_b_scand_128,nwm_cdit_b_recon_128_0005000,B,128,No Text,CDiT-B 128px No Text,0005000,5000,time,lpips,4s,4,0.6073359251022339,artifacts/summaries/eval_scand/eval_b_scand_128/nwm_cdit_b_recon_128_0005000/scand_time.json
eval_b_scand_128,nwm_cdit_b_recon_128_0005000,B,128,No Text,CDiT-B 128px No Text,0005000,5000,time,dreamsim,4s,4,0.7137323617935181,artifacts/summaries/eval_scand/eval_b_scand_128/nwm_cdit_b_recon_128_0005000/scand_time.json
eval_b_scand_128,nwm_cdit_b_recon_128_0005000,B,128,No Text,CDiT-B 128px No Text,0005000,5000,time,lpips,8s,8,0.6072494387626648,artifacts/summaries/eval_scand/eval_b_scand_128/nwm_cdit_b_recon_128_0005000/scand_time.json
eval_b_scand_128,nwm_cdit_b_recon_128_0005000,B,128,No Text,CDiT-B 128px No Text,0005000,5000,time,dreamsim,8s,8,0.7184932827949524,artifacts/summaries/eval_scand/eval_b_scand_128/nwm_cdit_b_recon_128_0005000/scand_time.json
eval_b_scand_128,nwm_cdit_b_recon_128_0005000,B,128,No Text,CDiT-B 128px No Text,0005000,5000,time,lpips,16s,16,0.6089889407157898,artifacts/summaries/eval_scand/eval_b_scand_128/nwm_cdit_b_recon_128_0005000/scand_time.json
eval_b_scand_128,nwm_cdit_b_recon_128_0005000,B,128,No Text,CDiT-B 128px No Text,0005000,5000,time,dreamsim,16s,16,0.7197049260139465,artifacts/summaries/eval_scand/eval_b_scand_128/nwm_cdit_b_recon_128_0005000/scand_time.json
eval_b_scand_128,nwm_cdit_b_recon_128_0005000,B,128,No Text,CDiT-B 128px No Text,0005000,5000,time,fid,1s,1,221.38232421875,artifacts/summaries/eval_scand/eval_b_scand_128/nwm_cdit_b_recon_128_0005000/scand_time.json
eval_b_scand_128,nwm_cdit_b_recon_128_0005000,B,128,No Text,CDiT-B 128px No Text,0005000,5000,time,fid,2s,2,226.3715362548828,artifacts/summaries/eval_scand/eval_b_scand_128/nwm_cdit_b_recon_128_0005000/scand_time.json
eval_b_scand_128,nwm_cdit_b_recon_128_0005000,B,128,No Text,CDiT-B 128px No Text,0005000,5000,time,fid,4s,4,227.7435302734375,artifacts/summaries/eval_scand/eval_b_scand_128/nwm_cdit_b_recon_128_0005000/scand_time.json
eval_b_scand_128,nwm_cdit_b_recon_128_0005000,B,128,No Text,CDiT-B 128px No Text,0005000,5000,time,fid,8s,8,233.1382293701172,artifacts/summaries/eval_scand/eval_b_scand_128/nwm_cdit_b_recon_128_0005000/scand_time.json
eval_b_scand_128,nwm_cdit_b_recon_128_0005000,B,128,No Text,CDiT-B 128px No Text,0005000,5000,time,fid,16s,16,233.68008422851562,artifacts/summaries/eval_scand/eval_b_scand_128/nwm_cdit_b_recon_128_0005000/scand_time.json
eval_b_scand_128,nwm_cdit_b_recon_128_0010000,B,128,No Text,CDiT-B 128px No Text,0010000,10000,time,lpips,1s,1,0.5970186591148376,artifacts/summaries/eval_scand/eval_b_scand_128/nwm_cdit_b_recon_128_0010000/scand_time.json
eval_b_scand_128,nwm_cdit_b_recon_128_0010000,B,128,No Text,CDiT-B 128px No Text,0010000,10000,time,dreamsim,1s,1,0.6443808078765869,artifacts/summaries/eval_scand/eval_b_scand_128/nwm_cdit_b_recon_128_0010000/scand_time.json
eval_b_scand_128,nwm_cdit_b_recon_128_0010000,B,128,No Text,CDiT-B 128px No Text,0010000,10000,time,lpips,2s,2,0.6030075550079346,artifacts/summaries/eval_scand/eval_b_scand_128/nwm_cdit_b_recon_128_0010000/scand_time.json
eval_b_scand_128,nwm_cdit_b_recon_128_0010000,B,128,No Text,CDiT-B 128px No Text,0010000,10000,time,dreamsim,2s,2,0.6519517302513123,artifacts/summaries/eval_scand/eval_b_scand_128/nwm_cdit_b_recon_128_0010000/scand_time.json
eval_b_scand_128,nwm_cdit_b_recon_128_0010000,B,128,No Text,CDiT-B 128px No Text,0010000,10000,time,lpips,4s,4,0.609241783618927,artifacts/summaries/eval_scand/eval_b_scand_128/nwm_cdit_b_recon_128_0010000/scand_time.json
eval_b_scand_128,nwm_cdit_b_recon_128_0010000,B,128,No Text,CDiT-B 128px No Text,0010000,10000,time,dreamsim,4s,4,0.6549614071846008,artifacts/summaries/eval_scand/eval_b_scand_128/nwm_cdit_b_recon_128_0010000/scand_time.json
eval_b_scand_128,nwm_cdit_b_recon_128_0010000,B,128,No Text,CDiT-B 128px No Text,0010000,10000,time,lpips,8s,8,0.61822909116745,artifacts/summaries/eval_scand/eval_b_scand_128/nwm_cdit_b_recon_128_0010000/scand_time.json
eval_b_scand_128,nwm_cdit_b_recon_128_0010000,B,128,No Text,CDiT-B 128px No Text,0010000,10000,time,dreamsim,8s,8,0.6647527813911438,artifacts/summaries/eval_scand/eval_b_scand_128/nwm_cdit_b_recon_128_0010000/scand_time.json
eval_b_scand_128,nwm_cdit_b_recon_128_0010000,B,128,No Text,CDiT-B 128px No Text,0010000,10000,time,lpips,16s,16,0.6231399774551392,artifacts/summaries/eval_scand/eval_b_scand_128/nwm_cdit_b_recon_128_0010000/scand_time.json
eval_b_scand_128,nwm_cdit_b_recon_128_0010000,B,128,No Text,CDiT-B 128px No Text,0010000,10000,time,dreamsim,16s,16,0.6725325584411621,artifacts/summaries/eval_scand/eval_b_scand_128/nwm_cdit_b_recon_128_0010000/scand_time.json
eval_b_scand_128,nwm_cdit_b_recon_128_0010000,B,128,No Text,CDiT-B 128px No Text,0010000,10000,time,fid,1s,1,170.1754608154297,artifacts/summaries/eval_scand/eval_b_scand_128/nwm_cdit_b_recon_128_0010000/scand_time.json
eval_b_scand_128,nwm_cdit_b_recon_128_0010000,B,128,No Text,CDiT-B 128px No Text,0010000,10000,time,fid,2s,2,171.29263305664062,artifacts/summaries/eval_scand/eval_b_scand_128/nwm_cdit_b_recon_128_0010000/scand_time.json
eval_b_scand_128,nwm_cdit_b_recon_128_0010000,B,128,No Text,CDiT-B 128px No Text,0010000,10000,time,fid,4s,4,172.94947814941406,artifacts/summaries/eval_scand/eval_b_scand_128/nwm_cdit_b_recon_128_0010000/scand_time.json
eval_b_scand_128,nwm_cdit_b_recon_128_0010000,B,128,No Text,CDiT-B 128px No Text,0010000,10000,time,fid,8s,8,166.94931030273438,artifacts/summaries/eval_scand/eval_b_scand_128/nwm_cdit_b_recon_128_0010000/scand_time.json
eval_b_scand_128,nwm_cdit_b_recon_128_0010000,B,128,No Text,CDiT-B 128px No Text,0010000,10000,time,fid,16s,16,172.24851989746094,artifacts/summaries/eval_scand/eval_b_scand_128/nwm_cdit_b_recon_128_0010000/scand_time.json
eval_b_scand_128,nwm_cdit_b_recon_128_0015000,B,128,No Text,CDiT-B 128px No Text,0015000,15000,time,lpips,1s,1,0.557783842086792,artifacts/summaries/eval_scand/eval_b_scand_128/nwm_cdit_b_recon_128_0015000/scand_time.json
eval_b_scand_128,nwm_cdit_b_recon_128_0015000,B,128,No Text,CDiT-B 128px No Text,0015000,15000,time,dreamsim,1s,1,0.5884540677070618,artifacts/summaries/eval_scand/eval_b_scand_128/nwm_cdit_b_recon_128_0015000/scand_time.json
eval_b_scand_128,nwm_cdit_b_recon_128_0015000,B,128,No Text,CDiT-B 128px No Text,0015000,15000,time,lpips,2s,2,0.5701045393943787,artifacts/summaries/eval_scand/eval_b_scand_128/nwm_cdit_b_recon_128_0015000/scand_time.json
eval_b_scand_128,nwm_cdit_b_recon_128_0015000,B,128,No Text,CDiT-B 128px No Text,0015000,15000,time,dreamsim,2s,2,0.593557596206665,artifacts/summaries/eval_scand/eval_b_scand_128/nwm_cdit_b_recon_128_0015000/scand_time.json
eval_b_scand_128,nwm_cdit_b_recon_128_0015000,B,128,No Text,CDiT-B 128px No Text,0015000,15000,time,lpips,4s,4,0.5858935713768005,artifacts/summaries/eval_scand/eval_b_scand_128/nwm_cdit_b_recon_128_0015000/scand_time.json
eval_b_scand_128,nwm_cdit_b_recon_128_0015000,B,128,No Text,CDiT-B 128px No Text,0015000,15000,time,dreamsim,4s,4,0.6023374199867249,artifacts/summaries/eval_scand/eval_b_scand_128/nwm_cdit_b_recon_128_0015000/scand_time.json
eval_b_scand_128,nwm_cdit_b_recon_128_0015000,B,128,No Text,CDiT-B 128px No Text,0015000,15000,time,lpips,8s,8,0.6024275422096252,artifacts/summaries/eval_scand/eval_b_scand_128/nwm_cdit_b_recon_128_0015000/scand_time.json
eval_b_scand_128,nwm_cdit_b_recon_128_0015000,B,128,No Text,CDiT-B 128px No Text,0015000,15000,time,dreamsim,8s,8,0.6160701513290405,artifacts/summaries/eval_scand/eval_b_scand_128/nwm_cdit_b_recon_128_0015000/scand_time.json
eval_b_scand_128,nwm_cdit_b_recon_128_0015000,B,128,No Text,CDiT-B 128px No Text,0015000,15000,time,lpips,16s,16,0.617103636264801,artifacts/summaries/eval_scand/eval_b_scand_128/nwm_cdit_b_recon_128_0015000/scand_time.json
eval_b_scand_128,nwm_cdit_b_recon_128_0015000,B,128,No Text,CDiT-B 128px No Text,0015000,15000,time,dreamsim,16s,16,0.6346619725227356,artifacts/summaries/eval_scand/eval_b_scand_128/nwm_cdit_b_recon_128_0015000/scand_time.json
eval_b_scand_128,nwm_cdit_b_recon_128_0015000,B,128,No Text,CDiT-B 128px No Text,0015000,15000,time,fid,1s,1,159.61978149414062,artifacts/summaries/eval_scand/eval_b_scand_128/nwm_cdit_b_recon_128_0015000/scand_time.json
eval_b_scand_128,nwm_cdit_b_recon_128_0015000,B,128,No Text,CDiT-B 128px No Text,0015000,15000,time,fid,2s,2,156.5623016357422,artifacts/summaries/eval_scand/eval_b_scand_128/nwm_cdit_b_recon_128_0015000/scand_time.json
eval_b_scand_128,nwm_cdit_b_recon_128_0015000,B,128,No Text,CDiT-B 128px No Text,0015000,15000,time,fid,4s,4,161.50218200683594,artifacts/summaries/eval_scand/eval_b_scand_128/nwm_cdit_b_recon_128_0015000/scand_time.json
eval_b_scand_128,nwm_cdit_b_recon_128_0015000,B,128,No Text,CDiT-B 128px No Text,0015000,15000,time,fid,8s,8,156.95370483398438,artifacts/summaries/eval_scand/eval_b_scand_128/nwm_cdit_b_recon_128_0015000/scand_time.json
eval_b_scand_128,nwm_cdit_b_recon_128_0015000,B,128,No Text,CDiT-B 128px No Text,0015000,15000,time,fid,16s,16,161.952392578125,artifacts/summaries/eval_scand/eval_b_scand_128/nwm_cdit_b_recon_128_0015000/scand_time.json
eval_b_scand_128,nwm_cdit_b_recon_128_0020000,B,128,No Text,CDiT-B 128px No Text,0020000,20000,time,lpips,1s,1,0.5307407975196838,artifacts/summaries/eval_scand/eval_b_scand_128/nwm_cdit_b_recon_128_0020000/scand_time.json
eval_b_scand_128,nwm_cdit_b_recon_128_0020000,B,128,No Text,CDiT-B 128px No Text,0020000,20000,time,dreamsim,1s,1,0.5671656131744385,artifacts/summaries/eval_scand/eval_b_scand_128/nwm_cdit_b_recon_128_0020000/scand_time.json
eval_b_scand_128,nwm_cdit_b_recon_128_0020000,B,128,No Text,CDiT-B 128px No Text,0020000,20000,time,lpips,2s,2,0.5522552132606506,artifacts/summaries/eval_scand/eval_b_scand_128/nwm_cdit_b_recon_128_0020000/scand_time.json
eval_b_scand_128,nwm_cdit_b_recon_128_0020000,B,128,No Text,CDiT-B 128px No Text,0020000,20000,time,dreamsim,2s,2,0.5767956972122192,artifacts/summaries/eval_scand/eval_b_scand_128/nwm_cdit_b_recon_128_0020000/scand_time.json
eval_b_scand_128,nwm_cdit_b_recon_128_0020000,B,128,No Text,CDiT-B 128px No Text,0020000,20000,time,lpips,4s,4,0.5740399360656738,artifacts/summaries/eval_scand/eval_b_scand_128/nwm_cdit_b_recon_128_0020000/scand_time.json
eval_b_scand_128,nwm_cdit_b_recon_128_0020000,B,128,No Text,CDiT-B 128px No Text,0020000,20000,time,dreamsim,4s,4,0.5904194712638855,artifacts/summaries/eval_scand/eval_b_scand_128/nwm_cdit_b_recon_128_0020000/scand_time.json
eval_b_scand_128,nwm_cdit_b_recon_128_0020000,B,128,No Text,CDiT-B 128px No Text,0020000,20000,time,lpips,8s,8,0.5963537693023682,artifacts/summaries/eval_scand/eval_b_scand_128/nwm_cdit_b_recon_128_0020000/scand_time.json
eval_b_scand_128,nwm_cdit_b_recon_128_0020000,B,128,No Text,CDiT-B 128px No Text,0020000,20000,time,dreamsim,8s,8,0.6031658053398132,artifacts/summaries/eval_scand/eval_b_scand_128/nwm_cdit_b_recon_128_0020000/scand_time.json
eval_b_scand_128,nwm_cdit_b_recon_128_0020000,B,128,No Text,CDiT-B 128px No Text,0020000,20000,time,lpips,16s,16,0.6152655482292175,artifacts/summaries/eval_scand/eval_b_scand_128/nwm_cdit_b_recon_128_0020000/scand_time.json
eval_b_scand_128,nwm_cdit_b_recon_128_0020000,B,128,No Text,CDiT-B 128px No Text,0020000,20000,time,dreamsim,16s,16,0.623204231262207,artifacts/summaries/eval_scand/eval_b_scand_128/nwm_cdit_b_recon_128_0020000/scand_time.json
eval_b_scand_128,nwm_cdit_b_recon_128_0020000,B,128,No Text,CDiT-B 128px No Text,0020000,20000,time,fid,1s,1,171.64340209960938,artifacts/summaries/eval_scand/eval_b_scand_128/nwm_cdit_b_recon_128_0020000/scand_time.json
eval_b_scand_128,nwm_cdit_b_recon_128_0020000,B,128,No Text,CDiT-B 128px No Text,0020000,20000,time,fid,2s,2,173.07244873046875,artifacts/summaries/eval_scand/eval_b_scand_128/nwm_cdit_b_recon_128_0020000/scand_time.json
eval_b_scand_128,nwm_cdit_b_recon_128_0020000,B,128,No Text,CDiT-B 128px No Text,0020000,20000,time,fid,4s,4,177.1380615234375,artifacts/summaries/eval_scand/eval_b_scand_128/nwm_cdit_b_recon_128_0020000/scand_time.json
eval_b_scand_128,nwm_cdit_b_recon_128_0020000,B,128,No Text,CDiT-B 128px No Text,0020000,20000,time,fid,8s,8,175.47242736816406,artifacts/summaries/eval_scand/eval_b_scand_128/nwm_cdit_b_recon_128_0020000/scand_time.json
eval_b_scand_128,nwm_cdit_b_recon_128_0020000,B,128,No Text,CDiT-B 128px No Text,0020000,20000,time,fid,16s,16,181.2117919921875,artifacts/summaries/eval_scand/eval_b_scand_128/nwm_cdit_b_recon_128_0020000/scand_time.json
eval_b_scand_128,nwm_cdit_b_recon_128_0025000,B,128,No Text,CDiT-B 128px No Text,0025000,25000,time,lpips,1s,1,0.5183213949203491,artifacts/summaries/eval_scand/eval_b_scand_128/nwm_cdit_b_recon_128_0025000/scand_time.json
eval_b_scand_128,nwm_cdit_b_recon_128_0025000,B,128,No Text,CDiT-B 128px No Text,0025000,25000,time,dreamsim,1s,1,0.5573549866676331,artifacts/summaries/eval_scand/eval_b_scand_128/nwm_cdit_b_recon_128_0025000/scand_time.json
eval_b_scand_128,nwm_cdit_b_recon_128_0025000,B,128,No Text,CDiT-B 128px No Text,0025000,25000,time,lpips,2s,2,0.5421753525733948,artifacts/summaries/eval_scand/eval_b_scand_128/nwm_cdit_b_recon_128_0025000/scand_time.json
eval_b_scand_128,nwm_cdit_b_recon_128_0025000,B,128,No Text,CDiT-B 128px No Text,0025000,25000,time,dreamsim,2s,2,0.570116400718689,artifacts/summaries/eval_scand/eval_b_scand_128/nwm_cdit_b_recon_128_0025000/scand_time.json
eval_b_scand_128,nwm_cdit_b_recon_128_0025000,B,128,No Text,CDiT-B 128px No Text,0025000,25000,time,lpips,4s,4,0.5674883723258972,artifacts/summaries/eval_scand/eval_b_scand_128/nwm_cdit_b_recon_128_0025000/scand_time.json
eval_b_scand_128,nwm_cdit_b_recon_128_0025000,B,128,No Text,CDiT-B 128px No Text,0025000,25000,time,dreamsim,4s,4,0.5797469615936279,artifacts/summaries/eval_scand/eval_b_scand_128/nwm_cdit_b_recon_128_0025000/scand_time.json
eval_b_scand_128,nwm_cdit_b_recon_128_0025000,B,128,No Text,CDiT-B 128px No Text,0025000,25000,time,lpips,8s,8,0.5977332592010498,artifacts/summaries/eval_scand/eval_b_scand_128/nwm_cdit_b_recon_128_0025000/scand_time.json
eval_b_scand_128,nwm_cdit_b_recon_128_0025000,B,128,No Text,CDiT-B 128px No Text,0025000,25000,time,dreamsim,8s,8,0.6009427309036255,artifacts/summaries/eval_scand/eval_b_scand_128/nwm_cdit_b_recon_128_0025000/scand_time.json
eval_b_scand_128,nwm_cdit_b_recon_128_0025000,B,128,No Text,CDiT-B 128px No Text,0025000,25000,time,lpips,16s,16,0.6153981685638428,artifacts/summaries/eval_scand/eval_b_scand_128/nwm_cdit_b_recon_128_0025000/scand_time.json
eval_b_scand_128,nwm_cdit_b_recon_128_0025000,B,128,No Text,CDiT-B 128px No Text,0025000,25000,time,dreamsim,16s,16,0.6223306655883789,artifacts/summaries/eval_scand/eval_b_scand_128/nwm_cdit_b_recon_128_0025000/scand_time.json
eval_b_scand_128,nwm_cdit_b_recon_128_0025000,B,128,No Text,CDiT-B 128px No Text,0025000,25000,time,fid,1s,1,180.76394653320312,artifacts/summaries/eval_scand/eval_b_scand_128/nwm_cdit_b_recon_128_0025000/scand_time.json
eval_b_scand_128,nwm_cdit_b_recon_128_0025000,B,128,No Text,CDiT-B 128px No Text,0025000,25000,time,fid,2s,2,182.29112243652344,artifacts/summaries/eval_scand/eval_b_scand_128/nwm_cdit_b_recon_128_0025000/scand_time.json
eval_b_scand_128,nwm_cdit_b_recon_128_0025000,B,128,No Text,CDiT-B 128px No Text,0025000,25000,time,fid,4s,4,181.48695373535156,artifacts/summaries/eval_scand/eval_b_scand_128/nwm_cdit_b_recon_128_0025000/scand_time.json
eval_b_scand_128,nwm_cdit_b_recon_128_0025000,B,128,No Text,CDiT-B 128px No Text,0025000,25000,time,fid,8s,8,177.6251220703125,artifacts/summaries/eval_scand/eval_b_scand_128/nwm_cdit_b_recon_128_0025000/scand_time.json
eval_b_scand_128,nwm_cdit_b_recon_128_0025000,B,128,No Text,CDiT-B 128px No Text,0025000,25000,time,fid,16s,16,184.27610778808594,artifacts/summaries/eval_scand/eval_b_scand_128/nwm_cdit_b_recon_128_0025000/scand_time.json
eval_b_scand_128,nwm_cdit_b_recon_128_0030000,B,128,No Text,CDiT-B 128px No Text,0030000,30000,time,lpips,1s,1,0.5096279382705688,artifacts/summaries/eval_scand/eval_b_scand_128/nwm_cdit_b_recon_128_0030000/scand_time.json
eval_b_scand_128,nwm_cdit_b_recon_128_0030000,B,128,No Text,CDiT-B 128px No Text,0030000,30000,time,dreamsim,1s,1,0.5531097650527954,artifacts/summaries/eval_scand/eval_b_scand_128/nwm_cdit_b_recon_128_0030000/scand_time.json
eval_b_scand_128,nwm_cdit_b_recon_128_0030000,B,128,No Text,CDiT-B 128px No Text,0030000,30000,time,lpips,2s,2,0.5389014482498169,artifacts/summaries/eval_scand/eval_b_scand_128/nwm_cdit_b_recon_128_0030000/scand_time.json
eval_b_scand_128,nwm_cdit_b_recon_128_0030000,B,128,No Text,CDiT-B 128px No Text,0030000,30000,time,dreamsim,2s,2,0.5686637163162231,artifacts/summaries/eval_scand/eval_b_scand_128/nwm_cdit_b_recon_128_0030000/scand_time.json
eval_b_scand_128,nwm_cdit_b_recon_128_0030000,B,128,No Text,CDiT-B 128px No Text,0030000,30000,time,lpips,4s,4,0.5635442733764648,artifacts/summaries/eval_scand/eval_b_scand_128/nwm_cdit_b_recon_128_0030000/scand_time.json
eval_b_scand_128,nwm_cdit_b_recon_128_0030000,B,128,No Text,CDiT-B 128px No Text,0030000,30000,time,dreamsim,4s,4,0.579944372177124,artifacts/summaries/eval_scand/eval_b_scand_128/nwm_cdit_b_recon_128_0030000/scand_time.json
eval_b_scand_128,nwm_cdit_b_recon_128_0030000,B,128,No Text,CDiT-B 128px No Text,0030000,30000,time,lpips,8s,8,0.5941331386566162,artifacts/summaries/eval_scand/eval_b_scand_128/nwm_cdit_b_recon_128_0030000/scand_time.json
eval_b_scand_128,nwm_cdit_b_recon_128_0030000,B,128,No Text,CDiT-B 128px No Text,0030000,30000,time,dreamsim,8s,8,0.5983477830886841,artifacts/summaries/eval_scand/eval_b_scand_128/nwm_cdit_b_recon_128_0030000/scand_time.json
eval_b_scand_128,nwm_cdit_b_recon_128_0030000,B,128,No Text,CDiT-B 128px No Text,0030000,30000,time,lpips,16s,16,0.6114867329597473,artifacts/summaries/eval_scand/eval_b_scand_128/nwm_cdit_b_recon_128_0030000/scand_time.json
eval_b_scand_128,nwm_cdit_b_recon_128_0030000,B,128,No Text,CDiT-B 128px No Text,0030000,30000,time,dreamsim,16s,16,0.6172643303871155,artifacts/summaries/eval_scand/eval_b_scand_128/nwm_cdit_b_recon_128_0030000/scand_time.json
eval_b_scand_128,nwm_cdit_b_recon_128_0030000,B,128,No Text,CDiT-B 128px No Text,0030000,30000,time,fid,1s,1,184.42373657226562,artifacts/summaries/eval_scand/eval_b_scand_128/nwm_cdit_b_recon_128_0030000/scand_time.json
eval_b_scand_128,nwm_cdit_b_recon_128_0030000,B,128,No Text,CDiT-B 128px No Text,0030000,30000,time,fid,2s,2,186.64479064941406,artifacts/summaries/eval_scand/eval_b_scand_128/nwm_cdit_b_recon_128_0030000/scand_time.json
eval_b_scand_128,nwm_cdit_b_recon_128_0030000,B,128,No Text,CDiT-B 128px No Text,0030000,30000,time,fid,4s,4,184.21307373046875,artifacts/summaries/eval_scand/eval_b_scand_128/nwm_cdit_b_recon_128_0030000/scand_time.json
eval_b_scand_128,nwm_cdit_b_recon_128_0030000,B,128,No Text,CDiT-B 128px No Text,0030000,30000,time,fid,8s,8,182.709228515625,artifacts/summaries/eval_scand/eval_b_scand_128/nwm_cdit_b_recon_128_0030000/scand_time.json
eval_b_scand_128,nwm_cdit_b_recon_128_0030000,B,128,No Text,CDiT-B 128px No Text,0030000,30000,time,fid,16s,16,188.95208740234375,artifacts/summaries/eval_scand/eval_b_scand_128/nwm_cdit_b_recon_128_0030000/scand_time.json
eval_b_scand_128,nwm_cdit_b_recon_128_latest,B,128,No Text,CDiT-B 128px No Text,latest,,time,lpips,1s,1,0.5084744095802307,artifacts/summaries/eval_scand/eval_b_scand_128/nwm_cdit_b_recon_128_latest/scand_time.json
eval_b_scand_128,nwm_cdit_b_recon_128_latest,B,128,No Text,CDiT-B 128px No Text,latest,,time,dreamsim,1s,1,0.551493763923645,artifacts/summaries/eval_scand/eval_b_scand_128/nwm_cdit_b_recon_128_latest/scand_time.json
eval_b_scand_128,nwm_cdit_b_recon_128_latest,B,128,No Text,CDiT-B 128px No Text,latest,,time,lpips,2s,2,0.5343461632728577,artifacts/summaries/eval_scand/eval_b_scand_128/nwm_cdit_b_recon_128_latest/scand_time.json
eval_b_scand_128,nwm_cdit_b_recon_128_latest,B,128,No Text,CDiT-B 128px No Text,latest,,time,dreamsim,2s,2,0.5670812129974365,artifacts/summaries/eval_scand/eval_b_scand_128/nwm_cdit_b_recon_128_latest/scand_time.json
eval_b_scand_128,nwm_cdit_b_recon_128_latest,B,128,No Text,CDiT-B 128px No Text,latest,,time,lpips,4s,4,0.5626802444458008,artifacts/summaries/eval_scand/eval_b_scand_128/nwm_cdit_b_recon_128_latest/scand_time.json
eval_b_scand_128,nwm_cdit_b_recon_128_latest,B,128,No Text,CDiT-B 128px No Text,latest,,time,dreamsim,4s,4,0.5813798904418945,artifacts/summaries/eval_scand/eval_b_scand_128/nwm_cdit_b_recon_128_latest/scand_time.json
eval_b_scand_128,nwm_cdit_b_recon_128_latest,B,128,No Text,CDiT-B 128px No Text,latest,,time,lpips,8s,8,0.594854474067688,artifacts/summaries/eval_scand/eval_b_scand_128/nwm_cdit_b_recon_128_latest/scand_time.json
eval_b_scand_128,nwm_cdit_b_recon_128_latest,B,128,No Text,CDiT-B 128px No Text,latest,,time,dreamsim,8s,8,0.6026297211647034,artifacts/summaries/eval_scand/eval_b_scand_128/nwm_cdit_b_recon_128_latest/scand_time.json
eval_b_scand_128,nwm_cdit_b_recon_128_latest,B,128,No Text,CDiT-B 128px No Text,latest,,time,lpips,16s,16,0.6156455278396606,artifacts/summaries/eval_scand/eval_b_scand_128/nwm_cdit_b_recon_128_latest/scand_time.json
eval_b_scand_128,nwm_cdit_b_recon_128_latest,B,128,No Text,CDiT-B 128px No Text,latest,,time,dreamsim,16s,16,0.6203950047492981,artifacts/summaries/eval_scand/eval_b_scand_128/nwm_cdit_b_recon_128_latest/scand_time.json
eval_b_scand_128,nwm_cdit_b_recon_128_latest,B,128,No Text,CDiT-B 128px No Text,latest,,time,fid,1s,1,182.12295532226562,artifacts/summaries/eval_scand/eval_b_scand_128/nwm_cdit_b_recon_128_latest/scand_time.json
eval_b_scand_128,nwm_cdit_b_recon_128_latest,B,128,No Text,CDiT-B 128px No Text,latest,,time,fid,2s,2,182.61549377441406,artifacts/summaries/eval_scand/eval_b_scand_128/nwm_cdit_b_recon_128_latest/scand_time.json
eval_b_scand_128,nwm_cdit_b_recon_128_latest,B,128,No Text,CDiT-B 128px No Text,latest,,time,fid,4s,4,185.0007781982422,artifacts/summaries/eval_scand/eval_b_scand_128/nwm_cdit_b_recon_128_latest/scand_time.json
eval_b_scand_128,nwm_cdit_b_recon_128_latest,B,128,No Text,CDiT-B 128px No Text,latest,,time,fid,8s,8,184.92083740234375,artifacts/summaries/eval_scand/eval_b_scand_128/nwm_cdit_b_recon_128_latest/scand_time.json
eval_b_scand_128,nwm_cdit_b_recon_128_latest,B,128,No Text,CDiT-B 128px No Text,latest,,time,fid,16s,16,190.80870056152344,artifacts/summaries/eval_scand/eval_b_scand_128/nwm_cdit_b_recon_128_latest/scand_time.json
eval_b_scand_128_text_dense,nwm_cdit_b_recon_128_text_dense_0005000,B,128,Text,CDiT-B 128px Text,0005000,5000,time,lpips,1s,1,0.5595788955688477,artifacts/summaries/eval_scand/eval_b_scand_128_text_dense/nwm_cdit_b_recon_128_text_dense_0005000/scand_time.json
eval_b_scand_128_text_dense,nwm_cdit_b_recon_128_text_dense_0005000,B,128,Text,CDiT-B 128px Text,0005000,5000,time,dreamsim,1s,1,0.5839551687240601,artifacts/summaries/eval_scand/eval_b_scand_128_text_dense/nwm_cdit_b_recon_128_text_dense_0005000/scand_time.json
eval_b_scand_128_text_dense,nwm_cdit_b_recon_128_text_dense_0005000,B,128,Text,CDiT-B 128px Text,0005000,5000,time,lpips,2s,2,0.567520260810852,artifacts/summaries/eval_scand/eval_b_scand_128_text_dense/nwm_cdit_b_recon_128_text_dense_0005000/scand_time.json
eval_b_scand_128_text_dense,nwm_cdit_b_recon_128_text_dense_0005000,B,128,Text,CDiT-B 128px Text,0005000,5000,time,dreamsim,2s,2,0.5929567813873291,artifacts/summaries/eval_scand/eval_b_scand_128_text_dense/nwm_cdit_b_recon_128_text_dense_0005000/scand_time.json
eval_b_scand_128_text_dense,nwm_cdit_b_recon_128_text_dense_0005000,B,128,Text,CDiT-B 128px Text,0005000,5000,time,lpips,4s,4,0.5844981670379639,artifacts/summaries/eval_scand/eval_b_scand_128_text_dense/nwm_cdit_b_recon_128_text_dense_0005000/scand_time.json
eval_b_scand_128_text_dense,nwm_cdit_b_recon_128_text_dense_0005000,B,128,Text,CDiT-B 128px Text,0005000,5000,time,dreamsim,4s,4,0.6001749634742737,artifacts/summaries/eval_scand/eval_b_scand_128_text_dense/nwm_cdit_b_recon_128_text_dense_0005000/scand_time.json
eval_b_scand_128_text_dense,nwm_cdit_b_recon_128_text_dense_0005000,B,128,Text,CDiT-B 128px Text,0005000,5000,time,lpips,8s,8,0.6003623604774475,artifacts/summaries/eval_scand/eval_b_scand_128_text_dense/nwm_cdit_b_recon_128_text_dense_0005000/scand_time.json
eval_b_scand_128_text_dense,nwm_cdit_b_recon_128_text_dense_0005000,B,128,Text,CDiT-B 128px Text,0005000,5000,time,dreamsim,8s,8,0.616619884967804,artifacts/summaries/eval_scand/eval_b_scand_128_text_dense/nwm_cdit_b_recon_128_text_dense_0005000/scand_time.json
eval_b_scand_128_text_dense,nwm_cdit_b_recon_128_text_dense_0005000,B,128,Text,CDiT-B 128px Text,0005000,5000,time,lpips,16s,16,0.6159172654151917,artifacts/summaries/eval_scand/eval_b_scand_128_text_dense/nwm_cdit_b_recon_128_text_dense_0005000/scand_time.json
eval_b_scand_128_text_dense,nwm_cdit_b_recon_128_text_dense_0005000,B,128,Text,CDiT-B 128px Text,0005000,5000,time,dreamsim,16s,16,0.6327086687088013,artifacts/summaries/eval_scand/eval_b_scand_128_text_dense/nwm_cdit_b_recon_128_text_dense_0005000/scand_time.json
eval_b_scand_128_text_dense,nwm_cdit_b_recon_128_text_dense_0005000,B,128,Text,CDiT-B 128px Text,0005000,5000,time,fid,1s,1,156.41177368164062,artifacts/summaries/eval_scand/eval_b_scand_128_text_dense/nwm_cdit_b_recon_128_text_dense_0005000/scand_time.json
eval_b_scand_128_text_dense,nwm_cdit_b_recon_128_text_dense_0005000,B,128,Text,CDiT-B 128px Text,0005000,5000,time,fid,2s,2,159.70706176757812,artifacts/summaries/eval_scand/eval_b_scand_128_text_dense/nwm_cdit_b_recon_128_text_dense_0005000/scand_time.json
eval_b_scand_128_text_dense,nwm_cdit_b_recon_128_text_dense_0005000,B,128,Text,CDiT-B 128px Text,0005000,5000,time,fid,4s,4,161.70314025878906,artifacts/summaries/eval_scand/eval_b_scand_128_text_dense/nwm_cdit_b_recon_128_text_dense_0005000/scand_time.json
eval_b_scand_128_text_dense,nwm_cdit_b_recon_128_text_dense_0005000,B,128,Text,CDiT-B 128px Text,0005000,5000,time,fid,8s,8,160.75762939453125,artifacts/summaries/eval_scand/eval_b_scand_128_text_dense/nwm_cdit_b_recon_128_text_dense_0005000/scand_time.json
eval_b_scand_128_text_dense,nwm_cdit_b_recon_128_text_dense_0005000,B,128,Text,CDiT-B 128px Text,0005000,5000,time,fid,16s,16,163.70675659179688,artifacts/summaries/eval_scand/eval_b_scand_128_text_dense/nwm_cdit_b_recon_128_text_dense_0005000/scand_time.json
eval_b_scand_128_text_dense,nwm_cdit_b_recon_128_text_dense_0010000,B,128,Text,CDiT-B 128px Text,0010000,10000,time,lpips,1s,1,0.5302369594573975,artifacts/summaries/eval_scand/eval_b_scand_128_text_dense/nwm_cdit_b_recon_128_text_dense_0010000/scand_time.json
eval_b_scand_128_text_dense,nwm_cdit_b_recon_128_text_dense_0010000,B,128,Text,CDiT-B 128px Text,0010000,10000,time,dreamsim,1s,1,0.562031090259552,artifacts/summaries/eval_scand/eval_b_scand_128_text_dense/nwm_cdit_b_recon_128_text_dense_0010000/scand_time.json
eval_b_scand_128_text_dense,nwm_cdit_b_recon_128_text_dense_0010000,B,128,Text,CDiT-B 128px Text,0010000,10000,time,lpips,2s,2,0.5471524000167847,artifacts/summaries/eval_scand/eval_b_scand_128_text_dense/nwm_cdit_b_recon_128_text_dense_0010000/scand_time.json
eval_b_scand_128_text_dense,nwm_cdit_b_recon_128_text_dense_0010000,B,128,Text,CDiT-B 128px Text,0010000,10000,time,dreamsim,2s,2,0.5731642246246338,artifacts/summaries/eval_scand/eval_b_scand_128_text_dense/nwm_cdit_b_recon_128_text_dense_0010000/scand_time.json
eval_b_scand_128_text_dense,nwm_cdit_b_recon_128_text_dense_0010000,B,128,Text,CDiT-B 128px Text,0010000,10000,time,lpips,4s,4,0.5694938898086548,artifacts/summaries/eval_scand/eval_b_scand_128_text_dense/nwm_cdit_b_recon_128_text_dense_0010000/scand_time.json
eval_b_scand_128_text_dense,nwm_cdit_b_recon_128_text_dense_0010000,B,128,Text,CDiT-B 128px Text,0010000,10000,time,dreamsim,4s,4,0.5852786898612976,artifacts/summaries/eval_scand/eval_b_scand_128_text_dense/nwm_cdit_b_recon_128_text_dense_0010000/scand_time.json
eval_b_scand_128_text_dense,nwm_cdit_b_recon_128_text_dense_0010000,B,128,Text,CDiT-B 128px Text,0010000,10000,time,lpips,8s,8,0.5975265502929688,artifacts/summaries/eval_scand/eval_b_scand_128_text_dense/nwm_cdit_b_recon_128_text_dense_0010000/scand_time.json
eval_b_scand_128_text_dense,nwm_cdit_b_recon_128_text_dense_0010000,B,128,Text,CDiT-B 128px Text,0010000,10000,time,dreamsim,8s,8,0.6011439561843872,artifacts/summaries/eval_scand/eval_b_scand_128_text_dense/nwm_cdit_b_recon_128_text_dense_0010000/scand_time.json
eval_b_scand_128_text_dense,nwm_cdit_b_recon_128_text_dense_0010000,B,128,Text,CDiT-B 128px Text,0010000,10000,time,lpips,16s,16,0.6140843033790588,artifacts/summaries/eval_scand/eval_b_scand_128_text_dense/nwm_cdit_b_recon_128_text_dense_0010000/scand_time.json
eval_b_scand_128_text_dense,nwm_cdit_b_recon_128_text_dense_0010000,B,128,Text,CDiT-B 128px Text,0010000,10000,time,dreamsim,16s,16,0.6258520483970642,artifacts/summaries/eval_scand/eval_b_scand_128_text_dense/nwm_cdit_b_recon_128_text_dense_0010000/scand_time.json
eval_b_scand_128_text_dense,nwm_cdit_b_recon_128_text_dense_0010000,B,128,Text,CDiT-B 128px Text,0010000,10000,time,fid,1s,1,178.33743286132812,artifacts/summaries/eval_scand/eval_b_scand_128_text_dense/nwm_cdit_b_recon_128_text_dense_0010000/scand_time.json
eval_b_scand_128_text_dense,nwm_cdit_b_recon_128_text_dense_0010000,B,128,Text,CDiT-B 128px Text,0010000,10000,time,fid,2s,2,170.3341064453125,artifacts/summaries/eval_scand/eval_b_scand_128_text_dense/nwm_cdit_b_recon_128_text_dense_0010000/scand_time.json
eval_b_scand_128_text_dense,nwm_cdit_b_recon_128_text_dense_0010000,B,128,Text,CDiT-B 128px Text,0010000,10000,time,fid,4s,4,178.61727905273438,artifacts/summaries/eval_scand/eval_b_scand_128_text_dense/nwm_cdit_b_recon_128_text_dense_0010000/scand_time.json
eval_b_scand_128_text_dense,nwm_cdit_b_recon_128_text_dense_0010000,B,128,Text,CDiT-B 128px Text,0010000,10000,time,fid,8s,8,170.58302307128906,artifacts/summaries/eval_scand/eval_b_scand_128_text_dense/nwm_cdit_b_recon_128_text_dense_0010000/scand_time.json
eval_b_scand_128_text_dense,nwm_cdit_b_recon_128_text_dense_0010000,B,128,Text,CDiT-B 128px Text,0010000,10000,time,fid,16s,16,180.55580139160156,artifacts/summaries/eval_scand/eval_b_scand_128_text_dense/nwm_cdit_b_recon_128_text_dense_0010000/scand_time.json
eval_b_scand_128_text_dense,nwm_cdit_b_recon_128_text_dense_0015000,B,128,Text,CDiT-B 128px Text,0015000,15000,time,lpips,1s,1,0.5129896998405457,artifacts/summaries/eval_scand/eval_b_scand_128_text_dense/nwm_cdit_b_recon_128_text_dense_0015000/scand_time.json
eval_b_scand_128_text_dense,nwm_cdit_b_recon_128_text_dense_0015000,B,128,Text,CDiT-B 128px Text,0015000,15000,time,dreamsim,1s,1,0.5565363764762878,artifacts/summaries/eval_scand/eval_b_scand_128_text_dense/nwm_cdit_b_recon_128_text_dense_0015000/scand_time.json
eval_b_scand_128_text_dense,nwm_cdit_b_recon_128_text_dense_0015000,B,128,Text,CDiT-B 128px Text,0015000,15000,time,lpips,2s,2,0.5378698706626892,artifacts/summaries/eval_scand/eval_b_scand_128_text_dense/nwm_cdit_b_recon_128_text_dense_0015000/scand_time.json
eval_b_scand_128_text_dense,nwm_cdit_b_recon_128_text_dense_0015000,B,128,Text,CDiT-B 128px Text,0015000,15000,time,dreamsim,2s,2,0.5708209872245789,artifacts/summaries/eval_scand/eval_b_scand_128_text_dense/nwm_cdit_b_recon_128_text_dense_0015000/scand_time.json
eval_b_scand_128_text_dense,nwm_cdit_b_recon_128_text_dense_0015000,B,128,Text,CDiT-B 128px Text,0015000,15000,time,lpips,4s,4,0.5656275749206543,artifacts/summaries/eval_scand/eval_b_scand_128_text_dense/nwm_cdit_b_recon_128_text_dense_0015000/scand_time.json
eval_b_scand_128_text_dense,nwm_cdit_b_recon_128_text_dense_0015000,B,128,Text,CDiT-B 128px Text,0015000,15000,time,dreamsim,4s,4,0.5811640024185181,artifacts/summaries/eval_scand/eval_b_scand_128_text_dense/nwm_cdit_b_recon_128_text_dense_0015000/scand_time.json
eval_b_scand_128_text_dense,nwm_cdit_b_recon_128_text_dense_0015000,B,128,Text,CDiT-B 128px Text,0015000,15000,time,lpips,8s,8,0.5899723768234253,artifacts/summaries/eval_scand/eval_b_scand_128_text_dense/nwm_cdit_b_recon_128_text_dense_0015000/scand_time.json
eval_b_scand_128_text_dense,nwm_cdit_b_recon_128_text_dense_0015000,B,128,Text,CDiT-B 128px Text,0015000,15000,time,dreamsim,8s,8,0.5954905152320862,artifacts/summaries/eval_scand/eval_b_scand_128_text_dense/nwm_cdit_b_recon_128_text_dense_0015000/scand_time.json
eval_b_scand_128_text_dense,nwm_cdit_b_recon_128_text_dense_0015000,B,128,Text,CDiT-B 128px Text,0015000,15000,time,lpips,16s,16,0.6128310561180115,artifacts/summaries/eval_scand/eval_b_scand_128_text_dense/nwm_cdit_b_recon_128_text_dense_0015000/scand_time.json
eval_b_scand_128_text_dense,nwm_cdit_b_recon_128_text_dense_0015000,B,128,Text,CDiT-B 128px Text,0015000,15000,time,dreamsim,16s,16,0.6191700100898743,artifacts/summaries/eval_scand/eval_b_scand_128_text_dense/nwm_cdit_b_recon_128_text_dense_0015000/scand_time.json
eval_b_scand_128_text_dense,nwm_cdit_b_recon_128_text_dense_0015000,B,128,Text,CDiT-B 128px Text,0015000,15000,time,fid,1s,1,179.7860565185547,artifacts/summaries/eval_scand/eval_b_scand_128_text_dense/nwm_cdit_b_recon_128_text_dense_0015000/scand_time.json
eval_b_scand_128_text_dense,nwm_cdit_b_recon_128_text_dense_0015000,B,128,Text,CDiT-B 128px Text,0015000,15000,time,fid,2s,2,177.5600128173828,artifacts/summaries/eval_scand/eval_b_scand_128_text_dense/nwm_cdit_b_recon_128_text_dense_0015000/scand_time.json
eval_b_scand_128_text_dense,nwm_cdit_b_recon_128_text_dense_0015000,B,128,Text,CDiT-B 128px Text,0015000,15000,time,fid,4s,4,180.44131469726562,artifacts/summaries/eval_scand/eval_b_scand_128_text_dense/nwm_cdit_b_recon_128_text_dense_0015000/scand_time.json
eval_b_scand_128_text_dense,nwm_cdit_b_recon_128_text_dense_0015000,B,128,Text,CDiT-B 128px Text,0015000,15000,time,fid,8s,8,175.77540588378906,artifacts/summaries/eval_scand/eval_b_scand_128_text_dense/nwm_cdit_b_recon_128_text_dense_0015000/scand_time.json
eval_b_scand_128_text_dense,nwm_cdit_b_recon_128_text_dense_0015000,B,128,Text,CDiT-B 128px Text,0015000,15000,time,fid,16s,16,182.56414794921875,artifacts/summaries/eval_scand/eval_b_scand_128_text_dense/nwm_cdit_b_recon_128_text_dense_0015000/scand_time.json
eval_b_scand_128_text_dense,nwm_cdit_b_recon_128_text_dense_0020000,B,128,Text,CDiT-B 128px Text,0020000,20000,time,lpips,1s,1,0.5027217268943787,artifacts/summaries/eval_scand/eval_b_scand_128_text_dense/nwm_cdit_b_recon_128_text_dense_0020000/scand_time.json
eval_b_scand_128_text_dense,nwm_cdit_b_recon_128_text_dense_0020000,B,128,Text,CDiT-B 128px Text,0020000,20000,time,dreamsim,1s,1,0.5540809631347656,artifacts/summaries/eval_scand/eval_b_scand_128_text_dense/nwm_cdit_b_recon_128_text_dense_0020000/scand_time.json
eval_b_scand_128_text_dense,nwm_cdit_b_recon_128_text_dense_0020000,B,128,Text,CDiT-B 128px Text,0020000,20000,time,lpips,2s,2,0.5301510095596313,artifacts/summaries/eval_scand/eval_b_scand_128_text_dense/nwm_cdit_b_recon_128_text_dense_0020000/scand_time.json
eval_b_scand_128_text_dense,nwm_cdit_b_recon_128_text_dense_0020000,B,128,Text,CDiT-B 128px Text,0020000,20000,time,dreamsim,2s,2,0.5679263472557068,artifacts/summaries/eval_scand/eval_b_scand_128_text_dense/nwm_cdit_b_recon_128_text_dense_0020000/scand_time.json
eval_b_scand_128_text_dense,nwm_cdit_b_recon_128_text_dense_0020000,B,128,Text,CDiT-B 128px Text,0020000,20000,time,lpips,4s,4,0.5582608580589294,artifacts/summaries/eval_scand/eval_b_scand_128_text_dense/nwm_cdit_b_recon_128_text_dense_0020000/scand_time.json
eval_b_scand_128_text_dense,nwm_cdit_b_recon_128_text_dense_0020000,B,128,Text,CDiT-B 128px Text,0020000,20000,time,dreamsim,4s,4,0.5765406489372253,artifacts/summaries/eval_scand/eval_b_scand_128_text_dense/nwm_cdit_b_recon_128_text_dense_0020000/scand_time.json
eval_b_scand_128_text_dense,nwm_cdit_b_recon_128_text_dense_0020000,B,128,Text,CDiT-B 128px Text,0020000,20000,time,lpips,8s,8,0.5901587009429932,artifacts/summaries/eval_scand/eval_b_scand_128_text_dense/nwm_cdit_b_recon_128_text_dense_0020000/scand_time.json
eval_b_scand_128_text_dense,nwm_cdit_b_recon_128_text_dense_0020000,B,128,Text,CDiT-B 128px Text,0020000,20000,time,dreamsim,8s,8,0.5951390862464905,artifacts/summaries/eval_scand/eval_b_scand_128_text_dense/nwm_cdit_b_recon_128_text_dense_0020000/scand_time.json
eval_b_scand_128_text_dense,nwm_cdit_b_recon_128_text_dense_0020000,B,128,Text,CDiT-B 128px Text,0020000,20000,time,lpips,16s,16,0.6100794076919556,artifacts/summaries/eval_scand/eval_b_scand_128_text_dense/nwm_cdit_b_recon_128_text_dense_0020000/scand_time.json
eval_b_scand_128_text_dense,nwm_cdit_b_recon_128_text_dense_0020000,B,128,Text,CDiT-B 128px Text,0020000,20000,time,dreamsim,16s,16,0.6177017092704773,artifacts/summaries/eval_scand/eval_b_scand_128_text_dense/nwm_cdit_b_recon_128_text_dense_0020000/scand_time.json
eval_b_scand_128_text_dense,nwm_cdit_b_recon_128_text_dense_0020000,B,128,Text,CDiT-B 128px Text,0020000,20000,time,fid,1s,1,183.126953125,artifacts/summaries/eval_scand/eval_b_scand_128_text_dense/nwm_cdit_b_recon_128_text_dense_0020000/scand_time.json
eval_b_scand_128_text_dense,nwm_cdit_b_recon_128_text_dense_0020000,B,128,Text,CDiT-B 128px Text,0020000,20000,time,fid,2s,2,180.0452423095703,artifacts/summaries/eval_scand/eval_b_scand_128_text_dense/nwm_cdit_b_recon_128_text_dense_0020000/scand_time.json
eval_b_scand_128_text_dense,nwm_cdit_b_recon_128_text_dense_0020000,B,128,Text,CDiT-B 128px Text,0020000,20000,time,fid,4s,4,181.85865783691406,artifacts/summaries/eval_scand/eval_b_scand_128_text_dense/nwm_cdit_b_recon_128_text_dense_0020000/scand_time.json
eval_b_scand_128_text_dense,nwm_cdit_b_recon_128_text_dense_0020000,B,128,Text,CDiT-B 128px Text,0020000,20000,time,fid,8s,8,180.29922485351562,artifacts/summaries/eval_scand/eval_b_scand_128_text_dense/nwm_cdit_b_recon_128_text_dense_0020000/scand_time.json
eval_b_scand_128_text_dense,nwm_cdit_b_recon_128_text_dense_0020000,B,128,Text,CDiT-B 128px Text,0020000,20000,time,fid,16s,16,184.45083618164062,artifacts/summaries/eval_scand/eval_b_scand_128_text_dense/nwm_cdit_b_recon_128_text_dense_0020000/scand_time.json
eval_b_scand_128_text_dense,nwm_cdit_b_recon_128_text_dense_0025000,B,128,Text,CDiT-B 128px Text,0025000,25000,time,lpips,1s,1,0.5015475153923035,artifacts/summaries/eval_scand/eval_b_scand_128_text_dense/nwm_cdit_b_recon_128_text_dense_0025000/scand_time.json
eval_b_scand_128_text_dense,nwm_cdit_b_recon_128_text_dense_0025000,B,128,Text,CDiT-B 128px Text,0025000,25000,time,dreamsim,1s,1,0.5572519302368164,artifacts/summaries/eval_scand/eval_b_scand_128_text_dense/nwm_cdit_b_recon_128_text_dense_0025000/scand_time.json
eval_b_scand_128_text_dense,nwm_cdit_b_recon_128_text_dense_0025000,B,128,Text,CDiT-B 128px Text,0025000,25000,time,lpips,2s,2,0.5283655524253845,artifacts/summaries/eval_scand/eval_b_scand_128_text_dense/nwm_cdit_b_recon_128_text_dense_0025000/scand_time.json
eval_b_scand_128_text_dense,nwm_cdit_b_recon_128_text_dense_0025000,B,128,Text,CDiT-B 128px Text,0025000,25000,time,dreamsim,2s,2,0.566706657409668,artifacts/summaries/eval_scand/eval_b_scand_128_text_dense/nwm_cdit_b_recon_128_text_dense_0025000/scand_time.json
eval_b_scand_128_text_dense,nwm_cdit_b_recon_128_text_dense_0025000,B,128,Text,CDiT-B 128px Text,0025000,25000,time,lpips,4s,4,0.5590960383415222,artifacts/summaries/eval_scand/eval_b_scand_128_text_dense/nwm_cdit_b_recon_128_text_dense_0025000/scand_time.json
eval_b_scand_128_text_dense,nwm_cdit_b_recon_128_text_dense_0025000,B,128,Text,CDiT-B 128px Text,0025000,25000,time,dreamsim,4s,4,0.5802585482597351,artifacts/summaries/eval_scand/eval_b_scand_128_text_dense/nwm_cdit_b_recon_128_text_dense_0025000/scand_time.json
eval_b_scand_128_text_dense,nwm_cdit_b_recon_128_text_dense_0025000,B,128,Text,CDiT-B 128px Text,0025000,25000,time,lpips,8s,8,0.5885338187217712,artifacts/summaries/eval_scand/eval_b_scand_128_text_dense/nwm_cdit_b_recon_128_text_dense_0025000/scand_time.json
eval_b_scand_128_text_dense,nwm_cdit_b_recon_128_text_dense_0025000,B,128,Text,CDiT-B 128px Text,0025000,25000,time,dreamsim,8s,8,0.5954471826553345,artifacts/summaries/eval_scand/eval_b_scand_128_text_dense/nwm_cdit_b_recon_128_text_dense_0025000/scand_time.json
eval_b_scand_128_text_dense,nwm_cdit_b_recon_128_text_dense_0025000,B,128,Text,CDiT-B 128px Text,0025000,25000,time,lpips,16s,16,0.6093826293945312,artifacts/summaries/eval_scand/eval_b_scand_128_text_dense/nwm_cdit_b_recon_128_text_dense_0025000/scand_time.json
eval_b_scand_128_text_dense,nwm_cdit_b_recon_128_text_dense_0025000,B,128,Text,CDiT-B 128px Text,0025000,25000,time,dreamsim,16s,16,0.6167003512382507,artifacts/summaries/eval_scand/eval_b_scand_128_text_dense/nwm_cdit_b_recon_128_text_dense_0025000/scand_time.json
eval_b_scand_128_text_dense,nwm_cdit_b_recon_128_text_dense_0025000,B,128,Text,CDiT-B 128px Text,0025000,25000,time,fid,1s,1,180.85499572753906,artifacts/summaries/eval_scand/eval_b_scand_128_text_dense/nwm_cdit_b_recon_128_text_dense_0025000/scand_time.json
eval_b_scand_128_text_dense,nwm_cdit_b_recon_128_text_dense_0025000,B,128,Text,CDiT-B 128px Text,0025000,25000,time,fid,2s,2,185.76815795898438,artifacts/summaries/eval_scand/eval_b_scand_128_text_dense/nwm_cdit_b_recon_128_text_dense_0025000/scand_time.json
eval_b_scand_128_text_dense,nwm_cdit_b_recon_128_text_dense_0025000,B,128,Text,CDiT-B 128px Text,0025000,25000,time,fid,4s,4,181.9533233642578,artifacts/summaries/eval_scand/eval_b_scand_128_text_dense/nwm_cdit_b_recon_128_text_dense_0025000/scand_time.json
eval_b_scand_128_text_dense,nwm_cdit_b_recon_128_text_dense_0025000,B,128,Text,CDiT-B 128px Text,0025000,25000,time,fid,8s,8,186.5413818359375,artifacts/summaries/eval_scand/eval_b_scand_128_text_dense/nwm_cdit_b_recon_128_text_dense_0025000/scand_time.json
eval_b_scand_128_text_dense,nwm_cdit_b_recon_128_text_dense_0025000,B,128,Text,CDiT-B 128px Text,0025000,25000,time,fid,16s,16,187.68499755859375,artifacts/summaries/eval_scand/eval_b_scand_128_text_dense/nwm_cdit_b_recon_128_text_dense_0025000/scand_time.json
eval_b_scand_128_text_dense,nwm_cdit_b_recon_128_text_dense_0030000,B,128,Text,CDiT-B 128px Text,0030000,30000,time,lpips,1s,1,0.5031471848487854,artifacts/summaries/eval_scand/eval_b_scand_128_text_dense/nwm_cdit_b_recon_128_text_dense_0030000/scand_time.json
eval_b_scand_128_text_dense,nwm_cdit_b_recon_128_text_dense_0030000,B,128,Text,CDiT-B 128px Text,0030000,30000,time,dreamsim,1s,1,0.5556221008300781,artifacts/summaries/eval_scand/eval_b_scand_128_text_dense/nwm_cdit_b_recon_128_text_dense_0030000/scand_time.json
eval_b_scand_128_text_dense,nwm_cdit_b_recon_128_text_dense_0030000,B,128,Text,CDiT-B 128px Text,0030000,30000,time,lpips,2s,2,0.530642032623291,artifacts/summaries/eval_scand/eval_b_scand_128_text_dense/nwm_cdit_b_recon_128_text_dense_0030000/scand_time.json
eval_b_scand_128_text_dense,nwm_cdit_b_recon_128_text_dense_0030000,B,128,Text,CDiT-B 128px Text,0030000,30000,time,dreamsim,2s,2,0.5690018534660339,artifacts/summaries/eval_scand/eval_b_scand_128_text_dense/nwm_cdit_b_recon_128_text_dense_0030000/scand_time.json
eval_b_scand_128_text_dense,nwm_cdit_b_recon_128_text_dense_0030000,B,128,Text,CDiT-B 128px Text,0030000,30000,time,lpips,4s,4,0.5594466328620911,artifacts/summaries/eval_scand/eval_b_scand_128_text_dense/nwm_cdit_b_recon_128_text_dense_0030000/scand_time.json
eval_b_scand_128_text_dense,nwm_cdit_b_recon_128_text_dense_0030000,B,128,Text,CDiT-B 128px Text,0030000,30000,time,dreamsim,4s,4,0.5792605876922607,artifacts/summaries/eval_scand/eval_b_scand_128_text_dense/nwm_cdit_b_recon_128_text_dense_0030000/scand_time.json
eval_b_scand_128_text_dense,nwm_cdit_b_recon_128_text_dense_0030000,B,128,Text,CDiT-B 128px Text,0030000,30000,time,lpips,8s,8,0.5858141779899597,artifacts/summaries/eval_scand/eval_b_scand_128_text_dense/nwm_cdit_b_recon_128_text_dense_0030000/scand_time.json
eval_b_scand_128_text_dense,nwm_cdit_b_recon_128_text_dense_0030000,B,128,Text,CDiT-B 128px Text,0030000,30000,time,dreamsim,8s,8,0.5947713851928711,artifacts/summaries/eval_scand/eval_b_scand_128_text_dense/nwm_cdit_b_recon_128_text_dense_0030000/scand_time.json
eval_b_scand_128_text_dense,nwm_cdit_b_recon_128_text_dense_0030000,B,128,Text,CDiT-B 128px Text,0030000,30000,time,lpips,16s,16,0.6111547946929932,artifacts/summaries/eval_scand/eval_b_scand_128_text_dense/nwm_cdit_b_recon_128_text_dense_0030000/scand_time.json
eval_b_scand_128_text_dense,nwm_cdit_b_recon_128_text_dense_0030000,B,128,Text,CDiT-B 128px Text,0030000,30000,time,dreamsim,16s,16,0.6174684166908264,artifacts/summaries/eval_scand/eval_b_scand_128_text_dense/nwm_cdit_b_recon_128_text_dense_0030000/scand_time.json
eval_b_scand_128_text_dense,nwm_cdit_b_recon_128_text_dense_0030000,B,128,Text,CDiT-B 128px Text,0030000,30000,time,fid,1s,1,186.64695739746094,artifacts/summaries/eval_scand/eval_b_scand_128_text_dense/nwm_cdit_b_recon_128_text_dense_0030000/scand_time.json
eval_b_scand_128_text_dense,nwm_cdit_b_recon_128_text_dense_0030000,B,128,Text,CDiT-B 128px Text,0030000,30000,time,fid,2s,2,184.8778533935547,artifacts/summaries/eval_scand/eval_b_scand_128_text_dense/nwm_cdit_b_recon_128_text_dense_0030000/scand_time.json
eval_b_scand_128_text_dense,nwm_cdit_b_recon_128_text_dense_0030000,B,128,Text,CDiT-B 128px Text,0030000,30000,time,fid,4s,4,185.52093505859375,artifacts/summaries/eval_scand/eval_b_scand_128_text_dense/nwm_cdit_b_recon_128_text_dense_0030000/scand_time.json
eval_b_scand_128_text_dense,nwm_cdit_b_recon_128_text_dense_0030000,B,128,Text,CDiT-B 128px Text,0030000,30000,time,fid,8s,8,185.3641357421875,artifacts/summaries/eval_scand/eval_b_scand_128_text_dense/nwm_cdit_b_recon_128_text_dense_0030000/scand_time.json
eval_b_scand_128_text_dense,nwm_cdit_b_recon_128_text_dense_0030000,B,128,Text,CDiT-B 128px Text,0030000,30000,time,fid,16s,16,193.01771545410156,artifacts/summaries/eval_scand/eval_b_scand_128_text_dense/nwm_cdit_b_recon_128_text_dense_0030000/scand_time.json
eval_b_scand_128_text_dense,nwm_cdit_b_recon_128_text_dense_latest,B,128,Text,CDiT-B 128px Text,latest,,time,lpips,1s,1,0.5020561814308167,artifacts/summaries/eval_scand/eval_b_scand_128_text_dense/nwm_cdit_b_recon_128_text_dense_latest/scand_time.json
eval_b_scand_128_text_dense,nwm_cdit_b_recon_128_text_dense_latest,B,128,Text,CDiT-B 128px Text,latest,,time,dreamsim,1s,1,0.557036280632019,artifacts/summaries/eval_scand/eval_b_scand_128_text_dense/nwm_cdit_b_recon_128_text_dense_latest/scand_time.json
eval_b_scand_128_text_dense,nwm_cdit_b_recon_128_text_dense_latest,B,128,Text,CDiT-B 128px Text,latest,,time,lpips,2s,2,0.5285987257957458,artifacts/summaries/eval_scand/eval_b_scand_128_text_dense/nwm_cdit_b_recon_128_text_dense_latest/scand_time.json
eval_b_scand_128_text_dense,nwm_cdit_b_recon_128_text_dense_latest,B,128,Text,CDiT-B 128px Text,latest,,time,dreamsim,2s,2,0.5689743161201477,artifacts/summaries/eval_scand/eval_b_scand_128_text_dense/nwm_cdit_b_recon_128_text_dense_latest/scand_time.json
eval_b_scand_128_text_dense,nwm_cdit_b_recon_128_text_dense_latest,B,128,Text,CDiT-B 128px Text,latest,,time,lpips,4s,4,0.5586942434310913,artifacts/summaries/eval_scand/eval_b_scand_128_text_dense/nwm_cdit_b_recon_128_text_dense_latest/scand_time.json
eval_b_scand_128_text_dense,nwm_cdit_b_recon_128_text_dense_latest,B,128,Text,CDiT-B 128px Text,latest,,time,dreamsim,4s,4,0.5807369351387024,artifacts/summaries/eval_scand/eval_b_scand_128_text_dense/nwm_cdit_b_recon_128_text_dense_latest/scand_time.json
eval_b_scand_128_text_dense,nwm_cdit_b_recon_128_text_dense_latest,B,128,Text,CDiT-B 128px Text,latest,,time,lpips,8s,8,0.5871474742889404,artifacts/summaries/eval_scand/eval_b_scand_128_text_dense/nwm_cdit_b_recon_128_text_dense_latest/scand_time.json
eval_b_scand_128_text_dense,nwm_cdit_b_recon_128_text_dense_latest,B,128,Text,CDiT-B 128px Text,latest,,time,dreamsim,8s,8,0.5967496037483215,artifacts/summaries/eval_scand/eval_b_scand_128_text_dense/nwm_cdit_b_recon_128_text_dense_latest/scand_time.json
eval_b_scand_128_text_dense,nwm_cdit_b_recon_128_text_dense_latest,B,128,Text,CDiT-B 128px Text,latest,,time,lpips,16s,16,0.6152166128158569,artifacts/summaries/eval_scand/eval_b_scand_128_text_dense/nwm_cdit_b_recon_128_text_dense_latest/scand_time.json
eval_b_scand_128_text_dense,nwm_cdit_b_recon_128_text_dense_latest,B,128,Text,CDiT-B 128px Text,latest,,time,dreamsim,16s,16,0.6207382082939148,artifacts/summaries/eval_scand/eval_b_scand_128_text_dense/nwm_cdit_b_recon_128_text_dense_latest/scand_time.json
eval_b_scand_128_text_dense,nwm_cdit_b_recon_128_text_dense_latest,B,128,Text,CDiT-B 128px Text,latest,,time,fid,1s,1,188.15341186523438,artifacts/summaries/eval_scand/eval_b_scand_128_text_dense/nwm_cdit_b_recon_128_text_dense_latest/scand_time.json
eval_b_scand_128_text_dense,nwm_cdit_b_recon_128_text_dense_latest,B,128,Text,CDiT-B 128px Text,latest,,time,fid,2s,2,189.43450927734375,artifacts/summaries/eval_scand/eval_b_scand_128_text_dense/nwm_cdit_b_recon_128_text_dense_latest/scand_time.json
eval_b_scand_128_text_dense,nwm_cdit_b_recon_128_text_dense_latest,B,128,Text,CDiT-B 128px Text,latest,,time,fid,4s,4,188.3060302734375,artifacts/summaries/eval_scand/eval_b_scand_128_text_dense/nwm_cdit_b_recon_128_text_dense_latest/scand_time.json
eval_b_scand_128_text_dense,nwm_cdit_b_recon_128_text_dense_latest,B,128,Text,CDiT-B 128px Text,latest,,time,fid,8s,8,182.531494140625,artifacts/summaries/eval_scand/eval_b_scand_128_text_dense/nwm_cdit_b_recon_128_text_dense_latest/scand_time.json
eval_b_scand_128_text_dense,nwm_cdit_b_recon_128_text_dense_latest,B,128,Text,CDiT-B 128px Text,latest,,time,fid,16s,16,186.54852294921875,artifacts/summaries/eval_scand/eval_b_scand_128_text_dense/nwm_cdit_b_recon_128_text_dense_latest/scand_time.json
eval_b_scand_raw_text_dense,nwm_cdit_b_recon_raw_text_dense_0005000,B,224,Text,CDiT-B 224px Text,0005000,5000,time,lpips,1s,1,0.3710714876651764,artifacts/summaries/eval_scand/eval_b_scand_raw_text_dense/nwm_cdit_b_recon_raw_text_dense_0005000/scand_time.json
eval_b_scand_raw_text_dense,nwm_cdit_b_recon_raw_text_dense_0005000,B,224,Text,CDiT-B 224px Text,0005000,5000,time,dreamsim,1s,1,0.2991906702518463,artifacts/summaries/eval_scand/eval_b_scand_raw_text_dense/nwm_cdit_b_recon_raw_text_dense_0005000/scand_time.json
eval_b_scand_raw_text_dense,nwm_cdit_b_recon_raw_text_dense_0005000,B,224,Text,CDiT-B 224px Text,0005000,5000,time,lpips,2s,2,0.40356412529945374,artifacts/summaries/eval_scand/eval_b_scand_raw_text_dense/nwm_cdit_b_recon_raw_text_dense_0005000/scand_time.json
eval_b_scand_raw_text_dense,nwm_cdit_b_recon_raw_text_dense_0005000,B,224,Text,CDiT-B 224px Text,0005000,5000,time,dreamsim,2s,2,0.3233517110347748,artifacts/summaries/eval_scand/eval_b_scand_raw_text_dense/nwm_cdit_b_recon_raw_text_dense_0005000/scand_time.json
eval_b_scand_raw_text_dense,nwm_cdit_b_recon_raw_text_dense_0005000,B,224,Text,CDiT-B 224px Text,0005000,5000,time,lpips,4s,4,0.43588292598724365,artifacts/summaries/eval_scand/eval_b_scand_raw_text_dense/nwm_cdit_b_recon_raw_text_dense_0005000/scand_time.json
eval_b_scand_raw_text_dense,nwm_cdit_b_recon_raw_text_dense_0005000,B,224,Text,CDiT-B 224px Text,0005000,5000,time,dreamsim,4s,4,0.3393125534057617,artifacts/summaries/eval_scand/eval_b_scand_raw_text_dense/nwm_cdit_b_recon_raw_text_dense_0005000/scand_time.json
eval_b_scand_raw_text_dense,nwm_cdit_b_recon_raw_text_dense_0005000,B,224,Text,CDiT-B 224px Text,0005000,5000,time,lpips,8s,8,0.4637846350669861,artifacts/summaries/eval_scand/eval_b_scand_raw_text_dense/nwm_cdit_b_recon_raw_text_dense_0005000/scand_time.json
eval_b_scand_raw_text_dense,nwm_cdit_b_recon_raw_text_dense_0005000,B,224,Text,CDiT-B 224px Text,0005000,5000,time,dreamsim,8s,8,0.3605451285839081,artifacts/summaries/eval_scand/eval_b_scand_raw_text_dense/nwm_cdit_b_recon_raw_text_dense_0005000/scand_time.json
eval_b_scand_raw_text_dense,nwm_cdit_b_recon_raw_text_dense_0005000,B,224,Text,CDiT-B 224px Text,0005000,5000,time,lpips,16s,16,0.5039317607879639,artifacts/summaries/eval_scand/eval_b_scand_raw_text_dense/nwm_cdit_b_recon_raw_text_dense_0005000/scand_time.json
eval_b_scand_raw_text_dense,nwm_cdit_b_recon_raw_text_dense_0005000,B,224,Text,CDiT-B 224px Text,0005000,5000,time,dreamsim,16s,16,0.3919568657875061,artifacts/summaries/eval_scand/eval_b_scand_raw_text_dense/nwm_cdit_b_recon_raw_text_dense_0005000/scand_time.json
eval_b_scand_raw_text_dense,nwm_cdit_b_recon_raw_text_dense_0005000,B,224,Text,CDiT-B 224px Text,0005000,5000,time,fid,1s,1,61.69744873046875,artifacts/summaries/eval_scand/eval_b_scand_raw_text_dense/nwm_cdit_b_recon_raw_text_dense_0005000/scand_time.json
eval_b_scand_raw_text_dense,nwm_cdit_b_recon_raw_text_dense_0005000,B,224,Text,CDiT-B 224px Text,0005000,5000,time,fid,2s,2,63.73951721191406,artifacts/summaries/eval_scand/eval_b_scand_raw_text_dense/nwm_cdit_b_recon_raw_text_dense_0005000/scand_time.json
eval_b_scand_raw_text_dense,nwm_cdit_b_recon_raw_text_dense_0005000,B,224,Text,CDiT-B 224px Text,0005000,5000,time,fid,4s,4,66.26756286621094,artifacts/summaries/eval_scand/eval_b_scand_raw_text_dense/nwm_cdit_b_recon_raw_text_dense_0005000/scand_time.json
eval_b_scand_raw_text_dense,nwm_cdit_b_recon_raw_text_dense_0005000,B,224,Text,CDiT-B 224px Text,0005000,5000,time,fid,8s,8,67.899658203125,artifacts/summaries/eval_scand/eval_b_scand_raw_text_dense/nwm_cdit_b_recon_raw_text_dense_0005000/scand_time.json
eval_b_scand_raw_text_dense,nwm_cdit_b_recon_raw_text_dense_0005000,B,224,Text,CDiT-B 224px Text,0005000,5000,time,fid,16s,16,72.10466003417969,artifacts/summaries/eval_scand/eval_b_scand_raw_text_dense/nwm_cdit_b_recon_raw_text_dense_0005000/scand_time.json
eval_b_scand_raw_text_dense,nwm_cdit_b_recon_raw_text_dense_0010000,B,224,Text,CDiT-B 224px Text,0010000,10000,time,lpips,1s,1,0.43992042541503906,artifacts/summaries/eval_scand/eval_b_scand_raw_text_dense/nwm_cdit_b_recon_raw_text_dense_0010000/scand_time.json
eval_b_scand_raw_text_dense,nwm_cdit_b_recon_raw_text_dense_0010000,B,224,Text,CDiT-B 224px Text,0010000,10000,time,dreamsim,1s,1,0.4113609790802002,artifacts/summaries/eval_scand/eval_b_scand_raw_text_dense/nwm_cdit_b_recon_raw_text_dense_0010000/scand_time.json
eval_b_scand_raw_text_dense,nwm_cdit_b_recon_raw_text_dense_0010000,B,224,Text,CDiT-B 224px Text,0010000,10000,time,lpips,2s,2,0.48268163204193115,artifacts/summaries/eval_scand/eval_b_scand_raw_text_dense/nwm_cdit_b_recon_raw_text_dense_0010000/scand_time.json
eval_b_scand_raw_text_dense,nwm_cdit_b_recon_raw_text_dense_0010000,B,224,Text,CDiT-B 224px Text,0010000,10000,time,dreamsim,2s,2,0.44486257433891296,artifacts/summaries/eval_scand/eval_b_scand_raw_text_dense/nwm_cdit_b_recon_raw_text_dense_0010000/scand_time.json
eval_b_scand_raw_text_dense,nwm_cdit_b_recon_raw_text_dense_0010000,B,224,Text,CDiT-B 224px Text,0010000,10000,time,lpips,4s,4,0.5201958417892456,artifacts/summaries/eval_scand/eval_b_scand_raw_text_dense/nwm_cdit_b_recon_raw_text_dense_0010000/scand_time.json
eval_b_scand_raw_text_dense,nwm_cdit_b_recon_raw_text_dense_0010000,B,224,Text,CDiT-B 224px Text,0010000,10000,time,dreamsim,4s,4,0.469165563583374,artifacts/summaries/eval_scand/eval_b_scand_raw_text_dense/nwm_cdit_b_recon_raw_text_dense_0010000/scand_time.json
eval_b_scand_raw_text_dense,nwm_cdit_b_recon_raw_text_dense_0010000,B,224,Text,CDiT-B 224px Text,0010000,10000,time,lpips,8s,8,0.5578259229660034,artifacts/summaries/eval_scand/eval_b_scand_raw_text_dense/nwm_cdit_b_recon_raw_text_dense_0010000/scand_time.json
eval_b_scand_raw_text_dense,nwm_cdit_b_recon_raw_text_dense_0010000,B,224,Text,CDiT-B 224px Text,0010000,10000,time,dreamsim,8s,8,0.49856966733932495,artifacts/summaries/eval_scand/eval_b_scand_raw_text_dense/nwm_cdit_b_recon_raw_text_dense_0010000/scand_time.json
eval_b_scand_raw_text_dense,nwm_cdit_b_recon_raw_text_dense_0010000,B,224,Text,CDiT-B 224px Text,0010000,10000,time,lpips,16s,16,0.5966581702232361,artifacts/summaries/eval_scand/eval_b_scand_raw_text_dense/nwm_cdit_b_recon_raw_text_dense_0010000/scand_time.json
eval_b_scand_raw_text_dense,nwm_cdit_b_recon_raw_text_dense_0010000,B,224,Text,CDiT-B 224px Text,0010000,10000,time,dreamsim,16s,16,0.5419022440910339,artifacts/summaries/eval_scand/eval_b_scand_raw_text_dense/nwm_cdit_b_recon_raw_text_dense_0010000/scand_time.json
eval_b_scand_raw_text_dense,nwm_cdit_b_recon_raw_text_dense_0010000,B,224,Text,CDiT-B 224px Text,0010000,10000,time,fid,1s,1,95.97605895996094,artifacts/summaries/eval_scand/eval_b_scand_raw_text_dense/nwm_cdit_b_recon_raw_text_dense_0010000/scand_time.json
eval_b_scand_raw_text_dense,nwm_cdit_b_recon_raw_text_dense_0010000,B,224,Text,CDiT-B 224px Text,0010000,10000,time,fid,2s,2,102.02018737792969,artifacts/summaries/eval_scand/eval_b_scand_raw_text_dense/nwm_cdit_b_recon_raw_text_dense_0010000/scand_time.json
eval_b_scand_raw_text_dense,nwm_cdit_b_recon_raw_text_dense_0010000,B,224,Text,CDiT-B 224px Text,0010000,10000,time,fid,4s,4,106.95918273925781,artifacts/summaries/eval_scand/eval_b_scand_raw_text_dense/nwm_cdit_b_recon_raw_text_dense_0010000/scand_time.json
eval_b_scand_raw_text_dense,nwm_cdit_b_recon_raw_text_dense_0010000,B,224,Text,CDiT-B 224px Text,0010000,10000,time,fid,8s,8,113.31358337402344,artifacts/summaries/eval_scand/eval_b_scand_raw_text_dense/nwm_cdit_b_recon_raw_text_dense_0010000/scand_time.json
eval_b_scand_raw_text_dense,nwm_cdit_b_recon_raw_text_dense_0010000,B,224,Text,CDiT-B 224px Text,0010000,10000,time,fid,16s,16,125.26837158203125,artifacts/summaries/eval_scand/eval_b_scand_raw_text_dense/nwm_cdit_b_recon_raw_text_dense_0010000/scand_time.json
eval_b_scand_raw_text_dense,nwm_cdit_b_recon_raw_text_dense_0015000,B,224,Text,CDiT-B 224px Text,0015000,15000,time,lpips,1s,1,0.494698703289032,artifacts/summaries/eval_scand/eval_b_scand_raw_text_dense/nwm_cdit_b_recon_raw_text_dense_0015000/scand_time.json
eval_b_scand_raw_text_dense,nwm_cdit_b_recon_raw_text_dense_0015000,B,224,Text,CDiT-B 224px Text,0015000,15000,time,dreamsim,1s,1,0.4966108202934265,artifacts/summaries/eval_scand/eval_b_scand_raw_text_dense/nwm_cdit_b_recon_raw_text_dense_0015000/scand_time.json
eval_b_scand_raw_text_dense,nwm_cdit_b_recon_raw_text_dense_0015000,B,224,Text,CDiT-B 224px Text,0015000,15000,time,lpips,2s,2,0.5402473211288452,artifacts/summaries/eval_scand/eval_b_scand_raw_text_dense/nwm_cdit_b_recon_raw_text_dense_0015000/scand_time.json
eval_b_scand_raw_text_dense,nwm_cdit_b_recon_raw_text_dense_0015000,B,224,Text,CDiT-B 224px Text,0015000,15000,time,dreamsim,2s,2,0.5263974070549011,artifacts/summaries/eval_scand/eval_b_scand_raw_text_dense/nwm_cdit_b_recon_raw_text_dense_0015000/scand_time.json
eval_b_scand_raw_text_dense,nwm_cdit_b_recon_raw_text_dense_0015000,B,224,Text,CDiT-B 224px Text,0015000,15000,time,lpips,4s,4,0.5803819894790649,artifacts/summaries/eval_scand/eval_b_scand_raw_text_dense/nwm_cdit_b_recon_raw_text_dense_0015000/scand_time.json
eval_b_scand_raw_text_dense,nwm_cdit_b_recon_raw_text_dense_0015000,B,224,Text,CDiT-B 224px Text,0015000,15000,time,dreamsim,4s,4,0.5499827265739441,artifacts/summaries/eval_scand/eval_b_scand_raw_text_dense/nwm_cdit_b_recon_raw_text_dense_0015000/scand_time.json
eval_b_scand_raw_text_dense,nwm_cdit_b_recon_raw_text_dense_0015000,B,224,Text,CDiT-B 224px Text,0015000,15000,time,lpips,8s,8,0.6187593340873718,artifacts/summaries/eval_scand/eval_b_scand_raw_text_dense/nwm_cdit_b_recon_raw_text_dense_0015000/scand_time.json
eval_b_scand_raw_text_dense,nwm_cdit_b_recon_raw_text_dense_0015000,B,224,Text,CDiT-B 224px Text,0015000,15000,time,dreamsim,8s,8,0.5757309198379517,artifacts/summaries/eval_scand/eval_b_scand_raw_text_dense/nwm_cdit_b_recon_raw_text_dense_0015000/scand_time.json
eval_b_scand_raw_text_dense,nwm_cdit_b_recon_raw_text_dense_0015000,B,224,Text,CDiT-B 224px Text,0015000,15000,time,lpips,16s,16,0.6465943455696106,artifacts/summaries/eval_scand/eval_b_scand_raw_text_dense/nwm_cdit_b_recon_raw_text_dense_0015000/scand_time.json
eval_b_scand_raw_text_dense,nwm_cdit_b_recon_raw_text_dense_0015000,B,224,Text,CDiT-B 224px Text,0015000,15000,time,dreamsim,16s,16,0.610059380531311,artifacts/summaries/eval_scand/eval_b_scand_raw_text_dense/nwm_cdit_b_recon_raw_text_dense_0015000/scand_time.json
eval_b_scand_raw_text_dense,nwm_cdit_b_recon_raw_text_dense_0015000,B,224,Text,CDiT-B 224px Text,0015000,15000,time,fid,1s,1,128.20828247070312,artifacts/summaries/eval_scand/eval_b_scand_raw_text_dense/nwm_cdit_b_recon_raw_text_dense_0015000/scand_time.json
eval_b_scand_raw_text_dense,nwm_cdit_b_recon_raw_text_dense_0015000,B,224,Text,CDiT-B 224px Text,0015000,15000,time,fid,2s,2,132.1491241455078,artifacts/summaries/eval_scand/eval_b_scand_raw_text_dense/nwm_cdit_b_recon_raw_text_dense_0015000/scand_time.json
eval_b_scand_raw_text_dense,nwm_cdit_b_recon_raw_text_dense_0015000,B,224,Text,CDiT-B 224px Text,0015000,15000,time,fid,4s,4,142.4534912109375,artifacts/summaries/eval_scand/eval_b_scand_raw_text_dense/nwm_cdit_b_recon_raw_text_dense_0015000/scand_time.json
eval_b_scand_raw_text_dense,nwm_cdit_b_recon_raw_text_dense_0015000,B,224,Text,CDiT-B 224px Text,0015000,15000,time,fid,8s,8,147.72940063476562,artifacts/summaries/eval_scand/eval_b_scand_raw_text_dense/nwm_cdit_b_recon_raw_text_dense_0015000/scand_time.json
eval_b_scand_raw_text_dense,nwm_cdit_b_recon_raw_text_dense_0015000,B,224,Text,CDiT-B 224px Text,0015000,15000,time,fid,16s,16,162.13723754882812,artifacts/summaries/eval_scand/eval_b_scand_raw_text_dense/nwm_cdit_b_recon_raw_text_dense_0015000/scand_time.json
eval_b_scand_raw_text_dense,nwm_cdit_b_recon_raw_text_dense_0020000,B,224,Text,CDiT-B 224px Text,0020000,20000,time,lpips,1s,1,0.5236223340034485,artifacts/summaries/eval_scand/eval_b_scand_raw_text_dense/nwm_cdit_b_recon_raw_text_dense_0020000/scand_time.json
eval_b_scand_raw_text_dense,nwm_cdit_b_recon_raw_text_dense_0020000,B,224,Text,CDiT-B 224px Text,0020000,20000,time,dreamsim,1s,1,0.5315974950790405,artifacts/summaries/eval_scand/eval_b_scand_raw_text_dense/nwm_cdit_b_recon_raw_text_dense_0020000/scand_time.json
eval_b_scand_raw_text_dense,nwm_cdit_b_recon_raw_text_dense_0020000,B,224,Text,CDiT-B 224px Text,0020000,20000,time,lpips,2s,2,0.5642123222351074,artifacts/summaries/eval_scand/eval_b_scand_raw_text_dense/nwm_cdit_b_recon_raw_text_dense_0020000/scand_time.json
eval_b_scand_raw_text_dense,nwm_cdit_b_recon_raw_text_dense_0020000,B,224,Text,CDiT-B 224px Text,0020000,20000,time,dreamsim,2s,2,0.5567754507064819,artifacts/summaries/eval_scand/eval_b_scand_raw_text_dense/nwm_cdit_b_recon_raw_text_dense_0020000/scand_time.json
eval_b_scand_raw_text_dense,nwm_cdit_b_recon_raw_text_dense_0020000,B,224,Text,CDiT-B 224px Text,0020000,20000,time,lpips,4s,4,0.6001659631729126,artifacts/summaries/eval_scand/eval_b_scand_raw_text_dense/nwm_cdit_b_recon_raw_text_dense_0020000/scand_time.json
eval_b_scand_raw_text_dense,nwm_cdit_b_recon_raw_text_dense_0020000,B,224,Text,CDiT-B 224px Text,0020000,20000,time,dreamsim,4s,4,0.5771012902259827,artifacts/summaries/eval_scand/eval_b_scand_raw_text_dense/nwm_cdit_b_recon_raw_text_dense_0020000/scand_time.json
eval_b_scand_raw_text_dense,nwm_cdit_b_recon_raw_text_dense_0020000,B,224,Text,CDiT-B 224px Text,0020000,20000,time,lpips,8s,8,0.63443523645401,artifacts/summaries/eval_scand/eval_b_scand_raw_text_dense/nwm_cdit_b_recon_raw_text_dense_0020000/scand_time.json
eval_b_scand_raw_text_dense,nwm_cdit_b_recon_raw_text_dense_0020000,B,224,Text,CDiT-B 224px Text,0020000,20000,time,dreamsim,8s,8,0.6021472215652466,artifacts/summaries/eval_scand/eval_b_scand_raw_text_dense/nwm_cdit_b_recon_raw_text_dense_0020000/scand_time.json
eval_b_scand_raw_text_dense,nwm_cdit_b_recon_raw_text_dense_0020000,B,224,Text,CDiT-B 224px Text,0020000,20000,time,lpips,16s,16,0.6607728600502014,artifacts/summaries/eval_scand/eval_b_scand_raw_text_dense/nwm_cdit_b_recon_raw_text_dense_0020000/scand_time.json
eval_b_scand_raw_text_dense,nwm_cdit_b_recon_raw_text_dense_0020000,B,224,Text,CDiT-B 224px Text,0020000,20000,time,dreamsim,16s,16,0.6265827417373657,artifacts/summaries/eval_scand/eval_b_scand_raw_text_dense/nwm_cdit_b_recon_raw_text_dense_0020000/scand_time.json
eval_b_scand_raw_text_dense,nwm_cdit_b_recon_raw_text_dense_0020000,B,224,Text,CDiT-B 224px Text,0020000,20000,time,fid,1s,1,144.2845458984375,artifacts/summaries/eval_scand/eval_b_scand_raw_text_dense/nwm_cdit_b_recon_raw_text_dense_0020000/scand_time.json
eval_b_scand_raw_text_dense,nwm_cdit_b_recon_raw_text_dense_0020000,B,224,Text,CDiT-B 224px Text,0020000,20000,time,fid,2s,2,149.78439331054688,artifacts/summaries/eval_scand/eval_b_scand_raw_text_dense/nwm_cdit_b_recon_raw_text_dense_0020000/scand_time.json
eval_b_scand_raw_text_dense,nwm_cdit_b_recon_raw_text_dense_0020000,B,224,Text,CDiT-B 224px Text,0020000,20000,time,fid,4s,4,158.68905639648438,artifacts/summaries/eval_scand/eval_b_scand_raw_text_dense/nwm_cdit_b_recon_raw_text_dense_0020000/scand_time.json
eval_b_scand_raw_text_dense,nwm_cdit_b_recon_raw_text_dense_0020000,B,224,Text,CDiT-B 224px Text,0020000,20000,time,fid,8s,8,172.40866088867188,artifacts/summaries/eval_scand/eval_b_scand_raw_text_dense/nwm_cdit_b_recon_raw_text_dense_0020000/scand_time.json
eval_b_scand_raw_text_dense,nwm_cdit_b_recon_raw_text_dense_0020000,B,224,Text,CDiT-B 224px Text,0020000,20000,time,fid,16s,16,191.49826049804688,artifacts/summaries/eval_scand/eval_b_scand_raw_text_dense/nwm_cdit_b_recon_raw_text_dense_0020000/scand_time.json
eval_b_scand_raw_text_dense,nwm_cdit_b_recon_raw_text_dense_0025000,B,224,Text,CDiT-B 224px Text,0025000,25000,time,lpips,1s,1,0.5374075770378113,artifacts/summaries/eval_scand/eval_b_scand_raw_text_dense/nwm_cdit_b_recon_raw_text_dense_0025000/scand_time.json
eval_b_scand_raw_text_dense,nwm_cdit_b_recon_raw_text_dense_0025000,B,224,Text,CDiT-B 224px Text,0025000,25000,time,dreamsim,1s,1,0.548170268535614,artifacts/summaries/eval_scand/eval_b_scand_raw_text_dense/nwm_cdit_b_recon_raw_text_dense_0025000/scand_time.json
eval_b_scand_raw_text_dense,nwm_cdit_b_recon_raw_text_dense_0025000,B,224,Text,CDiT-B 224px Text,0025000,25000,time,lpips,2s,2,0.5756998062133789,artifacts/summaries/eval_scand/eval_b_scand_raw_text_dense/nwm_cdit_b_recon_raw_text_dense_0025000/scand_time.json
eval_b_scand_raw_text_dense,nwm_cdit_b_recon_raw_text_dense_0025000,B,224,Text,CDiT-B 224px Text,0025000,25000,time,dreamsim,2s,2,0.568509042263031,artifacts/summaries/eval_scand/eval_b_scand_raw_text_dense/nwm_cdit_b_recon_raw_text_dense_0025000/scand_time.json
eval_b_scand_raw_text_dense,nwm_cdit_b_recon_raw_text_dense_0025000,B,224,Text,CDiT-B 224px Text,0025000,25000,time,lpips,4s,4,0.6087833046913147,artifacts/summaries/eval_scand/eval_b_scand_raw_text_dense/nwm_cdit_b_recon_raw_text_dense_0025000/scand_time.json
eval_b_scand_raw_text_dense,nwm_cdit_b_recon_raw_text_dense_0025000,B,224,Text,CDiT-B 224px Text,0025000,25000,time,dreamsim,4s,4,0.5881240367889404,artifacts/summaries/eval_scand/eval_b_scand_raw_text_dense/nwm_cdit_b_recon_raw_text_dense_0025000/scand_time.json
eval_b_scand_raw_text_dense,nwm_cdit_b_recon_raw_text_dense_0025000,B,224,Text,CDiT-B 224px Text,0025000,25000,time,lpips,8s,8,0.6400918960571289,artifacts/summaries/eval_scand/eval_b_scand_raw_text_dense/nwm_cdit_b_recon_raw_text_dense_0025000/scand_time.json
eval_b_scand_raw_text_dense,nwm_cdit_b_recon_raw_text_dense_0025000,B,224,Text,CDiT-B 224px Text,0025000,25000,time,dreamsim,8s,8,0.6088355779647827,artifacts/summaries/eval_scand/eval_b_scand_raw_text_dense/nwm_cdit_b_recon_raw_text_dense_0025000/scand_time.json
eval_b_scand_raw_text_dense,nwm_cdit_b_recon_raw_text_dense_0025000,B,224,Text,CDiT-B 224px Text,0025000,25000,time,lpips,16s,16,0.6662340760231018,artifacts/summaries/eval_scand/eval_b_scand_raw_text_dense/nwm_cdit_b_recon_raw_text_dense_0025000/scand_time.json
eval_b_scand_raw_text_dense,nwm_cdit_b_recon_raw_text_dense_0025000,B,224,Text,CDiT-B 224px Text,0025000,25000,time,dreamsim,16s,16,0.6367388367652893,artifacts/summaries/eval_scand/eval_b_scand_raw_text_dense/nwm_cdit_b_recon_raw_text_dense_0025000/scand_time.json
eval_b_scand_raw_text_dense,nwm_cdit_b_recon_raw_text_dense_0025000,B,224,Text,CDiT-B 224px Text,0025000,25000,time,fid,1s,1,160.21087646484375,artifacts/summaries/eval_scand/eval_b_scand_raw_text_dense/nwm_cdit_b_recon_raw_text_dense_0025000/scand_time.json
eval_b_scand_raw_text_dense,nwm_cdit_b_recon_raw_text_dense_0025000,B,224,Text,CDiT-B 224px Text,0025000,25000,time,fid,2s,2,163.00582885742188,artifacts/summaries/eval_scand/eval_b_scand_raw_text_dense/nwm_cdit_b_recon_raw_text_dense_0025000/scand_time.json
eval_b_scand_raw_text_dense,nwm_cdit_b_recon_raw_text_dense_0025000,B,224,Text,CDiT-B 224px Text,0025000,25000,time,fid,4s,4,176.26922607421875,artifacts/summaries/eval_scand/eval_b_scand_raw_text_dense/nwm_cdit_b_recon_raw_text_dense_0025000/scand_time.json
eval_b_scand_raw_text_dense,nwm_cdit_b_recon_raw_text_dense_0025000,B,224,Text,CDiT-B 224px Text,0025000,25000,time,fid,8s,8,189.91839599609375,artifacts/summaries/eval_scand/eval_b_scand_raw_text_dense/nwm_cdit_b_recon_raw_text_dense_0025000/scand_time.json
eval_b_scand_raw_text_dense,nwm_cdit_b_recon_raw_text_dense_0025000,B,224,Text,CDiT-B 224px Text,0025000,25000,time,fid,16s,16,210.83575439453125,artifacts/summaries/eval_scand/eval_b_scand_raw_text_dense/nwm_cdit_b_recon_raw_text_dense_0025000/scand_time.json
eval_b_scand_raw_text_dense,nwm_cdit_b_recon_raw_text_dense_0030000,B,224,Text,CDiT-B 224px Text,0030000,30000,time,lpips,1s,1,0.546046793460846,artifacts/summaries/eval_scand/eval_b_scand_raw_text_dense/nwm_cdit_b_recon_raw_text_dense_0030000/scand_time.json
eval_b_scand_raw_text_dense,nwm_cdit_b_recon_raw_text_dense_0030000,B,224,Text,CDiT-B 224px Text,0030000,30000,time,dreamsim,1s,1,0.5553937554359436,artifacts/summaries/eval_scand/eval_b_scand_raw_text_dense/nwm_cdit_b_recon_raw_text_dense_0030000/scand_time.json
eval_b_scand_raw_text_dense,nwm_cdit_b_recon_raw_text_dense_0030000,B,224,Text,CDiT-B 224px Text,0030000,30000,time,lpips,2s,2,0.5800896883010864,artifacts/summaries/eval_scand/eval_b_scand_raw_text_dense/nwm_cdit_b_recon_raw_text_dense_0030000/scand_time.json
eval_b_scand_raw_text_dense,nwm_cdit_b_recon_raw_text_dense_0030000,B,224,Text,CDiT-B 224px Text,0030000,30000,time,dreamsim,2s,2,0.5758461356163025,artifacts/summaries/eval_scand/eval_b_scand_raw_text_dense/nwm_cdit_b_recon_raw_text_dense_0030000/scand_time.json
eval_b_scand_raw_text_dense,nwm_cdit_b_recon_raw_text_dense_0030000,B,224,Text,CDiT-B 224px Text,0030000,30000,time,lpips,4s,4,0.6191921234130859,artifacts/summaries/eval_scand/eval_b_scand_raw_text_dense/nwm_cdit_b_recon_raw_text_dense_0030000/scand_time.json
eval_b_scand_raw_text_dense,nwm_cdit_b_recon_raw_text_dense_0030000,B,224,Text,CDiT-B 224px Text,0030000,30000,time,dreamsim,4s,4,0.5947252511978149,artifacts/summaries/eval_scand/eval_b_scand_raw_text_dense/nwm_cdit_b_recon_raw_text_dense_0030000/scand_time.json
eval_b_scand_raw_text_dense,nwm_cdit_b_recon_raw_text_dense_0030000,B,224,Text,CDiT-B 224px Text,0030000,30000,time,lpips,8s,8,0.6479024291038513,artifacts/summaries/eval_scand/eval_b_scand_raw_text_dense/nwm_cdit_b_recon_raw_text_dense_0030000/scand_time.json
eval_b_scand_raw_text_dense,nwm_cdit_b_recon_raw_text_dense_0030000,B,224,Text,CDiT-B 224px Text,0030000,30000,time,dreamsim,8s,8,0.6162100434303284,artifacts/summaries/eval_scand/eval_b_scand_raw_text_dense/nwm_cdit_b_recon_raw_text_dense_0030000/scand_time.json
eval_b_scand_raw_text_dense,nwm_cdit_b_recon_raw_text_dense_0030000,B,224,Text,CDiT-B 224px Text,0030000,30000,time,lpips,16s,16,0.6711148023605347,artifacts/summaries/eval_scand/eval_b_scand_raw_text_dense/nwm_cdit_b_recon_raw_text_dense_0030000/scand_time.json
eval_b_scand_raw_text_dense,nwm_cdit_b_recon_raw_text_dense_0030000,B,224,Text,CDiT-B 224px Text,0030000,30000,time,dreamsim,16s,16,0.6410455703735352,artifacts/summaries/eval_scand/eval_b_scand_raw_text_dense/nwm_cdit_b_recon_raw_text_dense_0030000/scand_time.json
eval_b_scand_raw_text_dense,nwm_cdit_b_recon_raw_text_dense_0030000,B,224,Text,CDiT-B 224px Text,0030000,30000,time,fid,1s,1,167.69207763671875,artifacts/summaries/eval_scand/eval_b_scand_raw_text_dense/nwm_cdit_b_recon_raw_text_dense_0030000/scand_time.json
eval_b_scand_raw_text_dense,nwm_cdit_b_recon_raw_text_dense_0030000,B,224,Text,CDiT-B 224px Text,0030000,30000,time,fid,2s,2,179.08078002929688,artifacts/summaries/eval_scand/eval_b_scand_raw_text_dense/nwm_cdit_b_recon_raw_text_dense_0030000/scand_time.json
eval_b_scand_raw_text_dense,nwm_cdit_b_recon_raw_text_dense_0030000,B,224,Text,CDiT-B 224px Text,0030000,30000,time,fid,4s,4,189.82833862304688,artifacts/summaries/eval_scand/eval_b_scand_raw_text_dense/nwm_cdit_b_recon_raw_text_dense_0030000/scand_time.json
eval_b_scand_raw_text_dense,nwm_cdit_b_recon_raw_text_dense_0030000,B,224,Text,CDiT-B 224px Text,0030000,30000,time,fid,8s,8,206.41015625,artifacts/summaries/eval_scand/eval_b_scand_raw_text_dense/nwm_cdit_b_recon_raw_text_dense_0030000/scand_time.json
eval_b_scand_raw_text_dense,nwm_cdit_b_recon_raw_text_dense_0030000,B,224,Text,CDiT-B 224px Text,0030000,30000,time,fid,16s,16,213.0347137451172,artifacts/summaries/eval_scand/eval_b_scand_raw_text_dense/nwm_cdit_b_recon_raw_text_dense_0030000/scand_time.json
eval_b_scand_raw_text_dense,nwm_cdit_b_recon_raw_text_dense_latest,B,224,Text,CDiT-B 224px Text,latest,,time,lpips,1s,1,0.5504303574562073,artifacts/summaries/eval_scand/eval_b_scand_raw_text_dense/nwm_cdit_b_recon_raw_text_dense_latest/scand_time.json
eval_b_scand_raw_text_dense,nwm_cdit_b_recon_raw_text_dense_latest,B,224,Text,CDiT-B 224px Text,latest,,time,dreamsim,1s,1,0.5643354654312134,artifacts/summaries/eval_scand/eval_b_scand_raw_text_dense/nwm_cdit_b_recon_raw_text_dense_latest/scand_time.json
eval_b_scand_raw_text_dense,nwm_cdit_b_recon_raw_text_dense_latest,B,224,Text,CDiT-B 224px Text,latest,,time,lpips,2s,2,0.5867259502410889,artifacts/summaries/eval_scand/eval_b_scand_raw_text_dense/nwm_cdit_b_recon_raw_text_dense_latest/scand_time.json
eval_b_scand_raw_text_dense,nwm_cdit_b_recon_raw_text_dense_latest,B,224,Text,CDiT-B 224px Text,latest,,time,dreamsim,2s,2,0.5815104246139526,artifacts/summaries/eval_scand/eval_b_scand_raw_text_dense/nwm_cdit_b_recon_raw_text_dense_latest/scand_time.json
eval_b_scand_raw_text_dense,nwm_cdit_b_recon_raw_text_dense_latest,B,224,Text,CDiT-B 224px Text,latest,,time,lpips,4s,4,0.6173487901687622,artifacts/summaries/eval_scand/eval_b_scand_raw_text_dense/nwm_cdit_b_recon_raw_text_dense_latest/scand_time.json
eval_b_scand_raw_text_dense,nwm_cdit_b_recon_raw_text_dense_latest,B,224,Text,CDiT-B 224px Text,latest,,time,dreamsim,4s,4,0.5942181944847107,artifacts/summaries/eval_scand/eval_b_scand_raw_text_dense/nwm_cdit_b_recon_raw_text_dense_latest/scand_time.json
eval_b_scand_raw_text_dense,nwm_cdit_b_recon_raw_text_dense_latest,B,224,Text,CDiT-B 224px Text,latest,,time,lpips,8s,8,0.6488585472106934,artifacts/summaries/eval_scand/eval_b_scand_raw_text_dense/nwm_cdit_b_recon_raw_text_dense_latest/scand_time.json
eval_b_scand_raw_text_dense,nwm_cdit_b_recon_raw_text_dense_latest,B,224,Text,CDiT-B 224px Text,latest,,time,dreamsim,8s,8,0.6189154982566833,artifacts/summaries/eval_scand/eval_b_scand_raw_text_dense/nwm_cdit_b_recon_raw_text_dense_latest/scand_time.json
eval_b_scand_raw_text_dense,nwm_cdit_b_recon_raw_text_dense_latest,B,224,Text,CDiT-B 224px Text,latest,,time,lpips,16s,16,0.6737039089202881,artifacts/summaries/eval_scand/eval_b_scand_raw_text_dense/nwm_cdit_b_recon_raw_text_dense_latest/scand_time.json
eval_b_scand_raw_text_dense,nwm_cdit_b_recon_raw_text_dense_latest,B,224,Text,CDiT-B 224px Text,latest,,time,dreamsim,16s,16,0.642985463142395,artifacts/summaries/eval_scand/eval_b_scand_raw_text_dense/nwm_cdit_b_recon_raw_text_dense_latest/scand_time.json
eval_b_scand_raw_text_dense,nwm_cdit_b_recon_raw_text_dense_latest,B,224,Text,CDiT-B 224px Text,latest,,time,fid,1s,1,179.1086883544922,artifacts/summaries/eval_scand/eval_b_scand_raw_text_dense/nwm_cdit_b_recon_raw_text_dense_latest/scand_time.json
eval_b_scand_raw_text_dense,nwm_cdit_b_recon_raw_text_dense_latest,B,224,Text,CDiT-B 224px Text,latest,,time,fid,2s,2,190.34869384765625,artifacts/summaries/eval_scand/eval_b_scand_raw_text_dense/nwm_cdit_b_recon_raw_text_dense_latest/scand_time.json
eval_b_scand_raw_text_dense,nwm_cdit_b_recon_raw_text_dense_latest,B,224,Text,CDiT-B 224px Text,latest,,time,fid,4s,4,196.48231506347656,artifacts/summaries/eval_scand/eval_b_scand_raw_text_dense/nwm_cdit_b_recon_raw_text_dense_latest/scand_time.json
eval_b_scand_raw_text_dense,nwm_cdit_b_recon_raw_text_dense_latest,B,224,Text,CDiT-B 224px Text,latest,,time,fid,8s,8,206.29962158203125,artifacts/summaries/eval_scand/eval_b_scand_raw_text_dense/nwm_cdit_b_recon_raw_text_dense_latest/scand_time.json
eval_b_scand_raw_text_dense,nwm_cdit_b_recon_raw_text_dense_latest,B,224,Text,CDiT-B 224px Text,latest,,time,fid,16s,16,217.00892639160156,artifacts/summaries/eval_scand/eval_b_scand_raw_text_dense/nwm_cdit_b_recon_raw_text_dense_latest/scand_time.json
eval_s_scand_128,nwm_cdit_s_recon_128_0005000,S,128,No Text,CDiT-S 128px No Text,0005000,5000,rollout_1fps,lpips,1s,1,0.6147798299789429,artifacts/summaries/eval_scand/eval_s_scand_128/nwm_cdit_s_recon_128_0005000/scand_rollout_1fps.json
eval_s_scand_128,nwm_cdit_s_recon_128_0005000,S,128,No Text,CDiT-S 128px No Text,0005000,5000,rollout_1fps,dreamsim,1s,1,0.7142557501792908,artifacts/summaries/eval_scand/eval_s_scand_128/nwm_cdit_s_recon_128_0005000/scand_rollout_1fps.json
eval_s_scand_128,nwm_cdit_s_recon_128_0005000,S,128,No Text,CDiT-S 128px No Text,0005000,5000,rollout_1fps,lpips,2s,2,0.6180829405784607,artifacts/summaries/eval_scand/eval_s_scand_128/nwm_cdit_s_recon_128_0005000/scand_rollout_1fps.json
eval_s_scand_128,nwm_cdit_s_recon_128_0005000,S,128,No Text,CDiT-S 128px No Text,0005000,5000,rollout_1fps,dreamsim,2s,2,0.7130853533744812,artifacts/summaries/eval_scand/eval_s_scand_128/nwm_cdit_s_recon_128_0005000/scand_rollout_1fps.json
eval_s_scand_128,nwm_cdit_s_recon_128_0005000,S,128,No Text,CDiT-S 128px No Text,0005000,5000,rollout_1fps,lpips,4s,4,0.6356309652328491,artifacts/summaries/eval_scand/eval_s_scand_128/nwm_cdit_s_recon_128_0005000/scand_rollout_1fps.json
eval_s_scand_128,nwm_cdit_s_recon_128_0005000,S,128,No Text,CDiT-S 128px No Text,0005000,5000,rollout_1fps,dreamsim,4s,4,0.7120622396469116,artifacts/summaries/eval_scand/eval_s_scand_128/nwm_cdit_s_recon_128_0005000/scand_rollout_1fps.json
eval_s_scand_128,nwm_cdit_s_recon_128_0005000,S,128,No Text,CDiT-S 128px No Text,0005000,5000,rollout_1fps,lpips,8s,8,0.6296684741973877,artifacts/summaries/eval_scand/eval_s_scand_128/nwm_cdit_s_recon_128_0005000/scand_rollout_1fps.json
eval_s_scand_128,nwm_cdit_s_recon_128_0005000,S,128,No Text,CDiT-S 128px No Text,0005000,5000,rollout_1fps,dreamsim,8s,8,0.7111303210258484,artifacts/summaries/eval_scand/eval_s_scand_128/nwm_cdit_s_recon_128_0005000/scand_rollout_1fps.json
eval_s_scand_128,nwm_cdit_s_recon_128_0005000,S,128,No Text,CDiT-S 128px No Text,0005000,5000,rollout_1fps,lpips,16s,16,0.6324549913406372,artifacts/summaries/eval_scand/eval_s_scand_128/nwm_cdit_s_recon_128_0005000/scand_rollout_1fps.json
eval_s_scand_128,nwm_cdit_s_recon_128_0005000,S,128,No Text,CDiT-S 128px No Text,0005000,5000,rollout_1fps,dreamsim,16s,16,0.7132415771484375,artifacts/summaries/eval_scand/eval_s_scand_128/nwm_cdit_s_recon_128_0005000/scand_rollout_1fps.json
eval_s_scand_128,nwm_cdit_s_recon_128_0005000,S,128,No Text,CDiT-S 128px No Text,0005000,5000,rollout_1fps,fid,1s,1,255.13821411132812,artifacts/summaries/eval_scand/eval_s_scand_128/nwm_cdit_s_recon_128_0005000/scand_rollout_1fps.json
eval_s_scand_128,nwm_cdit_s_recon_128_0005000,S,128,No Text,CDiT-S 128px No Text,0005000,5000,rollout_1fps,fid,2s,2,258.7264404296875,artifacts/summaries/eval_scand/eval_s_scand_128/nwm_cdit_s_recon_128_0005000/scand_rollout_1fps.json
eval_s_scand_128,nwm_cdit_s_recon_128_0005000,S,128,No Text,CDiT-S 128px No Text,0005000,5000,rollout_1fps,fid,4s,4,256.8721618652344,artifacts/summaries/eval_scand/eval_s_scand_128/nwm_cdit_s_recon_128_0005000/scand_rollout_1fps.json
eval_s_scand_128,nwm_cdit_s_recon_128_0005000,S,128,No Text,CDiT-S 128px No Text,0005000,5000,rollout_1fps,fid,8s,8,257.80548095703125,artifacts/summaries/eval_scand/eval_s_scand_128/nwm_cdit_s_recon_128_0005000/scand_rollout_1fps.json
eval_s_scand_128,nwm_cdit_s_recon_128_0005000,S,128,No Text,CDiT-S 128px No Text,0005000,5000,rollout_1fps,fid,16s,16,263.5708923339844,artifacts/summaries/eval_scand/eval_s_scand_128/nwm_cdit_s_recon_128_0005000/scand_rollout_1fps.json
eval_s_scand_128,nwm_cdit_s_recon_128_0005000,S,128,No Text,CDiT-S 128px No Text,0005000,5000,rollout_4fps,lpips,1s,1,0.6238895654678345,artifacts/summaries/eval_scand/eval_s_scand_128/nwm_cdit_s_recon_128_0005000/scand_rollout_4fps.json
eval_s_scand_128,nwm_cdit_s_recon_128_0005000,S,128,No Text,CDiT-S 128px No Text,0005000,5000,rollout_4fps,dreamsim,1s,1,0.7108193635940552,artifacts/summaries/eval_scand/eval_s_scand_128/nwm_cdit_s_recon_128_0005000/scand_rollout_4fps.json
eval_s_scand_128,nwm_cdit_s_recon_128_0005000,S,128,No Text,CDiT-S 128px No Text,0005000,5000,rollout_4fps,lpips,2s,2,0.6289211511611938,artifacts/summaries/eval_scand/eval_s_scand_128/nwm_cdit_s_recon_128_0005000/scand_rollout_4fps.json
eval_s_scand_128,nwm_cdit_s_recon_128_0005000,S,128,No Text,CDiT-S 128px No Text,0005000,5000,rollout_4fps,dreamsim,2s,2,0.7093293070793152,artifacts/summaries/eval_scand/eval_s_scand_128/nwm_cdit_s_recon_128_0005000/scand_rollout_4fps.json
eval_s_scand_128,nwm_cdit_s_recon_128_0005000,S,128,No Text,CDiT-S 128px No Text,0005000,5000,rollout_4fps,lpips,4s,4,0.6362608671188354,artifacts/summaries/eval_scand/eval_s_scand_128/nwm_cdit_s_recon_128_0005000/scand_rollout_4fps.json
eval_s_scand_128,nwm_cdit_s_recon_128_0005000,S,128,No Text,CDiT-S 128px No Text,0005000,5000,rollout_4fps,dreamsim,4s,4,0.7085549235343933,artifacts/summaries/eval_scand/eval_s_scand_128/nwm_cdit_s_recon_128_0005000/scand_rollout_4fps.json
eval_s_scand_128,nwm_cdit_s_recon_128_0005000,S,128,No Text,CDiT-S 128px No Text,0005000,5000,rollout_4fps,lpips,8s,8,0.6380106806755066,artifacts/summaries/eval_scand/eval_s_scand_128/nwm_cdit_s_recon_128_0005000/scand_rollout_4fps.json
eval_s_scand_128,nwm_cdit_s_recon_128_0005000,S,128,No Text,CDiT-S 128px No Text,0005000,5000,rollout_4fps,dreamsim,8s,8,0.7036463022232056,artifacts/summaries/eval_scand/eval_s_scand_128/nwm_cdit_s_recon_128_0005000/scand_rollout_4fps.json
eval_s_scand_128,nwm_cdit_s_recon_128_0005000,S,128,No Text,CDiT-S 128px No Text,0005000,5000,rollout_4fps,lpips,16s,16,0.6374721527099609,artifacts/summaries/eval_scand/eval_s_scand_128/nwm_cdit_s_recon_128_0005000/scand_rollout_4fps.json
eval_s_scand_128,nwm_cdit_s_recon_128_0005000,S,128,No Text,CDiT-S 128px No Text,0005000,5000,rollout_4fps,dreamsim,16s,16,0.7163200378417969,artifacts/summaries/eval_scand/eval_s_scand_128/nwm_cdit_s_recon_128_0005000/scand_rollout_4fps.json
eval_s_scand_128,nwm_cdit_s_recon_128_0005000,S,128,No Text,CDiT-S 128px No Text,0005000,5000,rollout_4fps,fid,1s,1,259.03955078125,artifacts/summaries/eval_scand/eval_s_scand_128/nwm_cdit_s_recon_128_0005000/scand_rollout_4fps.json
eval_s_scand_128,nwm_cdit_s_recon_128_0005000,S,128,No Text,CDiT-S 128px No Text,0005000,5000,rollout_4fps,fid,2s,2,257.48712158203125,artifacts/summaries/eval_scand/eval_s_scand_128/nwm_cdit_s_recon_128_0005000/scand_rollout_4fps.json
eval_s_scand_128,nwm_cdit_s_recon_128_0005000,S,128,No Text,CDiT-S 128px No Text,0005000,5000,rollout_4fps,fid,4s,4,256.44061279296875,artifacts/summaries/eval_scand/eval_s_scand_128/nwm_cdit_s_recon_128_0005000/scand_rollout_4fps.json
eval_s_scand_128,nwm_cdit_s_recon_128_0005000,S,128,No Text,CDiT-S 128px No Text,0005000,5000,rollout_4fps,fid,8s,8,260.669677734375,artifacts/summaries/eval_scand/eval_s_scand_128/nwm_cdit_s_recon_128_0005000/scand_rollout_4fps.json
eval_s_scand_128,nwm_cdit_s_recon_128_0005000,S,128,No Text,CDiT-S 128px No Text,0005000,5000,rollout_4fps,fid,16s,16,266.4927062988281,artifacts/summaries/eval_scand/eval_s_scand_128/nwm_cdit_s_recon_128_0005000/scand_rollout_4fps.json
eval_s_scand_128,nwm_cdit_s_recon_128_0005000,S,128,No Text,CDiT-S 128px No Text,0005000,5000,time,lpips,1s,1,0.6065804362297058,artifacts/summaries/eval_scand/eval_s_scand_128/nwm_cdit_s_recon_128_0005000/scand_time.json
eval_s_scand_128,nwm_cdit_s_recon_128_0005000,S,128,No Text,CDiT-S 128px No Text,0005000,5000,time,dreamsim,1s,1,0.7063890695571899,artifacts/summaries/eval_scand/eval_s_scand_128/nwm_cdit_s_recon_128_0005000/scand_time.json
eval_s_scand_128,nwm_cdit_s_recon_128_0005000,S,128,No Text,CDiT-S 128px No Text,0005000,5000,time,lpips,2s,2,0.6119914054870605,artifacts/summaries/eval_scand/eval_s_scand_128/nwm_cdit_s_recon_128_0005000/scand_time.json
eval_s_scand_128,nwm_cdit_s_recon_128_0005000,S,128,No Text,CDiT-S 128px No Text,0005000,5000,time,dreamsim,2s,2,0.7076943516731262,artifacts/summaries/eval_scand/eval_s_scand_128/nwm_cdit_s_recon_128_0005000/scand_time.json
eval_s_scand_128,nwm_cdit_s_recon_128_0005000,S,128,No Text,CDiT-S 128px No Text,0005000,5000,time,lpips,4s,4,0.6137874126434326,artifacts/summaries/eval_scand/eval_s_scand_128/nwm_cdit_s_recon_128_0005000/scand_time.json
eval_s_scand_128,nwm_cdit_s_recon_128_0005000,S,128,No Text,CDiT-S 128px No Text,0005000,5000,time,dreamsim,4s,4,0.7116661667823792,artifacts/summaries/eval_scand/eval_s_scand_128/nwm_cdit_s_recon_128_0005000/scand_time.json
eval_s_scand_128,nwm_cdit_s_recon_128_0005000,S,128,No Text,CDiT-S 128px No Text,0005000,5000,time,lpips,8s,8,0.61420738697052,artifacts/summaries/eval_scand/eval_s_scand_128/nwm_cdit_s_recon_128_0005000/scand_time.json
eval_s_scand_128,nwm_cdit_s_recon_128_0005000,S,128,No Text,CDiT-S 128px No Text,0005000,5000,time,dreamsim,8s,8,0.714905858039856,artifacts/summaries/eval_scand/eval_s_scand_128/nwm_cdit_s_recon_128_0005000/scand_time.json
eval_s_scand_128,nwm_cdit_s_recon_128_0005000,S,128,No Text,CDiT-S 128px No Text,0005000,5000,time,lpips,16s,16,0.615411639213562,artifacts/summaries/eval_scand/eval_s_scand_128/nwm_cdit_s_recon_128_0005000/scand_time.json
eval_s_scand_128,nwm_cdit_s_recon_128_0005000,S,128,No Text,CDiT-S 128px No Text,0005000,5000,time,dreamsim,16s,16,0.7171006202697754,artifacts/summaries/eval_scand/eval_s_scand_128/nwm_cdit_s_recon_128_0005000/scand_time.json
eval_s_scand_128,nwm_cdit_s_recon_128_0005000,S,128,No Text,CDiT-S 128px No Text,0005000,5000,time,fid,1s,1,225.45950317382812,artifacts/summaries/eval_scand/eval_s_scand_128/nwm_cdit_s_recon_128_0005000/scand_time.json
eval_s_scand_128,nwm_cdit_s_recon_128_0005000,S,128,No Text,CDiT-S 128px No Text,0005000,5000,time,fid,2s,2,226.29095458984375,artifacts/summaries/eval_scand/eval_s_scand_128/nwm_cdit_s_recon_128_0005000/scand_time.json
eval_s_scand_128,nwm_cdit_s_recon_128_0005000,S,128,No Text,CDiT-S 128px No Text,0005000,5000,time,fid,4s,4,229.05557250976562,artifacts/summaries/eval_scand/eval_s_scand_128/nwm_cdit_s_recon_128_0005000/scand_time.json
eval_s_scand_128,nwm_cdit_s_recon_128_0005000,S,128,No Text,CDiT-S 128px No Text,0005000,5000,time,fid,8s,8,229.8031005859375,artifacts/summaries/eval_scand/eval_s_scand_128/nwm_cdit_s_recon_128_0005000/scand_time.json
eval_s_scand_128,nwm_cdit_s_recon_128_0005000,S,128,No Text,CDiT-S 128px No Text,0005000,5000,time,fid,16s,16,232.91940307617188,artifacts/summaries/eval_scand/eval_s_scand_128/nwm_cdit_s_recon_128_0005000/scand_time.json
eval_s_scand_128,nwm_cdit_s_recon_128_0010000,S,128,No Text,CDiT-S 128px No Text,0010000,10000,rollout_1fps,lpips,1s,1,0.5998791456222534,artifacts/summaries/eval_scand/eval_s_scand_128/nwm_cdit_s_recon_128_0010000/scand_rollout_1fps.json
eval_s_scand_128,nwm_cdit_s_recon_128_0010000,S,128,No Text,CDiT-S 128px No Text,0010000,10000,rollout_1fps,dreamsim,1s,1,0.6824208498001099,artifacts/summaries/eval_scand/eval_s_scand_128/nwm_cdit_s_recon_128_0010000/scand_rollout_1fps.json
eval_s_scand_128,nwm_cdit_s_recon_128_0010000,S,128,No Text,CDiT-S 128px No Text,0010000,10000,rollout_1fps,lpips,2s,2,0.608224630355835,artifacts/summaries/eval_scand/eval_s_scand_128/nwm_cdit_s_recon_128_0010000/scand_rollout_1fps.json
eval_s_scand_128,nwm_cdit_s_recon_128_0010000,S,128,No Text,CDiT-S 128px No Text,0010000,10000,rollout_1fps,dreamsim,2s,2,0.6846585273742676,artifacts/summaries/eval_scand/eval_s_scand_128/nwm_cdit_s_recon_128_0010000/scand_rollout_1fps.json
eval_s_scand_128,nwm_cdit_s_recon_128_0010000,S,128,No Text,CDiT-S 128px No Text,0010000,10000,rollout_1fps,lpips,4s,4,0.6141855120658875,artifacts/summaries/eval_scand/eval_s_scand_128/nwm_cdit_s_recon_128_0010000/scand_rollout_1fps.json
eval_s_scand_128,nwm_cdit_s_recon_128_0010000,S,128,No Text,CDiT-S 128px No Text,0010000,10000,rollout_1fps,dreamsim,4s,4,0.6863770484924316,artifacts/summaries/eval_scand/eval_s_scand_128/nwm_cdit_s_recon_128_0010000/scand_rollout_1fps.json
eval_s_scand_128,nwm_cdit_s_recon_128_0010000,S,128,No Text,CDiT-S 128px No Text,0010000,10000,rollout_1fps,lpips,8s,8,0.6181446313858032,artifacts/summaries/eval_scand/eval_s_scand_128/nwm_cdit_s_recon_128_0010000/scand_rollout_1fps.json
eval_s_scand_128,nwm_cdit_s_recon_128_0010000,S,128,No Text,CDiT-S 128px No Text,0010000,10000,rollout_1fps,dreamsim,8s,8,0.6916651725769043,artifacts/summaries/eval_scand/eval_s_scand_128/nwm_cdit_s_recon_128_0010000/scand_rollout_1fps.json
eval_s_scand_128,nwm_cdit_s_recon_128_0010000,S,128,No Text,CDiT-S 128px No Text,0010000,10000,rollout_1fps,lpips,16s,16,0.61319899559021,artifacts/summaries/eval_scand/eval_s_scand_128/nwm_cdit_s_recon_128_0010000/scand_rollout_1fps.json
eval_s_scand_128,nwm_cdit_s_recon_128_0010000,S,128,No Text,CDiT-S 128px No Text,0010000,10000,rollout_1fps,dreamsim,16s,16,0.6988891959190369,artifacts/summaries/eval_scand/eval_s_scand_128/nwm_cdit_s_recon_128_0010000/scand_rollout_1fps.json
eval_s_scand_128,nwm_cdit_s_recon_128_0010000,S,128,No Text,CDiT-S 128px No Text,0010000,10000,rollout_1fps,fid,1s,1,234.19110107421875,artifacts/summaries/eval_scand/eval_s_scand_128/nwm_cdit_s_recon_128_0010000/scand_rollout_1fps.json
eval_s_scand_128,nwm_cdit_s_recon_128_0010000,S,128,No Text,CDiT-S 128px No Text,0010000,10000,rollout_1fps,fid,2s,2,232.88140869140625,artifacts/summaries/eval_scand/eval_s_scand_128/nwm_cdit_s_recon_128_0010000/scand_rollout_1fps.json
eval_s_scand_128,nwm_cdit_s_recon_128_0010000,S,128,No Text,CDiT-S 128px No Text,0010000,10000,rollout_1fps,fid,4s,4,235.21295166015625,artifacts/summaries/eval_scand/eval_s_scand_128/nwm_cdit_s_recon_128_0010000/scand_rollout_1fps.json
eval_s_scand_128,nwm_cdit_s_recon_128_0010000,S,128,No Text,CDiT-S 128px No Text,0010000,10000,rollout_1fps,fid,8s,8,243.5983428955078,artifacts/summaries/eval_scand/eval_s_scand_128/nwm_cdit_s_recon_128_0010000/scand_rollout_1fps.json
eval_s_scand_128,nwm_cdit_s_recon_128_0010000,S,128,No Text,CDiT-S 128px No Text,0010000,10000,rollout_1fps,fid,16s,16,247.13455200195312,artifacts/summaries/eval_scand/eval_s_scand_128/nwm_cdit_s_recon_128_0010000/scand_rollout_1fps.json
eval_s_scand_128,nwm_cdit_s_recon_128_0010000,S,128,No Text,CDiT-S 128px No Text,0010000,10000,rollout_4fps,lpips,1s,1,0.6079548001289368,artifacts/summaries/eval_scand/eval_s_scand_128/nwm_cdit_s_recon_128_0010000/scand_rollout_4fps.json
eval_s_scand_128,nwm_cdit_s_recon_128_0010000,S,128,No Text,CDiT-S 128px No Text,0010000,10000,rollout_4fps,dreamsim,1s,1,0.6789001822471619,artifacts/summaries/eval_scand/eval_s_scand_128/nwm_cdit_s_recon_128_0010000/scand_rollout_4fps.json
eval_s_scand_128,nwm_cdit_s_recon_128_0010000,S,128,No Text,CDiT-S 128px No Text,0010000,10000,rollout_4fps,lpips,2s,2,0.6102136969566345,artifacts/summaries/eval_scand/eval_s_scand_128/nwm_cdit_s_recon_128_0010000/scand_rollout_4fps.json
eval_s_scand_128,nwm_cdit_s_recon_128_0010000,S,128,No Text,CDiT-S 128px No Text,0010000,10000,rollout_4fps,dreamsim,2s,2,0.6918939352035522,artifacts/summaries/eval_scand/eval_s_scand_128/nwm_cdit_s_recon_128_0010000/scand_rollout_4fps.json
eval_s_scand_128,nwm_cdit_s_recon_128_0010000,S,128,No Text,CDiT-S 128px No Text,0010000,10000,rollout_4fps,lpips,4s,4,0.6108834743499756,artifacts/summaries/eval_scand/eval_s_scand_128/nwm_cdit_s_recon_128_0010000/scand_rollout_4fps.json
eval_s_scand_128,nwm_cdit_s_recon_128_0010000,S,128,No Text,CDiT-S 128px No Text,0010000,10000,rollout_4fps,dreamsim,4s,4,0.6900902986526489,artifacts/summaries/eval_scand/eval_s_scand_128/nwm_cdit_s_recon_128_0010000/scand_rollout_4fps.json
eval_s_scand_128,nwm_cdit_s_recon_128_0010000,S,128,No Text,CDiT-S 128px No Text,0010000,10000,rollout_4fps,lpips,8s,8,0.6079728007316589,artifacts/summaries/eval_scand/eval_s_scand_128/nwm_cdit_s_recon_128_0010000/scand_rollout_4fps.json
eval_s_scand_128,nwm_cdit_s_recon_128_0010000,S,128,No Text,CDiT-S 128px No Text,0010000,10000,rollout_4fps,dreamsim,8s,8,0.6896635890007019,artifacts/summaries/eval_scand/eval_s_scand_128/nwm_cdit_s_recon_128_0010000/scand_rollout_4fps.json
eval_s_scand_128,nwm_cdit_s_recon_128_0010000,S,128,No Text,CDiT-S 128px No Text,0010000,10000,rollout_4fps,lpips,16s,16,0.6094046831130981,artifacts/summaries/eval_scand/eval_s_scand_128/nwm_cdit_s_recon_128_0010000/scand_rollout_4fps.json
eval_s_scand_128,nwm_cdit_s_recon_128_0010000,S,128,No Text,CDiT-S 128px No Text,0010000,10000,rollout_4fps,dreamsim,16s,16,0.6998924612998962,artifacts/summaries/eval_scand/eval_s_scand_128/nwm_cdit_s_recon_128_0010000/scand_rollout_4fps.json
eval_s_scand_128,nwm_cdit_s_recon_128_0010000,S,128,No Text,CDiT-S 128px No Text,0010000,10000,rollout_4fps,fid,1s,1,243.28244018554688,artifacts/summaries/eval_scand/eval_s_scand_128/nwm_cdit_s_recon_128_0010000/scand_rollout_4fps.json
eval_s_scand_128,nwm_cdit_s_recon_128_0010000,S,128,No Text,CDiT-S 128px No Text,0010000,10000,rollout_4fps,fid,2s,2,241.3179931640625,artifacts/summaries/eval_scand/eval_s_scand_128/nwm_cdit_s_recon_128_0010000/scand_rollout_4fps.json
eval_s_scand_128,nwm_cdit_s_recon_128_0010000,S,128,No Text,CDiT-S 128px No Text,0010000,10000,rollout_4fps,fid,4s,4,243.39288330078125,artifacts/summaries/eval_scand/eval_s_scand_128/nwm_cdit_s_recon_128_0010000/scand_rollout_4fps.json
eval_s_scand_128,nwm_cdit_s_recon_128_0010000,S,128,No Text,CDiT-S 128px No Text,0010000,10000,rollout_4fps,fid,8s,8,246.2607421875,artifacts/summaries/eval_scand/eval_s_scand_128/nwm_cdit_s_recon_128_0010000/scand_rollout_4fps.json
eval_s_scand_128,nwm_cdit_s_recon_128_0010000,S,128,No Text,CDiT-S 128px No Text,0010000,10000,rollout_4fps,fid,16s,16,248.64559936523438,artifacts/summaries/eval_scand/eval_s_scand_128/nwm_cdit_s_recon_128_0010000/scand_rollout_4fps.json
eval_s_scand_128,nwm_cdit_s_recon_128_0010000,S,128,No Text,CDiT-S 128px No Text,0010000,10000,time,lpips,1s,1,0.5937243700027466,artifacts/summaries/eval_scand/eval_s_scand_128/nwm_cdit_s_recon_128_0010000/scand_time.json
eval_s_scand_128,nwm_cdit_s_recon_128_0010000,S,128,No Text,CDiT-S 128px No Text,0010000,10000,time,dreamsim,1s,1,0.6745705008506775,artifacts/summaries/eval_scand/eval_s_scand_128/nwm_cdit_s_recon_128_0010000/scand_time.json
eval_s_scand_128,nwm_cdit_s_recon_128_0010000,S,128,No Text,CDiT-S 128px No Text,0010000,10000,time,lpips,2s,2,0.5999844670295715,artifacts/summaries/eval_scand/eval_s_scand_128/nwm_cdit_s_recon_128_0010000/scand_time.json
eval_s_scand_128,nwm_cdit_s_recon_128_0010000,S,128,No Text,CDiT-S 128px No Text,0010000,10000,time,dreamsim,2s,2,0.6775055527687073,artifacts/summaries/eval_scand/eval_s_scand_128/nwm_cdit_s_recon_128_0010000/scand_time.json
eval_s_scand_128,nwm_cdit_s_recon_128_0010000,S,128,No Text,CDiT-S 128px No Text,0010000,10000,time,lpips,4s,4,0.6045281887054443,artifacts/summaries/eval_scand/eval_s_scand_128/nwm_cdit_s_recon_128_0010000/scand_time.json
eval_s_scand_128,nwm_cdit_s_recon_128_0010000,S,128,No Text,CDiT-S 128px No Text,0010000,10000,time,dreamsim,4s,4,0.679914116859436,artifacts/summaries/eval_scand/eval_s_scand_128/nwm_cdit_s_recon_128_0010000/scand_time.json
eval_s_scand_128,nwm_cdit_s_recon_128_0010000,S,128,No Text,CDiT-S 128px No Text,0010000,10000,time,lpips,8s,8,0.6128334999084473,artifacts/summaries/eval_scand/eval_s_scand_128/nwm_cdit_s_recon_128_0010000/scand_time.json
eval_s_scand_128,nwm_cdit_s_recon_128_0010000,S,128,No Text,CDiT-S 128px No Text,0010000,10000,time,dreamsim,8s,8,0.6880008578300476,artifacts/summaries/eval_scand/eval_s_scand_128/nwm_cdit_s_recon_128_0010000/scand_time.json
eval_s_scand_128,nwm_cdit_s_recon_128_0010000,S,128,No Text,CDiT-S 128px No Text,0010000,10000,time,lpips,16s,16,0.6163455247879028,artifacts/summaries/eval_scand/eval_s_scand_128/nwm_cdit_s_recon_128_0010000/scand_time.json
eval_s_scand_128,nwm_cdit_s_recon_128_0010000,S,128,No Text,CDiT-S 128px No Text,0010000,10000,time,dreamsim,16s,16,0.6907678842544556,artifacts/summaries/eval_scand/eval_s_scand_128/nwm_cdit_s_recon_128_0010000/scand_time.json
eval_s_scand_128,nwm_cdit_s_recon_128_0010000,S,128,No Text,CDiT-S 128px No Text,0010000,10000,time,fid,1s,1,196.91119384765625,artifacts/summaries/eval_scand/eval_s_scand_128/nwm_cdit_s_recon_128_0010000/scand_time.json
eval_s_scand_128,nwm_cdit_s_recon_128_0010000,S,128,No Text,CDiT-S 128px No Text,0010000,10000,time,fid,2s,2,193.27996826171875,artifacts/summaries/eval_scand/eval_s_scand_128/nwm_cdit_s_recon_128_0010000/scand_time.json
eval_s_scand_128,nwm_cdit_s_recon_128_0010000,S,128,No Text,CDiT-S 128px No Text,0010000,10000,time,fid,4s,4,193.52142333984375,artifacts/summaries/eval_scand/eval_s_scand_128/nwm_cdit_s_recon_128_0010000/scand_time.json
eval_s_scand_128,nwm_cdit_s_recon_128_0010000,S,128,No Text,CDiT-S 128px No Text,0010000,10000,time,fid,8s,8,187.54385375976562,artifacts/summaries/eval_scand/eval_s_scand_128/nwm_cdit_s_recon_128_0010000/scand_time.json
eval_s_scand_128,nwm_cdit_s_recon_128_0010000,S,128,No Text,CDiT-S 128px No Text,0010000,10000,time,fid,16s,16,187.76968383789062,artifacts/summaries/eval_scand/eval_s_scand_128/nwm_cdit_s_recon_128_0010000/scand_time.json
eval_s_scand_128,nwm_cdit_s_recon_128_0015000,S,128,No Text,CDiT-S 128px No Text,0015000,15000,time,lpips,1s,1,0.5580931901931763,artifacts/summaries/eval_scand/eval_s_scand_128/nwm_cdit_s_recon_128_0015000/scand_time.json
eval_s_scand_128,nwm_cdit_s_recon_128_0015000,S,128,No Text,CDiT-S 128px No Text,0015000,15000,time,dreamsim,1s,1,0.6173203587532043,artifacts/summaries/eval_scand/eval_s_scand_128/nwm_cdit_s_recon_128_0015000/scand_time.json
eval_s_scand_128,nwm_cdit_s_recon_128_0015000,S,128,No Text,CDiT-S 128px No Text,0015000,15000,time,lpips,2s,2,0.5710006952285767,artifacts/summaries/eval_scand/eval_s_scand_128/nwm_cdit_s_recon_128_0015000/scand_time.json
eval_s_scand_128,nwm_cdit_s_recon_128_0015000,S,128,No Text,CDiT-S 128px No Text,0015000,15000,time,dreamsim,2s,2,0.6264015436172485,artifacts/summaries/eval_scand/eval_s_scand_128/nwm_cdit_s_recon_128_0015000/scand_time.json
eval_s_scand_128,nwm_cdit_s_recon_128_0015000,S,128,No Text,CDiT-S 128px No Text,0015000,15000,time,lpips,4s,4,0.5865504741668701,artifacts/summaries/eval_scand/eval_s_scand_128/nwm_cdit_s_recon_128_0015000/scand_time.json
eval_s_scand_128,nwm_cdit_s_recon_128_0015000,S,128,No Text,CDiT-S 128px No Text,0015000,15000,time,dreamsim,4s,4,0.6271092891693115,artifacts/summaries/eval_scand/eval_s_scand_128/nwm_cdit_s_recon_128_0015000/scand_time.json
eval_s_scand_128,nwm_cdit_s_recon_128_0015000,S,128,No Text,CDiT-S 128px No Text,0015000,15000,time,lpips,8s,8,0.6053001880645752,artifacts/summaries/eval_scand/eval_s_scand_128/nwm_cdit_s_recon_128_0015000/scand_time.json
eval_s_scand_128,nwm_cdit_s_recon_128_0015000,S,128,No Text,CDiT-S 128px No Text,0015000,15000,time,dreamsim,8s,8,0.634821891784668,artifacts/summaries/eval_scand/eval_s_scand_128/nwm_cdit_s_recon_128_0015000/scand_time.json
eval_s_scand_128,nwm_cdit_s_recon_128_0015000,S,128,No Text,CDiT-S 128px No Text,0015000,15000,time,lpips,16s,16,0.6156591773033142,artifacts/summaries/eval_scand/eval_s_scand_128/nwm_cdit_s_recon_128_0015000/scand_time.json
eval_s_scand_128,nwm_cdit_s_recon_128_0015000,S,128,No Text,CDiT-S 128px No Text,0015000,15000,time,dreamsim,16s,16,0.6494377255439758,artifacts/summaries/eval_scand/eval_s_scand_128/nwm_cdit_s_recon_128_0015000/scand_time.json
eval_s_scand_128,nwm_cdit_s_recon_128_0015000,S,128,No Text,CDiT-S 128px No Text,0015000,15000,time,fid,1s,1,185.68988037109375,artifacts/summaries/eval_scand/eval_s_scand_128/nwm_cdit_s_recon_128_0015000/scand_time.json
eval_s_scand_128,nwm_cdit_s_recon_128_0015000,S,128,No Text,CDiT-S 128px No Text,0015000,15000,time,fid,2s,2,182.18600463867188,artifacts/summaries/eval_scand/eval_s_scand_128/nwm_cdit_s_recon_128_0015000/scand_time.json
eval_s_scand_128,nwm_cdit_s_recon_128_0015000,S,128,No Text,CDiT-S 128px No Text,0015000,15000,time,fid,4s,4,174.86758422851562,artifacts/summaries/eval_scand/eval_s_scand_128/nwm_cdit_s_recon_128_0015000/scand_time.json
eval_s_scand_128,nwm_cdit_s_recon_128_0015000,S,128,No Text,CDiT-S 128px No Text,0015000,15000,time,fid,8s,8,170.70797729492188,artifacts/summaries/eval_scand/eval_s_scand_128/nwm_cdit_s_recon_128_0015000/scand_time.json
eval_s_scand_128,nwm_cdit_s_recon_128_0015000,S,128,No Text,CDiT-S 128px No Text,0015000,15000,time,fid,16s,16,177.3564910888672,artifacts/summaries/eval_scand/eval_s_scand_128/nwm_cdit_s_recon_128_0015000/scand_time.json
eval_s_scand_128,nwm_cdit_s_recon_128_0020000,S,128,No Text,CDiT-S 128px No Text,0020000,20000,time,lpips,1s,1,0.5252764225006104,artifacts/summaries/eval_scand/eval_s_scand_128/nwm_cdit_s_recon_128_0020000/scand_time.json
eval_s_scand_128,nwm_cdit_s_recon_128_0020000,S,128,No Text,CDiT-S 128px No Text,0020000,20000,time,dreamsim,1s,1,0.5805543661117554,artifacts/summaries/eval_scand/eval_s_scand_128/nwm_cdit_s_recon_128_0020000/scand_time.json
eval_s_scand_128,nwm_cdit_s_recon_128_0020000,S,128,No Text,CDiT-S 128px No Text,0020000,20000,time,lpips,2s,2,0.548194408416748,artifacts/summaries/eval_scand/eval_s_scand_128/nwm_cdit_s_recon_128_0020000/scand_time.json
eval_s_scand_128,nwm_cdit_s_recon_128_0020000,S,128,No Text,CDiT-S 128px No Text,0020000,20000,time,dreamsim,2s,2,0.5941440463066101,artifacts/summaries/eval_scand/eval_s_scand_128/nwm_cdit_s_recon_128_0020000/scand_time.json
eval_s_scand_128,nwm_cdit_s_recon_128_0020000,S,128,No Text,CDiT-S 128px No Text,0020000,20000,time,lpips,4s,4,0.5729337930679321,artifacts/summaries/eval_scand/eval_s_scand_128/nwm_cdit_s_recon_128_0020000/scand_time.json
eval_s_scand_128,nwm_cdit_s_recon_128_0020000,S,128,No Text,CDiT-S 128px No Text,0020000,20000,time,dreamsim,4s,4,0.6021940112113953,artifacts/summaries/eval_scand/eval_s_scand_128/nwm_cdit_s_recon_128_0020000/scand_time.json
eval_s_scand_128,nwm_cdit_s_recon_128_0020000,S,128,No Text,CDiT-S 128px No Text,0020000,20000,time,lpips,8s,8,0.5981203317642212,artifacts/summaries/eval_scand/eval_s_scand_128/nwm_cdit_s_recon_128_0020000/scand_time.json
eval_s_scand_128,nwm_cdit_s_recon_128_0020000,S,128,No Text,CDiT-S 128px No Text,0020000,20000,time,dreamsim,8s,8,0.6126872897148132,artifacts/summaries/eval_scand/eval_s_scand_128/nwm_cdit_s_recon_128_0020000/scand_time.json
eval_s_scand_128,nwm_cdit_s_recon_128_0020000,S,128,No Text,CDiT-S 128px No Text,0020000,20000,time,lpips,16s,16,0.6125379800796509,artifacts/summaries/eval_scand/eval_s_scand_128/nwm_cdit_s_recon_128_0020000/scand_time.json
eval_s_scand_128,nwm_cdit_s_recon_128_0020000,S,128,No Text,CDiT-S 128px No Text,0020000,20000,time,dreamsim,16s,16,0.6292585134506226,artifacts/summaries/eval_scand/eval_s_scand_128/nwm_cdit_s_recon_128_0020000/scand_time.json
eval_s_scand_128,nwm_cdit_s_recon_128_0020000,S,128,No Text,CDiT-S 128px No Text,0020000,20000,time,fid,1s,1,185.1106719970703,artifacts/summaries/eval_scand/eval_s_scand_128/nwm_cdit_s_recon_128_0020000/scand_time.json
eval_s_scand_128,nwm_cdit_s_recon_128_0020000,S,128,No Text,CDiT-S 128px No Text,0020000,20000,time,fid,2s,2,184.18447875976562,artifacts/summaries/eval_scand/eval_s_scand_128/nwm_cdit_s_recon_128_0020000/scand_time.json
eval_s_scand_128,nwm_cdit_s_recon_128_0020000,S,128,No Text,CDiT-S 128px No Text,0020000,20000,time,fid,4s,4,183.91055297851562,artifacts/summaries/eval_scand/eval_s_scand_128/nwm_cdit_s_recon_128_0020000/scand_time.json
eval_s_scand_128,nwm_cdit_s_recon_128_0020000,S,128,No Text,CDiT-S 128px No Text,0020000,20000,time,fid,8s,8,176.40414428710938,artifacts/summaries/eval_scand/eval_s_scand_128/nwm_cdit_s_recon_128_0020000/scand_time.json
eval_s_scand_128,nwm_cdit_s_recon_128_0020000,S,128,No Text,CDiT-S 128px No Text,0020000,20000,time,fid,16s,16,179.10165405273438,artifacts/summaries/eval_scand/eval_s_scand_128/nwm_cdit_s_recon_128_0020000/scand_time.json
eval_s_scand_128,nwm_cdit_s_recon_128_0025000,S,128,No Text,CDiT-S 128px No Text,0025000,25000,time,lpips,1s,1,0.5047978162765503,artifacts/summaries/eval_scand/eval_s_scand_128/nwm_cdit_s_recon_128_0025000/scand_time.json
eval_s_scand_128,nwm_cdit_s_recon_128_0025000,S,128,No Text,CDiT-S 128px No Text,0025000,25000,time,dreamsim,1s,1,0.5659783482551575,artifacts/summaries/eval_scand/eval_s_scand_128/nwm_cdit_s_recon_128_0025000/scand_time.json
eval_s_scand_128,nwm_cdit_s_recon_128_0025000,S,128,No Text,CDiT-S 128px No Text,0025000,25000,time,lpips,2s,2,0.5347058176994324,artifacts/summaries/eval_scand/eval_s_scand_128/nwm_cdit_s_recon_128_0025000/scand_time.json
eval_s_scand_128,nwm_cdit_s_recon_128_0025000,S,128,No Text,CDiT-S 128px No Text,0025000,25000,time,dreamsim,2s,2,0.581393301486969,artifacts/summaries/eval_scand/eval_s_scand_128/nwm_cdit_s_recon_128_0025000/scand_time.json
eval_s_scand_128,nwm_cdit_s_recon_128_0025000,S,128,No Text,CDiT-S 128px No Text,0025000,25000,time,lpips,4s,4,0.5631129741668701,artifacts/summaries/eval_scand/eval_s_scand_128/nwm_cdit_s_recon_128_0025000/scand_time.json
eval_s_scand_128,nwm_cdit_s_recon_128_0025000,S,128,No Text,CDiT-S 128px No Text,0025000,25000,time,dreamsim,4s,4,0.5890529751777649,artifacts/summaries/eval_scand/eval_s_scand_128/nwm_cdit_s_recon_128_0025000/scand_time.json
eval_s_scand_128,nwm_cdit_s_recon_128_0025000,S,128,No Text,CDiT-S 128px No Text,0025000,25000,time,lpips,8s,8,0.593675971031189,artifacts/summaries/eval_scand/eval_s_scand_128/nwm_cdit_s_recon_128_0025000/scand_time.json
eval_s_scand_128,nwm_cdit_s_recon_128_0025000,S,128,No Text,CDiT-S 128px No Text,0025000,25000,time,dreamsim,8s,8,0.609192430973053,artifacts/summaries/eval_scand/eval_s_scand_128/nwm_cdit_s_recon_128_0025000/scand_time.json
eval_s_scand_128,nwm_cdit_s_recon_128_0025000,S,128,No Text,CDiT-S 128px No Text,0025000,25000,time,lpips,16s,16,0.6083348393440247,artifacts/summaries/eval_scand/eval_s_scand_128/nwm_cdit_s_recon_128_0025000/scand_time.json
eval_s_scand_128,nwm_cdit_s_recon_128_0025000,S,128,No Text,CDiT-S 128px No Text,0025000,25000,time,dreamsim,16s,16,0.6243866682052612,artifacts/summaries/eval_scand/eval_s_scand_128/nwm_cdit_s_recon_128_0025000/scand_time.json
eval_s_scand_128,nwm_cdit_s_recon_128_0025000,S,128,No Text,CDiT-S 128px No Text,0025000,25000,time,fid,1s,1,189.32691955566406,artifacts/summaries/eval_scand/eval_s_scand_128/nwm_cdit_s_recon_128_0025000/scand_time.json
eval_s_scand_128,nwm_cdit_s_recon_128_0025000,S,128,No Text,CDiT-S 128px No Text,0025000,25000,time,fid,2s,2,187.43736267089844,artifacts/summaries/eval_scand/eval_s_scand_128/nwm_cdit_s_recon_128_0025000/scand_time.json
eval_s_scand_128,nwm_cdit_s_recon_128_0025000,S,128,No Text,CDiT-S 128px No Text,0025000,25000,time,fid,4s,4,185.58250427246094,artifacts/summaries/eval_scand/eval_s_scand_128/nwm_cdit_s_recon_128_0025000/scand_time.json
eval_s_scand_128,nwm_cdit_s_recon_128_0025000,S,128,No Text,CDiT-S 128px No Text,0025000,25000,time,fid,8s,8,177.87832641601562,artifacts/summaries/eval_scand/eval_s_scand_128/nwm_cdit_s_recon_128_0025000/scand_time.json
eval_s_scand_128,nwm_cdit_s_recon_128_0025000,S,128,No Text,CDiT-S 128px No Text,0025000,25000,time,fid,16s,16,182.91603088378906,artifacts/summaries/eval_scand/eval_s_scand_128/nwm_cdit_s_recon_128_0025000/scand_time.json
eval_s_scand_128,nwm_cdit_s_recon_128_0030000,S,128,No Text,CDiT-S 128px No Text,0030000,30000,rollout_1fps,lpips,1s,1,0.5179561376571655,artifacts/summaries/eval_scand/eval_s_scand_128/nwm_cdit_s_recon_128_0030000/scand_rollout_1fps.json
eval_s_scand_128,nwm_cdit_s_recon_128_0030000,S,128,No Text,CDiT-S 128px No Text,0030000,30000,rollout_1fps,dreamsim,1s,1,0.5754058957099915,artifacts/summaries/eval_scand/eval_s_scand_128/nwm_cdit_s_recon_128_0030000/scand_rollout_1fps.json
eval_s_scand_128,nwm_cdit_s_recon_128_0030000,S,128,No Text,CDiT-S 128px No Text,0030000,30000,rollout_1fps,lpips,2s,2,0.550338864326477,artifacts/summaries/eval_scand/eval_s_scand_128/nwm_cdit_s_recon_128_0030000/scand_rollout_1fps.json
eval_s_scand_128,nwm_cdit_s_recon_128_0030000,S,128,No Text,CDiT-S 128px No Text,0030000,30000,rollout_1fps,dreamsim,2s,2,0.5899966359138489,artifacts/summaries/eval_scand/eval_s_scand_128/nwm_cdit_s_recon_128_0030000/scand_rollout_1fps.json
eval_s_scand_128,nwm_cdit_s_recon_128_0030000,S,128,No Text,CDiT-S 128px No Text,0030000,30000,rollout_1fps,lpips,4s,4,0.5856980085372925,artifacts/summaries/eval_scand/eval_s_scand_128/nwm_cdit_s_recon_128_0030000/scand_rollout_1fps.json
eval_s_scand_128,nwm_cdit_s_recon_128_0030000,S,128,No Text,CDiT-S 128px No Text,0030000,30000,rollout_1fps,dreamsim,4s,4,0.5983365774154663,artifacts/summaries/eval_scand/eval_s_scand_128/nwm_cdit_s_recon_128_0030000/scand_rollout_1fps.json
eval_s_scand_128,nwm_cdit_s_recon_128_0030000,S,128,No Text,CDiT-S 128px No Text,0030000,30000,rollout_1fps,lpips,8s,8,0.6171855330467224,artifacts/summaries/eval_scand/eval_s_scand_128/nwm_cdit_s_recon_128_0030000/scand_rollout_1fps.json
eval_s_scand_128,nwm_cdit_s_recon_128_0030000,S,128,No Text,CDiT-S 128px No Text,0030000,30000,rollout_1fps,dreamsim,8s,8,0.6127396821975708,artifacts/summaries/eval_scand/eval_s_scand_128/nwm_cdit_s_recon_128_0030000/scand_rollout_1fps.json
eval_s_scand_128,nwm_cdit_s_recon_128_0030000,S,128,No Text,CDiT-S 128px No Text,0030000,30000,rollout_1fps,lpips,16s,16,0.6405134797096252,artifacts/summaries/eval_scand/eval_s_scand_128/nwm_cdit_s_recon_128_0030000/scand_rollout_1fps.json
eval_s_scand_128,nwm_cdit_s_recon_128_0030000,S,128,No Text,CDiT-S 128px No Text,0030000,30000,rollout_1fps,dreamsim,16s,16,0.6450614333152771,artifacts/summaries/eval_scand/eval_s_scand_128/nwm_cdit_s_recon_128_0030000/scand_rollout_1fps.json
eval_s_scand_128,nwm_cdit_s_recon_128_0030000,S,128,No Text,CDiT-S 128px No Text,0030000,30000,rollout_1fps,fid,1s,1,232.02842712402344,artifacts/summaries/eval_scand/eval_s_scand_128/nwm_cdit_s_recon_128_0030000/scand_rollout_1fps.json
eval_s_scand_128,nwm_cdit_s_recon_128_0030000,S,128,No Text,CDiT-S 128px No Text,0030000,30000,rollout_1fps,fid,2s,2,222.34341430664062,artifacts/summaries/eval_scand/eval_s_scand_128/nwm_cdit_s_recon_128_0030000/scand_rollout_1fps.json
eval_s_scand_128,nwm_cdit_s_recon_128_0030000,S,128,No Text,CDiT-S 128px No Text,0030000,30000,rollout_1fps,fid,4s,4,218.77569580078125,artifacts/summaries/eval_scand/eval_s_scand_128/nwm_cdit_s_recon_128_0030000/scand_rollout_1fps.json
eval_s_scand_128,nwm_cdit_s_recon_128_0030000,S,128,No Text,CDiT-S 128px No Text,0030000,30000,rollout_1fps,fid,8s,8,213.95745849609375,artifacts/summaries/eval_scand/eval_s_scand_128/nwm_cdit_s_recon_128_0030000/scand_rollout_1fps.json
eval_s_scand_128,nwm_cdit_s_recon_128_0030000,S,128,No Text,CDiT-S 128px No Text,0030000,30000,rollout_1fps,fid,16s,16,218.74813842773438,artifacts/summaries/eval_scand/eval_s_scand_128/nwm_cdit_s_recon_128_0030000/scand_rollout_1fps.json
eval_s_scand_128,nwm_cdit_s_recon_128_0030000,S,128,No Text,CDiT-S 128px No Text,0030000,30000,rollout_4fps,lpips,1s,1,0.5602203607559204,artifacts/summaries/eval_scand/eval_s_scand_128/nwm_cdit_s_recon_128_0030000/scand_rollout_4fps.json
eval_s_scand_128,nwm_cdit_s_recon_128_0030000,S,128,No Text,CDiT-S 128px No Text,0030000,30000,rollout_4fps,dreamsim,1s,1,0.5888562202453613,artifacts/summaries/eval_scand/eval_s_scand_128/nwm_cdit_s_recon_128_0030000/scand_rollout_4fps.json
eval_s_scand_128,nwm_cdit_s_recon_128_0030000,S,128,No Text,CDiT-S 128px No Text,0030000,30000,rollout_4fps,lpips,2s,2,0.5858330726623535,artifacts/summaries/eval_scand/eval_s_scand_128/nwm_cdit_s_recon_128_0030000/scand_rollout_4fps.json
eval_s_scand_128,nwm_cdit_s_recon_128_0030000,S,128,No Text,CDiT-S 128px No Text,0030000,30000,rollout_4fps,dreamsim,2s,2,0.5984041690826416,artifacts/summaries/eval_scand/eval_s_scand_128/nwm_cdit_s_recon_128_0030000/scand_rollout_4fps.json
eval_s_scand_128,nwm_cdit_s_recon_128_0030000,S,128,No Text,CDiT-S 128px No Text,0030000,30000,rollout_4fps,lpips,4s,4,0.6228950619697571,artifacts/summaries/eval_scand/eval_s_scand_128/nwm_cdit_s_recon_128_0030000/scand_rollout_4fps.json
eval_s_scand_128,nwm_cdit_s_recon_128_0030000,S,128,No Text,CDiT-S 128px No Text,0030000,30000,rollout_4fps,dreamsim,4s,4,0.6186123490333557,artifacts/summaries/eval_scand/eval_s_scand_128/nwm_cdit_s_recon_128_0030000/scand_rollout_4fps.json
eval_s_scand_128,nwm_cdit_s_recon_128_0030000,S,128,No Text,CDiT-S 128px No Text,0030000,30000,rollout_4fps,lpips,8s,8,0.6407949924468994,artifacts/summaries/eval_scand/eval_s_scand_128/nwm_cdit_s_recon_128_0030000/scand_rollout_4fps.json
eval_s_scand_128,nwm_cdit_s_recon_128_0030000,S,128,No Text,CDiT-S 128px No Text,0030000,30000,rollout_4fps,dreamsim,8s,8,0.6298044919967651,artifacts/summaries/eval_scand/eval_s_scand_128/nwm_cdit_s_recon_128_0030000/scand_rollout_4fps.json
eval_s_scand_128,nwm_cdit_s_recon_128_0030000,S,128,No Text,CDiT-S 128px No Text,0030000,30000,rollout_4fps,lpips,16s,16,0.6554334163665771,artifacts/summaries/eval_scand/eval_s_scand_128/nwm_cdit_s_recon_128_0030000/scand_rollout_4fps.json
eval_s_scand_128,nwm_cdit_s_recon_128_0030000,S,128,No Text,CDiT-S 128px No Text,0030000,30000,rollout_4fps,dreamsim,16s,16,0.6453828811645508,artifacts/summaries/eval_scand/eval_s_scand_128/nwm_cdit_s_recon_128_0030000/scand_rollout_4fps.json
eval_s_scand_128,nwm_cdit_s_recon_128_0030000,S,128,No Text,CDiT-S 128px No Text,0030000,30000,rollout_4fps,fid,1s,1,221.6065216064453,artifacts/summaries/eval_scand/eval_s_scand_128/nwm_cdit_s_recon_128_0030000/scand_rollout_4fps.json
eval_s_scand_128,nwm_cdit_s_recon_128_0030000,S,128,No Text,CDiT-S 128px No Text,0030000,30000,rollout_4fps,fid,2s,2,220.11453247070312,artifacts/summaries/eval_scand/eval_s_scand_128/nwm_cdit_s_recon_128_0030000/scand_rollout_4fps.json
eval_s_scand_128,nwm_cdit_s_recon_128_0030000,S,128,No Text,CDiT-S 128px No Text,0030000,30000,rollout_4fps,fid,4s,4,211.23623657226562,artifacts/summaries/eval_scand/eval_s_scand_128/nwm_cdit_s_recon_128_0030000/scand_rollout_4fps.json
eval_s_scand_128,nwm_cdit_s_recon_128_0030000,S,128,No Text,CDiT-S 128px No Text,0030000,30000,rollout_4fps,fid,8s,8,206.5227508544922,artifacts/summaries/eval_scand/eval_s_scand_128/nwm_cdit_s_recon_128_0030000/scand_rollout_4fps.json
eval_s_scand_128,nwm_cdit_s_recon_128_0030000,S,128,No Text,CDiT-S 128px No Text,0030000,30000,rollout_4fps,fid,16s,16,214.14112854003906,artifacts/summaries/eval_scand/eval_s_scand_128/nwm_cdit_s_recon_128_0030000/scand_rollout_4fps.json
eval_s_scand_128,nwm_cdit_s_recon_128_0030000,S,128,No Text,CDiT-S 128px No Text,0030000,30000,time,lpips,1s,1,0.49626588821411133,artifacts/summaries/eval_scand/eval_s_scand_128/nwm_cdit_s_recon_128_0030000/scand_time.json
eval_s_scand_128,nwm_cdit_s_recon_128_0030000,S,128,No Text,CDiT-S 128px No Text,0030000,30000,time,dreamsim,1s,1,0.5600529313087463,artifacts/summaries/eval_scand/eval_s_scand_128/nwm_cdit_s_recon_128_0030000/scand_time.json
eval_s_scand_128,nwm_cdit_s_recon_128_0030000,S,128,No Text,CDiT-S 128px No Text,0030000,30000,time,lpips,2s,2,0.52560955286026,artifacts/summaries/eval_scand/eval_s_scand_128/nwm_cdit_s_recon_128_0030000/scand_time.json
eval_s_scand_128,nwm_cdit_s_recon_128_0030000,S,128,No Text,CDiT-S 128px No Text,0030000,30000,time,dreamsim,2s,2,0.5723860263824463,artifacts/summaries/eval_scand/eval_s_scand_128/nwm_cdit_s_recon_128_0030000/scand_time.json
eval_s_scand_128,nwm_cdit_s_recon_128_0030000,S,128,No Text,CDiT-S 128px No Text,0030000,30000,time,lpips,4s,4,0.559921383857727,artifacts/summaries/eval_scand/eval_s_scand_128/nwm_cdit_s_recon_128_0030000/scand_time.json
eval_s_scand_128,nwm_cdit_s_recon_128_0030000,S,128,No Text,CDiT-S 128px No Text,0030000,30000,time,dreamsim,4s,4,0.5866221785545349,artifacts/summaries/eval_scand/eval_s_scand_128/nwm_cdit_s_recon_128_0030000/scand_time.json
eval_s_scand_128,nwm_cdit_s_recon_128_0030000,S,128,No Text,CDiT-S 128px No Text,0030000,30000,time,lpips,8s,8,0.5899707078933716,artifacts/summaries/eval_scand/eval_s_scand_128/nwm_cdit_s_recon_128_0030000/scand_time.json
eval_s_scand_128,nwm_cdit_s_recon_128_0030000,S,128,No Text,CDiT-S 128px No Text,0030000,30000,time,dreamsim,8s,8,0.6032706499099731,artifacts/summaries/eval_scand/eval_s_scand_128/nwm_cdit_s_recon_128_0030000/scand_time.json
eval_s_scand_128,nwm_cdit_s_recon_128_0030000,S,128,No Text,CDiT-S 128px No Text,0030000,30000,time,lpips,16s,16,0.6109378933906555,artifacts/summaries/eval_scand/eval_s_scand_128/nwm_cdit_s_recon_128_0030000/scand_time.json
eval_s_scand_128,nwm_cdit_s_recon_128_0030000,S,128,No Text,CDiT-S 128px No Text,0030000,30000,time,dreamsim,16s,16,0.6239110231399536,artifacts/summaries/eval_scand/eval_s_scand_128/nwm_cdit_s_recon_128_0030000/scand_time.json
eval_s_scand_128,nwm_cdit_s_recon_128_0030000,S,128,No Text,CDiT-S 128px No Text,0030000,30000,time,fid,1s,1,190.0758819580078,artifacts/summaries/eval_scand/eval_s_scand_128/nwm_cdit_s_recon_128_0030000/scand_time.json
eval_s_scand_128,nwm_cdit_s_recon_128_0030000,S,128,No Text,CDiT-S 128px No Text,0030000,30000,time,fid,2s,2,191.845458984375,artifacts/summaries/eval_scand/eval_s_scand_128/nwm_cdit_s_recon_128_0030000/scand_time.json
eval_s_scand_128,nwm_cdit_s_recon_128_0030000,S,128,No Text,CDiT-S 128px No Text,0030000,30000,time,fid,4s,4,188.90505981445312,artifacts/summaries/eval_scand/eval_s_scand_128/nwm_cdit_s_recon_128_0030000/scand_time.json
eval_s_scand_128,nwm_cdit_s_recon_128_0030000,S,128,No Text,CDiT-S 128px No Text,0030000,30000,time,fid,8s,8,178.915283203125,artifacts/summaries/eval_scand/eval_s_scand_128/nwm_cdit_s_recon_128_0030000/scand_time.json
eval_s_scand_128,nwm_cdit_s_recon_128_0030000,S,128,No Text,CDiT-S 128px No Text,0030000,30000,time,fid,16s,16,188.18368530273438,artifacts/summaries/eval_scand/eval_s_scand_128/nwm_cdit_s_recon_128_0030000/scand_time.json
eval_s_scand_128,nwm_cdit_s_recon_128_0035000,S,128,No Text,CDiT-S 128px No Text,0035000,35000,time,lpips,1s,1,0.4890853464603424,artifacts/summaries/eval_scand/eval_s_scand_128/nwm_cdit_s_recon_128_0035000/scand_time.json
eval_s_scand_128,nwm_cdit_s_recon_128_0035000,S,128,No Text,CDiT-S 128px No Text,0035000,35000,time,dreamsim,1s,1,0.5524387955665588,artifacts/summaries/eval_scand/eval_s_scand_128/nwm_cdit_s_recon_128_0035000/scand_time.json
eval_s_scand_128,nwm_cdit_s_recon_128_0035000,S,128,No Text,CDiT-S 128px No Text,0035000,35000,time,lpips,2s,2,0.5242341756820679,artifacts/summaries/eval_scand/eval_s_scand_128/nwm_cdit_s_recon_128_0035000/scand_time.json
eval_s_scand_128,nwm_cdit_s_recon_128_0035000,S,128,No Text,CDiT-S 128px No Text,0035000,35000,time,dreamsim,2s,2,0.573965847492218,artifacts/summaries/eval_scand/eval_s_scand_128/nwm_cdit_s_recon_128_0035000/scand_time.json
eval_s_scand_128,nwm_cdit_s_recon_128_0035000,S,128,No Text,CDiT-S 128px No Text,0035000,35000,time,lpips,4s,4,0.5594774484634399,artifacts/summaries/eval_scand/eval_s_scand_128/nwm_cdit_s_recon_128_0035000/scand_time.json
eval_s_scand_128,nwm_cdit_s_recon_128_0035000,S,128,No Text,CDiT-S 128px No Text,0035000,35000,time,dreamsim,4s,4,0.5861589312553406,artifacts/summaries/eval_scand/eval_s_scand_128/nwm_cdit_s_recon_128_0035000/scand_time.json
eval_s_scand_128,nwm_cdit_s_recon_128_0035000,S,128,No Text,CDiT-S 128px No Text,0035000,35000,time,lpips,8s,8,0.5892911553382874,artifacts/summaries/eval_scand/eval_s_scand_128/nwm_cdit_s_recon_128_0035000/scand_time.json
eval_s_scand_128,nwm_cdit_s_recon_128_0035000,S,128,No Text,CDiT-S 128px No Text,0035000,35000,time,dreamsim,8s,8,0.6023398637771606,artifacts/summaries/eval_scand/eval_s_scand_128/nwm_cdit_s_recon_128_0035000/scand_time.json
eval_s_scand_128,nwm_cdit_s_recon_128_0035000,S,128,No Text,CDiT-S 128px No Text,0035000,35000,time,lpips,16s,16,0.6114543676376343,artifacts/summaries/eval_scand/eval_s_scand_128/nwm_cdit_s_recon_128_0035000/scand_time.json
eval_s_scand_128,nwm_cdit_s_recon_128_0035000,S,128,No Text,CDiT-S 128px No Text,0035000,35000,time,dreamsim,16s,16,0.6253108978271484,artifacts/summaries/eval_scand/eval_s_scand_128/nwm_cdit_s_recon_128_0035000/scand_time.json
eval_s_scand_128,nwm_cdit_s_recon_128_0035000,S,128,No Text,CDiT-S 128px No Text,0035000,35000,time,fid,1s,1,188.11331176757812,artifacts/summaries/eval_scand/eval_s_scand_128/nwm_cdit_s_recon_128_0035000/scand_time.json
eval_s_scand_128,nwm_cdit_s_recon_128_0035000,S,128,No Text,CDiT-S 128px No Text,0035000,35000,time,fid,2s,2,191.33883666992188,artifacts/summaries/eval_scand/eval_s_scand_128/nwm_cdit_s_recon_128_0035000/scand_time.json
eval_s_scand_128,nwm_cdit_s_recon_128_0035000,S,128,No Text,CDiT-S 128px No Text,0035000,35000,time,fid,4s,4,185.7568359375,artifacts/summaries/eval_scand/eval_s_scand_128/nwm_cdit_s_recon_128_0035000/scand_time.json
eval_s_scand_128,nwm_cdit_s_recon_128_0035000,S,128,No Text,CDiT-S 128px No Text,0035000,35000,time,fid,8s,8,186.20326232910156,artifacts/summaries/eval_scand/eval_s_scand_128/nwm_cdit_s_recon_128_0035000/scand_time.json
eval_s_scand_128,nwm_cdit_s_recon_128_0035000,S,128,No Text,CDiT-S 128px No Text,0035000,35000,time,fid,16s,16,188.07626342773438,artifacts/summaries/eval_scand/eval_s_scand_128/nwm_cdit_s_recon_128_0035000/scand_time.json
eval_s_scand_128,nwm_cdit_s_recon_128_0040000,S,128,No Text,CDiT-S 128px No Text,0040000,40000,time,lpips,1s,1,0.4860895574092865,artifacts/summaries/eval_scand/eval_s_scand_128/nwm_cdit_s_recon_128_0040000/scand_time.json
eval_s_scand_128,nwm_cdit_s_recon_128_0040000,S,128,No Text,CDiT-S 128px No Text,0040000,40000,time,dreamsim,1s,1,0.5536376237869263,artifacts/summaries/eval_scand/eval_s_scand_128/nwm_cdit_s_recon_128_0040000/scand_time.json
eval_s_scand_128,nwm_cdit_s_recon_128_0040000,S,128,No Text,CDiT-S 128px No Text,0040000,40000,time,lpips,2s,2,0.5187516212463379,artifacts/summaries/eval_scand/eval_s_scand_128/nwm_cdit_s_recon_128_0040000/scand_time.json
eval_s_scand_128,nwm_cdit_s_recon_128_0040000,S,128,No Text,CDiT-S 128px No Text,0040000,40000,time,dreamsim,2s,2,0.5711177587509155,artifacts/summaries/eval_scand/eval_s_scand_128/nwm_cdit_s_recon_128_0040000/scand_time.json
eval_s_scand_128,nwm_cdit_s_recon_128_0040000,S,128,No Text,CDiT-S 128px No Text,0040000,40000,time,lpips,4s,4,0.5585387349128723,artifacts/summaries/eval_scand/eval_s_scand_128/nwm_cdit_s_recon_128_0040000/scand_time.json
eval_s_scand_128,nwm_cdit_s_recon_128_0040000,S,128,No Text,CDiT-S 128px No Text,0040000,40000,time,dreamsim,4s,4,0.583807647228241,artifacts/summaries/eval_scand/eval_s_scand_128/nwm_cdit_s_recon_128_0040000/scand_time.json
eval_s_scand_128,nwm_cdit_s_recon_128_0040000,S,128,No Text,CDiT-S 128px No Text,0040000,40000,time,lpips,8s,8,0.5879982113838196,artifacts/summaries/eval_scand/eval_s_scand_128/nwm_cdit_s_recon_128_0040000/scand_time.json
eval_s_scand_128,nwm_cdit_s_recon_128_0040000,S,128,No Text,CDiT-S 128px No Text,0040000,40000,time,dreamsim,8s,8,0.6034130454063416,artifacts/summaries/eval_scand/eval_s_scand_128/nwm_cdit_s_recon_128_0040000/scand_time.json
eval_s_scand_128,nwm_cdit_s_recon_128_0040000,S,128,No Text,CDiT-S 128px No Text,0040000,40000,time,lpips,16s,16,0.6136316061019897,artifacts/summaries/eval_scand/eval_s_scand_128/nwm_cdit_s_recon_128_0040000/scand_time.json
eval_s_scand_128,nwm_cdit_s_recon_128_0040000,S,128,No Text,CDiT-S 128px No Text,0040000,40000,time,dreamsim,16s,16,0.6258642673492432,artifacts/summaries/eval_scand/eval_s_scand_128/nwm_cdit_s_recon_128_0040000/scand_time.json
eval_s_scand_128,nwm_cdit_s_recon_128_0040000,S,128,No Text,CDiT-S 128px No Text,0040000,40000,time,fid,1s,1,194.74172973632812,artifacts/summaries/eval_scand/eval_s_scand_128/nwm_cdit_s_recon_128_0040000/scand_time.json
eval_s_scand_128,nwm_cdit_s_recon_128_0040000,S,128,No Text,CDiT-S 128px No Text,0040000,40000,time,fid,2s,2,190.10726928710938,artifacts/summaries/eval_scand/eval_s_scand_128/nwm_cdit_s_recon_128_0040000/scand_time.json
eval_s_scand_128,nwm_cdit_s_recon_128_0040000,S,128,No Text,CDiT-S 128px No Text,0040000,40000,time,fid,4s,4,189.9337921142578,artifacts/summaries/eval_scand/eval_s_scand_128/nwm_cdit_s_recon_128_0040000/scand_time.json
eval_s_scand_128,nwm_cdit_s_recon_128_0040000,S,128,No Text,CDiT-S 128px No Text,0040000,40000,time,fid,8s,8,181.95062255859375,artifacts/summaries/eval_scand/eval_s_scand_128/nwm_cdit_s_recon_128_0040000/scand_time.json
eval_s_scand_128,nwm_cdit_s_recon_128_0040000,S,128,No Text,CDiT-S 128px No Text,0040000,40000,time,fid,16s,16,189.00035095214844,artifacts/summaries/eval_scand/eval_s_scand_128/nwm_cdit_s_recon_128_0040000/scand_time.json
eval_s_scand_128,nwm_cdit_s_recon_128_0045000,S,128,No Text,CDiT-S 128px No Text,0045000,45000,time,lpips,1s,1,0.4885532855987549,artifacts/summaries/eval_scand/eval_s_scand_128/nwm_cdit_s_recon_128_0045000/scand_time.json
eval_s_scand_128,nwm_cdit_s_recon_128_0045000,S,128,No Text,CDiT-S 128px No Text,0045000,45000,time,dreamsim,1s,1,0.5539268255233765,artifacts/summaries/eval_scand/eval_s_scand_128/nwm_cdit_s_recon_128_0045000/scand_time.json
eval_s_scand_128,nwm_cdit_s_recon_128_0045000,S,128,No Text,CDiT-S 128px No Text,0045000,45000,time,lpips,2s,2,0.5220937728881836,artifacts/summaries/eval_scand/eval_s_scand_128/nwm_cdit_s_recon_128_0045000/scand_time.json
eval_s_scand_128,nwm_cdit_s_recon_128_0045000,S,128,No Text,CDiT-S 128px No Text,0045000,45000,time,dreamsim,2s,2,0.5732873678207397,artifacts/summaries/eval_scand/eval_s_scand_128/nwm_cdit_s_recon_128_0045000/scand_time.json
eval_s_scand_128,nwm_cdit_s_recon_128_0045000,S,128,No Text,CDiT-S 128px No Text,0045000,45000,time,lpips,4s,4,0.5615639090538025,artifacts/summaries/eval_scand/eval_s_scand_128/nwm_cdit_s_recon_128_0045000/scand_time.json
eval_s_scand_128,nwm_cdit_s_recon_128_0045000,S,128,No Text,CDiT-S 128px No Text,0045000,45000,time,dreamsim,4s,4,0.5847402811050415,artifacts/summaries/eval_scand/eval_s_scand_128/nwm_cdit_s_recon_128_0045000/scand_time.json
eval_s_scand_128,nwm_cdit_s_recon_128_0045000,S,128,No Text,CDiT-S 128px No Text,0045000,45000,time,lpips,8s,8,0.5907890796661377,artifacts/summaries/eval_scand/eval_s_scand_128/nwm_cdit_s_recon_128_0045000/scand_time.json
eval_s_scand_128,nwm_cdit_s_recon_128_0045000,S,128,No Text,CDiT-S 128px No Text,0045000,45000,time,dreamsim,8s,8,0.6043597459793091,artifacts/summaries/eval_scand/eval_s_scand_128/nwm_cdit_s_recon_128_0045000/scand_time.json
eval_s_scand_128,nwm_cdit_s_recon_128_0045000,S,128,No Text,CDiT-S 128px No Text,0045000,45000,time,lpips,16s,16,0.6127527952194214,artifacts/summaries/eval_scand/eval_s_scand_128/nwm_cdit_s_recon_128_0045000/scand_time.json
eval_s_scand_128,nwm_cdit_s_recon_128_0045000,S,128,No Text,CDiT-S 128px No Text,0045000,45000,time,dreamsim,16s,16,0.6220496892929077,artifacts/summaries/eval_scand/eval_s_scand_128/nwm_cdit_s_recon_128_0045000/scand_time.json
eval_s_scand_128,nwm_cdit_s_recon_128_0045000,S,128,No Text,CDiT-S 128px No Text,0045000,45000,time,fid,1s,1,191.03619384765625,artifacts/summaries/eval_scand/eval_s_scand_128/nwm_cdit_s_recon_128_0045000/scand_time.json
eval_s_scand_128,nwm_cdit_s_recon_128_0045000,S,128,No Text,CDiT-S 128px No Text,0045000,45000,time,fid,2s,2,188.99105834960938,artifacts/summaries/eval_scand/eval_s_scand_128/nwm_cdit_s_recon_128_0045000/scand_time.json
eval_s_scand_128,nwm_cdit_s_recon_128_0045000,S,128,No Text,CDiT-S 128px No Text,0045000,45000,time,fid,4s,4,188.39065551757812,artifacts/summaries/eval_scand/eval_s_scand_128/nwm_cdit_s_recon_128_0045000/scand_time.json
eval_s_scand_128,nwm_cdit_s_recon_128_0045000,S,128,No Text,CDiT-S 128px No Text,0045000,45000,time,fid,8s,8,184.53428649902344,artifacts/summaries/eval_scand/eval_s_scand_128/nwm_cdit_s_recon_128_0045000/scand_time.json
eval_s_scand_128,nwm_cdit_s_recon_128_0045000,S,128,No Text,CDiT-S 128px No Text,0045000,45000,time,fid,16s,16,188.8555908203125,artifacts/summaries/eval_scand/eval_s_scand_128/nwm_cdit_s_recon_128_0045000/scand_time.json
eval_s_scand_128,nwm_cdit_s_recon_128_0050000,S,128,No Text,CDiT-S 128px No Text,0050000,50000,time,lpips,1s,1,0.4877961575984955,artifacts/summaries/eval_scand/eval_s_scand_128/nwm_cdit_s_recon_128_0050000/scand_time.json
eval_s_scand_128,nwm_cdit_s_recon_128_0050000,S,128,No Text,CDiT-S 128px No Text,0050000,50000,time,dreamsim,1s,1,0.551112949848175,artifacts/summaries/eval_scand/eval_s_scand_128/nwm_cdit_s_recon_128_0050000/scand_time.json
eval_s_scand_128,nwm_cdit_s_recon_128_0050000,S,128,No Text,CDiT-S 128px No Text,0050000,50000,time,lpips,2s,2,0.5246046185493469,artifacts/summaries/eval_scand/eval_s_scand_128/nwm_cdit_s_recon_128_0050000/scand_time.json
eval_s_scand_128,nwm_cdit_s_recon_128_0050000,S,128,No Text,CDiT-S 128px No Text,0050000,50000,time,dreamsim,2s,2,0.5743371248245239,artifacts/summaries/eval_scand/eval_s_scand_128/nwm_cdit_s_recon_128_0050000/scand_time.json
eval_s_scand_128,nwm_cdit_s_recon_128_0050000,S,128,No Text,CDiT-S 128px No Text,0050000,50000,time,lpips,4s,4,0.5597326755523682,artifacts/summaries/eval_scand/eval_s_scand_128/nwm_cdit_s_recon_128_0050000/scand_time.json
eval_s_scand_128,nwm_cdit_s_recon_128_0050000,S,128,No Text,CDiT-S 128px No Text,0050000,50000,time,dreamsim,4s,4,0.5855466723442078,artifacts/summaries/eval_scand/eval_s_scand_128/nwm_cdit_s_recon_128_0050000/scand_time.json
eval_s_scand_128,nwm_cdit_s_recon_128_0050000,S,128,No Text,CDiT-S 128px No Text,0050000,50000,time,lpips,8s,8,0.5918071866035461,artifacts/summaries/eval_scand/eval_s_scand_128/nwm_cdit_s_recon_128_0050000/scand_time.json
eval_s_scand_128,nwm_cdit_s_recon_128_0050000,S,128,No Text,CDiT-S 128px No Text,0050000,50000,time,dreamsim,8s,8,0.6036576628684998,artifacts/summaries/eval_scand/eval_s_scand_128/nwm_cdit_s_recon_128_0050000/scand_time.json
eval_s_scand_128,nwm_cdit_s_recon_128_0050000,S,128,No Text,CDiT-S 128px No Text,0050000,50000,time,lpips,16s,16,0.6138812303543091,artifacts/summaries/eval_scand/eval_s_scand_128/nwm_cdit_s_recon_128_0050000/scand_time.json
eval_s_scand_128,nwm_cdit_s_recon_128_0050000,S,128,No Text,CDiT-S 128px No Text,0050000,50000,time,dreamsim,16s,16,0.6240183115005493,artifacts/summaries/eval_scand/eval_s_scand_128/nwm_cdit_s_recon_128_0050000/scand_time.json
eval_s_scand_128,nwm_cdit_s_recon_128_0050000,S,128,No Text,CDiT-S 128px No Text,0050000,50000,time,fid,1s,1,188.08261108398438,artifacts/summaries/eval_scand/eval_s_scand_128/nwm_cdit_s_recon_128_0050000/scand_time.json
eval_s_scand_128,nwm_cdit_s_recon_128_0050000,S,128,No Text,CDiT-S 128px No Text,0050000,50000,time,fid,2s,2,189.50546264648438,artifacts/summaries/eval_scand/eval_s_scand_128/nwm_cdit_s_recon_128_0050000/scand_time.json
eval_s_scand_128,nwm_cdit_s_recon_128_0050000,S,128,No Text,CDiT-S 128px No Text,0050000,50000,time,fid,4s,4,188.83001708984375,artifacts/summaries/eval_scand/eval_s_scand_128/nwm_cdit_s_recon_128_0050000/scand_time.json
eval_s_scand_128,nwm_cdit_s_recon_128_0050000,S,128,No Text,CDiT-S 128px No Text,0050000,50000,time,fid,8s,8,186.51132202148438,artifacts/summaries/eval_scand/eval_s_scand_128/nwm_cdit_s_recon_128_0050000/scand_time.json
eval_s_scand_128,nwm_cdit_s_recon_128_0050000,S,128,No Text,CDiT-S 128px No Text,0050000,50000,time,fid,16s,16,186.69940185546875,artifacts/summaries/eval_scand/eval_s_scand_128/nwm_cdit_s_recon_128_0050000/scand_time.json
eval_s_scand_128,nwm_cdit_s_recon_128_0055000,S,128,No Text,CDiT-S 128px No Text,0055000,55000,time,lpips,1s,1,0.4906347095966339,artifacts/summaries/eval_scand/eval_s_scand_128/nwm_cdit_s_recon_128_0055000/scand_time.json
eval_s_scand_128,nwm_cdit_s_recon_128_0055000,S,128,No Text,CDiT-S 128px No Text,0055000,55000,time,dreamsim,1s,1,0.5538888573646545,artifacts/summaries/eval_scand/eval_s_scand_128/nwm_cdit_s_recon_128_0055000/scand_time.json
eval_s_scand_128,nwm_cdit_s_recon_128_0055000,S,128,No Text,CDiT-S 128px No Text,0055000,55000,time,lpips,2s,2,0.5253974199295044,artifacts/summaries/eval_scand/eval_s_scand_128/nwm_cdit_s_recon_128_0055000/scand_time.json
eval_s_scand_128,nwm_cdit_s_recon_128_0055000,S,128,No Text,CDiT-S 128px No Text,0055000,55000,time,dreamsim,2s,2,0.5713232755661011,artifacts/summaries/eval_scand/eval_s_scand_128/nwm_cdit_s_recon_128_0055000/scand_time.json
eval_s_scand_128,nwm_cdit_s_recon_128_0055000,S,128,No Text,CDiT-S 128px No Text,0055000,55000,time,lpips,4s,4,0.5617944598197937,artifacts/summaries/eval_scand/eval_s_scand_128/nwm_cdit_s_recon_128_0055000/scand_time.json
eval_s_scand_128,nwm_cdit_s_recon_128_0055000,S,128,No Text,CDiT-S 128px No Text,0055000,55000,time,dreamsim,4s,4,0.5835216641426086,artifacts/summaries/eval_scand/eval_s_scand_128/nwm_cdit_s_recon_128_0055000/scand_time.json
eval_s_scand_128,nwm_cdit_s_recon_128_0055000,S,128,No Text,CDiT-S 128px No Text,0055000,55000,time,lpips,8s,8,0.5901628732681274,artifacts/summaries/eval_scand/eval_s_scand_128/nwm_cdit_s_recon_128_0055000/scand_time.json
eval_s_scand_128,nwm_cdit_s_recon_128_0055000,S,128,No Text,CDiT-S 128px No Text,0055000,55000,time,dreamsim,8s,8,0.6037310361862183,artifacts/summaries/eval_scand/eval_s_scand_128/nwm_cdit_s_recon_128_0055000/scand_time.json
eval_s_scand_128,nwm_cdit_s_recon_128_0055000,S,128,No Text,CDiT-S 128px No Text,0055000,55000,time,lpips,16s,16,0.6132590770721436,artifacts/summaries/eval_scand/eval_s_scand_128/nwm_cdit_s_recon_128_0055000/scand_time.json
eval_s_scand_128,nwm_cdit_s_recon_128_0055000,S,128,No Text,CDiT-S 128px No Text,0055000,55000,time,dreamsim,16s,16,0.6251307725906372,artifacts/summaries/eval_scand/eval_s_scand_128/nwm_cdit_s_recon_128_0055000/scand_time.json
eval_s_scand_128,nwm_cdit_s_recon_128_0055000,S,128,No Text,CDiT-S 128px No Text,0055000,55000,time,fid,1s,1,186.52655029296875,artifacts/summaries/eval_scand/eval_s_scand_128/nwm_cdit_s_recon_128_0055000/scand_time.json
eval_s_scand_128,nwm_cdit_s_recon_128_0055000,S,128,No Text,CDiT-S 128px No Text,0055000,55000,time,fid,2s,2,189.23887634277344,artifacts/summaries/eval_scand/eval_s_scand_128/nwm_cdit_s_recon_128_0055000/scand_time.json
eval_s_scand_128,nwm_cdit_s_recon_128_0055000,S,128,No Text,CDiT-S 128px No Text,0055000,55000,time,fid,4s,4,186.69503784179688,artifacts/summaries/eval_scand/eval_s_scand_128/nwm_cdit_s_recon_128_0055000/scand_time.json
eval_s_scand_128,nwm_cdit_s_recon_128_0055000,S,128,No Text,CDiT-S 128px No Text,0055000,55000,time,fid,8s,8,184.04248046875,artifacts/summaries/eval_scand/eval_s_scand_128/nwm_cdit_s_recon_128_0055000/scand_time.json
eval_s_scand_128,nwm_cdit_s_recon_128_0055000,S,128,No Text,CDiT-S 128px No Text,0055000,55000,time,fid,16s,16,189.8861541748047,artifacts/summaries/eval_scand/eval_s_scand_128/nwm_cdit_s_recon_128_0055000/scand_time.json
eval_s_scand_128,nwm_cdit_s_recon_128_latest,S,128,No Text,CDiT-S 128px No Text,latest,,time,lpips,1s,1,0.49071159958839417,artifacts/summaries/eval_scand/eval_s_scand_128/nwm_cdit_s_recon_128_latest/scand_time.json
eval_s_scand_128,nwm_cdit_s_recon_128_latest,S,128,No Text,CDiT-S 128px No Text,latest,,time,dreamsim,1s,1,0.5539130568504333,artifacts/summaries/eval_scand/eval_s_scand_128/nwm_cdit_s_recon_128_latest/scand_time.json
eval_s_scand_128,nwm_cdit_s_recon_128_latest,S,128,No Text,CDiT-S 128px No Text,latest,,time,lpips,2s,2,0.5236673951148987,artifacts/summaries/eval_scand/eval_s_scand_128/nwm_cdit_s_recon_128_latest/scand_time.json
eval_s_scand_128,nwm_cdit_s_recon_128_latest,S,128,No Text,CDiT-S 128px No Text,latest,,time,dreamsim,2s,2,0.5709391236305237,artifacts/summaries/eval_scand/eval_s_scand_128/nwm_cdit_s_recon_128_latest/scand_time.json
eval_s_scand_128,nwm_cdit_s_recon_128_latest,S,128,No Text,CDiT-S 128px No Text,latest,,time,lpips,4s,4,0.557237982749939,artifacts/summaries/eval_scand/eval_s_scand_128/nwm_cdit_s_recon_128_latest/scand_time.json
eval_s_scand_128,nwm_cdit_s_recon_128_latest,S,128,No Text,CDiT-S 128px No Text,latest,,time,dreamsim,4s,4,0.5825890898704529,artifacts/summaries/eval_scand/eval_s_scand_128/nwm_cdit_s_recon_128_latest/scand_time.json
eval_s_scand_128,nwm_cdit_s_recon_128_latest,S,128,No Text,CDiT-S 128px No Text,latest,,time,lpips,8s,8,0.5913743376731873,artifacts/summaries/eval_scand/eval_s_scand_128/nwm_cdit_s_recon_128_latest/scand_time.json
eval_s_scand_128,nwm_cdit_s_recon_128_latest,S,128,No Text,CDiT-S 128px No Text,latest,,time,dreamsim,8s,8,0.6051233410835266,artifacts/summaries/eval_scand/eval_s_scand_128/nwm_cdit_s_recon_128_latest/scand_time.json
eval_s_scand_128,nwm_cdit_s_recon_128_latest,S,128,No Text,CDiT-S 128px No Text,latest,,time,lpips,16s,16,0.6130290627479553,artifacts/summaries/eval_scand/eval_s_scand_128/nwm_cdit_s_recon_128_latest/scand_time.json
eval_s_scand_128,nwm_cdit_s_recon_128_latest,S,128,No Text,CDiT-S 128px No Text,latest,,time,dreamsim,16s,16,0.6209922432899475,artifacts/summaries/eval_scand/eval_s_scand_128/nwm_cdit_s_recon_128_latest/scand_time.json
eval_s_scand_128,nwm_cdit_s_recon_128_latest,S,128,No Text,CDiT-S 128px No Text,latest,,time,fid,1s,1,190.964599609375,artifacts/summaries/eval_scand/eval_s_scand_128/nwm_cdit_s_recon_128_latest/scand_time.json
eval_s_scand_128,nwm_cdit_s_recon_128_latest,S,128,No Text,CDiT-S 128px No Text,latest,,time,fid,2s,2,191.30657958984375,artifacts/summaries/eval_scand/eval_s_scand_128/nwm_cdit_s_recon_128_latest/scand_time.json
eval_s_scand_128,nwm_cdit_s_recon_128_latest,S,128,No Text,CDiT-S 128px No Text,latest,,time,fid,4s,4,191.66302490234375,artifacts/summaries/eval_scand/eval_s_scand_128/nwm_cdit_s_recon_128_latest/scand_time.json
eval_s_scand_128,nwm_cdit_s_recon_128_latest,S,128,No Text,CDiT-S 128px No Text,latest,,time,fid,8s,8,181.88177490234375,artifacts/summaries/eval_scand/eval_s_scand_128/nwm_cdit_s_recon_128_latest/scand_time.json
eval_s_scand_128,nwm_cdit_s_recon_128_latest,S,128,No Text,CDiT-S 128px No Text,latest,,time,fid,16s,16,185.28158569335938,artifacts/summaries/eval_scand/eval_s_scand_128/nwm_cdit_s_recon_128_latest/scand_time.json
eval_s_scand_128_text_dense,nwm_cdit_s_recon_128_text_dense_0005000,S,128,Text,CDiT-S 128px Text,0005000,5000,time,lpips,1s,1,0.5588821768760681,artifacts/summaries/eval_scand/eval_s_scand_128_text_dense/nwm_cdit_s_recon_128_text_dense_0005000/scand_time.json
eval_s_scand_128_text_dense,nwm_cdit_s_recon_128_text_dense_0005000,S,128,Text,CDiT-S 128px Text,0005000,5000,time,dreamsim,1s,1,0.6151914596557617,artifacts/summaries/eval_scand/eval_s_scand_128_text_dense/nwm_cdit_s_recon_128_text_dense_0005000/scand_time.json
eval_s_scand_128_text_dense,nwm_cdit_s_recon_128_text_dense_0005000,S,128,Text,CDiT-S 128px Text,0005000,5000,time,lpips,2s,2,0.5707789063453674,artifacts/summaries/eval_scand/eval_s_scand_128_text_dense/nwm_cdit_s_recon_128_text_dense_0005000/scand_time.json
eval_s_scand_128_text_dense,nwm_cdit_s_recon_128_text_dense_0005000,S,128,Text,CDiT-S 128px Text,0005000,5000,time,dreamsim,2s,2,0.6222971677780151,artifacts/summaries/eval_scand/eval_s_scand_128_text_dense/nwm_cdit_s_recon_128_text_dense_0005000/scand_time.json
eval_s_scand_128_text_dense,nwm_cdit_s_recon_128_text_dense_0005000,S,128,Text,CDiT-S 128px Text,0005000,5000,time,lpips,4s,4,0.5886297225952148,artifacts/summaries/eval_scand/eval_s_scand_128_text_dense/nwm_cdit_s_recon_128_text_dense_0005000/scand_time.json
eval_s_scand_128_text_dense,nwm_cdit_s_recon_128_text_dense_0005000,S,128,Text,CDiT-S 128px Text,0005000,5000,time,dreamsim,4s,4,0.626867949962616,artifacts/summaries/eval_scand/eval_s_scand_128_text_dense/nwm_cdit_s_recon_128_text_dense_0005000/scand_time.json
eval_s_scand_128_text_dense,nwm_cdit_s_recon_128_text_dense_0005000,S,128,Text,CDiT-S 128px Text,0005000,5000,time,lpips,8s,8,0.6007670164108276,artifacts/summaries/eval_scand/eval_s_scand_128_text_dense/nwm_cdit_s_recon_128_text_dense_0005000/scand_time.json
eval_s_scand_128_text_dense,nwm_cdit_s_recon_128_text_dense_0005000,S,128,Text,CDiT-S 128px Text,0005000,5000,time,dreamsim,8s,8,0.6315276622772217,artifacts/summaries/eval_scand/eval_s_scand_128_text_dense/nwm_cdit_s_recon_128_text_dense_0005000/scand_time.json
eval_s_scand_128_text_dense,nwm_cdit_s_recon_128_text_dense_0005000,S,128,Text,CDiT-S 128px Text,0005000,5000,time,lpips,16s,16,0.6126352548599243,artifacts/summaries/eval_scand/eval_s_scand_128_text_dense/nwm_cdit_s_recon_128_text_dense_0005000/scand_time.json
eval_s_scand_128_text_dense,nwm_cdit_s_recon_128_text_dense_0005000,S,128,Text,CDiT-S 128px Text,0005000,5000,time,dreamsim,16s,16,0.6463531255722046,artifacts/summaries/eval_scand/eval_s_scand_128_text_dense/nwm_cdit_s_recon_128_text_dense_0005000/scand_time.json
eval_s_scand_128_text_dense,nwm_cdit_s_recon_128_text_dense_0005000,S,128,Text,CDiT-S 128px Text,0005000,5000,time,fid,1s,1,185.75003051757812,artifacts/summaries/eval_scand/eval_s_scand_128_text_dense/nwm_cdit_s_recon_128_text_dense_0005000/scand_time.json
eval_s_scand_128_text_dense,nwm_cdit_s_recon_128_text_dense_0005000,S,128,Text,CDiT-S 128px Text,0005000,5000,time,fid,2s,2,179.5330810546875,artifacts/summaries/eval_scand/eval_s_scand_128_text_dense/nwm_cdit_s_recon_128_text_dense_0005000/scand_time.json
eval_s_scand_128_text_dense,nwm_cdit_s_recon_128_text_dense_0005000,S,128,Text,CDiT-S 128px Text,0005000,5000,time,fid,4s,4,178.57876586914062,artifacts/summaries/eval_scand/eval_s_scand_128_text_dense/nwm_cdit_s_recon_128_text_dense_0005000/scand_time.json
eval_s_scand_128_text_dense,nwm_cdit_s_recon_128_text_dense_0005000,S,128,Text,CDiT-S 128px Text,0005000,5000,time,fid,8s,8,168.8300323486328,artifacts/summaries/eval_scand/eval_s_scand_128_text_dense/nwm_cdit_s_recon_128_text_dense_0005000/scand_time.json
eval_s_scand_128_text_dense,nwm_cdit_s_recon_128_text_dense_0005000,S,128,Text,CDiT-S 128px Text,0005000,5000,time,fid,16s,16,172.94683837890625,artifacts/summaries/eval_scand/eval_s_scand_128_text_dense/nwm_cdit_s_recon_128_text_dense_0005000/scand_time.json
eval_s_scand_128_text_dense,nwm_cdit_s_recon_128_text_dense_0010000,S,128,Text,CDiT-S 128px Text,0010000,10000,time,lpips,1s,1,0.5276325941085815,artifacts/summaries/eval_scand/eval_s_scand_128_text_dense/nwm_cdit_s_recon_128_text_dense_0010000/scand_time.json
eval_s_scand_128_text_dense,nwm_cdit_s_recon_128_text_dense_0010000,S,128,Text,CDiT-S 128px Text,0010000,10000,time,dreamsim,1s,1,0.5794618725776672,artifacts/summaries/eval_scand/eval_s_scand_128_text_dense/nwm_cdit_s_recon_128_text_dense_0010000/scand_time.json
eval_s_scand_128_text_dense,nwm_cdit_s_recon_128_text_dense_0010000,S,128,Text,CDiT-S 128px Text,0010000,10000,time,lpips,2s,2,0.5482271909713745,artifacts/summaries/eval_scand/eval_s_scand_128_text_dense/nwm_cdit_s_recon_128_text_dense_0010000/scand_time.json
eval_s_scand_128_text_dense,nwm_cdit_s_recon_128_text_dense_0010000,S,128,Text,CDiT-S 128px Text,0010000,10000,time,dreamsim,2s,2,0.5913518667221069,artifacts/summaries/eval_scand/eval_s_scand_128_text_dense/nwm_cdit_s_recon_128_text_dense_0010000/scand_time.json
eval_s_scand_128_text_dense,nwm_cdit_s_recon_128_text_dense_0010000,S,128,Text,CDiT-S 128px Text,0010000,10000,time,lpips,4s,4,0.5747027397155762,artifacts/summaries/eval_scand/eval_s_scand_128_text_dense/nwm_cdit_s_recon_128_text_dense_0010000/scand_time.json
eval_s_scand_128_text_dense,nwm_cdit_s_recon_128_text_dense_0010000,S,128,Text,CDiT-S 128px Text,0010000,10000,time,dreamsim,4s,4,0.6022406816482544,artifacts/summaries/eval_scand/eval_s_scand_128_text_dense/nwm_cdit_s_recon_128_text_dense_0010000/scand_time.json
eval_s_scand_128_text_dense,nwm_cdit_s_recon_128_text_dense_0010000,S,128,Text,CDiT-S 128px Text,0010000,10000,time,lpips,8s,8,0.5937649607658386,artifacts/summaries/eval_scand/eval_s_scand_128_text_dense/nwm_cdit_s_recon_128_text_dense_0010000/scand_time.json
eval_s_scand_128_text_dense,nwm_cdit_s_recon_128_text_dense_0010000,S,128,Text,CDiT-S 128px Text,0010000,10000,time,dreamsim,8s,8,0.6119149327278137,artifacts/summaries/eval_scand/eval_s_scand_128_text_dense/nwm_cdit_s_recon_128_text_dense_0010000/scand_time.json
eval_s_scand_128_text_dense,nwm_cdit_s_recon_128_text_dense_0010000,S,128,Text,CDiT-S 128px Text,0010000,10000,time,lpips,16s,16,0.6103672981262207,artifacts/summaries/eval_scand/eval_s_scand_128_text_dense/nwm_cdit_s_recon_128_text_dense_0010000/scand_time.json
eval_s_scand_128_text_dense,nwm_cdit_s_recon_128_text_dense_0010000,S,128,Text,CDiT-S 128px Text,0010000,10000,time,dreamsim,16s,16,0.6280368566513062,artifacts/summaries/eval_scand/eval_s_scand_128_text_dense/nwm_cdit_s_recon_128_text_dense_0010000/scand_time.json
eval_s_scand_128_text_dense,nwm_cdit_s_recon_128_text_dense_0010000,S,128,Text,CDiT-S 128px Text,0010000,10000,time,fid,1s,1,185.01657104492188,artifacts/summaries/eval_scand/eval_s_scand_128_text_dense/nwm_cdit_s_recon_128_text_dense_0010000/scand_time.json
eval_s_scand_128_text_dense,nwm_cdit_s_recon_128_text_dense_0010000,S,128,Text,CDiT-S 128px Text,0010000,10000,time,fid,2s,2,183.4945526123047,artifacts/summaries/eval_scand/eval_s_scand_128_text_dense/nwm_cdit_s_recon_128_text_dense_0010000/scand_time.json
eval_s_scand_128_text_dense,nwm_cdit_s_recon_128_text_dense_0010000,S,128,Text,CDiT-S 128px Text,0010000,10000,time,fid,4s,4,183.349609375,artifacts/summaries/eval_scand/eval_s_scand_128_text_dense/nwm_cdit_s_recon_128_text_dense_0010000/scand_time.json
eval_s_scand_128_text_dense,nwm_cdit_s_recon_128_text_dense_0010000,S,128,Text,CDiT-S 128px Text,0010000,10000,time,fid,8s,8,183.1448516845703,artifacts/summaries/eval_scand/eval_s_scand_128_text_dense/nwm_cdit_s_recon_128_text_dense_0010000/scand_time.json
eval_s_scand_128_text_dense,nwm_cdit_s_recon_128_text_dense_0010000,S,128,Text,CDiT-S 128px Text,0010000,10000,time,fid,16s,16,178.75955200195312,artifacts/summaries/eval_scand/eval_s_scand_128_text_dense/nwm_cdit_s_recon_128_text_dense_0010000/scand_time.json
eval_s_scand_128_text_dense,nwm_cdit_s_recon_128_text_dense_0015000,S,128,Text,CDiT-S 128px Text,0015000,15000,time,lpips,1s,1,0.5039010047912598,artifacts/summaries/eval_scand/eval_s_scand_128_text_dense/nwm_cdit_s_recon_128_text_dense_0015000/scand_time.json
eval_s_scand_128_text_dense,nwm_cdit_s_recon_128_text_dense_0015000,S,128,Text,CDiT-S 128px Text,0015000,15000,time,dreamsim,1s,1,0.5615584254264832,artifacts/summaries/eval_scand/eval_s_scand_128_text_dense/nwm_cdit_s_recon_128_text_dense_0015000/scand_time.json
eval_s_scand_128_text_dense,nwm_cdit_s_recon_128_text_dense_0015000,S,128,Text,CDiT-S 128px Text,0015000,15000,time,lpips,2s,2,0.5307086706161499,artifacts/summaries/eval_scand/eval_s_scand_128_text_dense/nwm_cdit_s_recon_128_text_dense_0015000/scand_time.json
eval_s_scand_128_text_dense,nwm_cdit_s_recon_128_text_dense_0015000,S,128,Text,CDiT-S 128px Text,0015000,15000,time,dreamsim,2s,2,0.5781882405281067,artifacts/summaries/eval_scand/eval_s_scand_128_text_dense/nwm_cdit_s_recon_128_text_dense_0015000/scand_time.json
eval_s_scand_128_text_dense,nwm_cdit_s_recon_128_text_dense_0015000,S,128,Text,CDiT-S 128px Text,0015000,15000,time,lpips,4s,4,0.5672404766082764,artifacts/summaries/eval_scand/eval_s_scand_128_text_dense/nwm_cdit_s_recon_128_text_dense_0015000/scand_time.json
eval_s_scand_128_text_dense,nwm_cdit_s_recon_128_text_dense_0015000,S,128,Text,CDiT-S 128px Text,0015000,15000,time,dreamsim,4s,4,0.5929979085922241,artifacts/summaries/eval_scand/eval_s_scand_128_text_dense/nwm_cdit_s_recon_128_text_dense_0015000/scand_time.json
eval_s_scand_128_text_dense,nwm_cdit_s_recon_128_text_dense_0015000,S,128,Text,CDiT-S 128px Text,0015000,15000,time,lpips,8s,8,0.5922303199768066,artifacts/summaries/eval_scand/eval_s_scand_128_text_dense/nwm_cdit_s_recon_128_text_dense_0015000/scand_time.json
eval_s_scand_128_text_dense,nwm_cdit_s_recon_128_text_dense_0015000,S,128,Text,CDiT-S 128px Text,0015000,15000,time,dreamsim,8s,8,0.6064027547836304,artifacts/summaries/eval_scand/eval_s_scand_128_text_dense/nwm_cdit_s_recon_128_text_dense_0015000/scand_time.json
eval_s_scand_128_text_dense,nwm_cdit_s_recon_128_text_dense_0015000,S,128,Text,CDiT-S 128px Text,0015000,15000,time,lpips,16s,16,0.6083632111549377,artifacts/summaries/eval_scand/eval_s_scand_128_text_dense/nwm_cdit_s_recon_128_text_dense_0015000/scand_time.json
eval_s_scand_128_text_dense,nwm_cdit_s_recon_128_text_dense_0015000,S,128,Text,CDiT-S 128px Text,0015000,15000,time,dreamsim,16s,16,0.627352237701416,artifacts/summaries/eval_scand/eval_s_scand_128_text_dense/nwm_cdit_s_recon_128_text_dense_0015000/scand_time.json
eval_s_scand_128_text_dense,nwm_cdit_s_recon_128_text_dense_0015000,S,128,Text,CDiT-S 128px Text,0015000,15000,time,fid,1s,1,184.414306640625,artifacts/summaries/eval_scand/eval_s_scand_128_text_dense/nwm_cdit_s_recon_128_text_dense_0015000/scand_time.json
eval_s_scand_128_text_dense,nwm_cdit_s_recon_128_text_dense_0015000,S,128,Text,CDiT-S 128px Text,0015000,15000,time,fid,2s,2,190.69288635253906,artifacts/summaries/eval_scand/eval_s_scand_128_text_dense/nwm_cdit_s_recon_128_text_dense_0015000/scand_time.json
eval_s_scand_128_text_dense,nwm_cdit_s_recon_128_text_dense_0015000,S,128,Text,CDiT-S 128px Text,0015000,15000,time,fid,4s,4,183.2083282470703,artifacts/summaries/eval_scand/eval_s_scand_128_text_dense/nwm_cdit_s_recon_128_text_dense_0015000/scand_time.json
eval_s_scand_128_text_dense,nwm_cdit_s_recon_128_text_dense_0015000,S,128,Text,CDiT-S 128px Text,0015000,15000,time,fid,8s,8,179.7110595703125,artifacts/summaries/eval_scand/eval_s_scand_128_text_dense/nwm_cdit_s_recon_128_text_dense_0015000/scand_time.json
eval_s_scand_128_text_dense,nwm_cdit_s_recon_128_text_dense_0015000,S,128,Text,CDiT-S 128px Text,0015000,15000,time,fid,16s,16,185.85934448242188,artifacts/summaries/eval_scand/eval_s_scand_128_text_dense/nwm_cdit_s_recon_128_text_dense_0015000/scand_time.json
eval_s_scand_128_text_dense,nwm_cdit_s_recon_128_text_dense_0020000,S,128,Text,CDiT-S 128px Text,0020000,20000,time,lpips,1s,1,0.49646294116973877,artifacts/summaries/eval_scand/eval_s_scand_128_text_dense/nwm_cdit_s_recon_128_text_dense_0020000/scand_time.json
eval_s_scand_128_text_dense,nwm_cdit_s_recon_128_text_dense_0020000,S,128,Text,CDiT-S 128px Text,0020000,20000,time,dreamsim,1s,1,0.5578649044036865,artifacts/summaries/eval_scand/eval_s_scand_128_text_dense/nwm_cdit_s_recon_128_text_dense_0020000/scand_time.json
eval_s_scand_128_text_dense,nwm_cdit_s_recon_128_text_dense_0020000,S,128,Text,CDiT-S 128px Text,0020000,20000,time,lpips,2s,2,0.5261222124099731,artifacts/summaries/eval_scand/eval_s_scand_128_text_dense/nwm_cdit_s_recon_128_text_dense_0020000/scand_time.json
eval_s_scand_128_text_dense,nwm_cdit_s_recon_128_text_dense_0020000,S,128,Text,CDiT-S 128px Text,0020000,20000,time,dreamsim,2s,2,0.5739433169364929,artifacts/summaries/eval_scand/eval_s_scand_128_text_dense/nwm_cdit_s_recon_128_text_dense_0020000/scand_time.json
eval_s_scand_128_text_dense,nwm_cdit_s_recon_128_text_dense_0020000,S,128,Text,CDiT-S 128px Text,0020000,20000,time,lpips,4s,4,0.5629265308380127,artifacts/summaries/eval_scand/eval_s_scand_128_text_dense/nwm_cdit_s_recon_128_text_dense_0020000/scand_time.json
eval_s_scand_128_text_dense,nwm_cdit_s_recon_128_text_dense_0020000,S,128,Text,CDiT-S 128px Text,0020000,20000,time,dreamsim,4s,4,0.5912718772888184,artifacts/summaries/eval_scand/eval_s_scand_128_text_dense/nwm_cdit_s_recon_128_text_dense_0020000/scand_time.json
eval_s_scand_128_text_dense,nwm_cdit_s_recon_128_text_dense_0020000,S,128,Text,CDiT-S 128px Text,0020000,20000,time,lpips,8s,8,0.5906981825828552,artifacts/summaries/eval_scand/eval_s_scand_128_text_dense/nwm_cdit_s_recon_128_text_dense_0020000/scand_time.json
eval_s_scand_128_text_dense,nwm_cdit_s_recon_128_text_dense_0020000,S,128,Text,CDiT-S 128px Text,0020000,20000,time,dreamsim,8s,8,0.6060224175453186,artifacts/summaries/eval_scand/eval_s_scand_128_text_dense/nwm_cdit_s_recon_128_text_dense_0020000/scand_time.json
eval_s_scand_128_text_dense,nwm_cdit_s_recon_128_text_dense_0020000,S,128,Text,CDiT-S 128px Text,0020000,20000,time,lpips,16s,16,0.6072213649749756,artifacts/summaries/eval_scand/eval_s_scand_128_text_dense/nwm_cdit_s_recon_128_text_dense_0020000/scand_time.json
eval_s_scand_128_text_dense,nwm_cdit_s_recon_128_text_dense_0020000,S,128,Text,CDiT-S 128px Text,0020000,20000,time,dreamsim,16s,16,0.6220852136611938,artifacts/summaries/eval_scand/eval_s_scand_128_text_dense/nwm_cdit_s_recon_128_text_dense_0020000/scand_time.json
eval_s_scand_128_text_dense,nwm_cdit_s_recon_128_text_dense_0020000,S,128,Text,CDiT-S 128px Text,0020000,20000,time,fid,1s,1,187.36129760742188,artifacts/summaries/eval_scand/eval_s_scand_128_text_dense/nwm_cdit_s_recon_128_text_dense_0020000/scand_time.json
eval_s_scand_128_text_dense,nwm_cdit_s_recon_128_text_dense_0020000,S,128,Text,CDiT-S 128px Text,0020000,20000,time,fid,2s,2,192.31472778320312,artifacts/summaries/eval_scand/eval_s_scand_128_text_dense/nwm_cdit_s_recon_128_text_dense_0020000/scand_time.json
eval_s_scand_128_text_dense,nwm_cdit_s_recon_128_text_dense_0020000,S,128,Text,CDiT-S 128px Text,0020000,20000,time,fid,4s,4,186.76222229003906,artifacts/summaries/eval_scand/eval_s_scand_128_text_dense/nwm_cdit_s_recon_128_text_dense_0020000/scand_time.json
eval_s_scand_128_text_dense,nwm_cdit_s_recon_128_text_dense_0020000,S,128,Text,CDiT-S 128px Text,0020000,20000,time,fid,8s,8,183.12557983398438,artifacts/summaries/eval_scand/eval_s_scand_128_text_dense/nwm_cdit_s_recon_128_text_dense_0020000/scand_time.json
eval_s_scand_128_text_dense,nwm_cdit_s_recon_128_text_dense_0020000,S,128,Text,CDiT-S 128px Text,0020000,20000,time,fid,16s,16,186.60696411132812,artifacts/summaries/eval_scand/eval_s_scand_128_text_dense/nwm_cdit_s_recon_128_text_dense_0020000/scand_time.json
eval_s_scand_128_text_dense,nwm_cdit_s_recon_128_text_dense_0025000,S,128,Text,CDiT-S 128px Text,0025000,25000,time,lpips,1s,1,0.4896523058414459,artifacts/summaries/eval_scand/eval_s_scand_128_text_dense/nwm_cdit_s_recon_128_text_dense_0025000/scand_time.json
eval_s_scand_128_text_dense,nwm_cdit_s_recon_128_text_dense_0025000,S,128,Text,CDiT-S 128px Text,0025000,25000,time,dreamsim,1s,1,0.552384078502655,artifacts/summaries/eval_scand/eval_s_scand_128_text_dense/nwm_cdit_s_recon_128_text_dense_0025000/scand_time.json
eval_s_scand_128_text_dense,nwm_cdit_s_recon_128_text_dense_0025000,S,128,Text,CDiT-S 128px Text,0025000,25000,time,lpips,2s,2,0.5217761397361755,artifacts/summaries/eval_scand/eval_s_scand_128_text_dense/nwm_cdit_s_recon_128_text_dense_0025000/scand_time.json
eval_s_scand_128_text_dense,nwm_cdit_s_recon_128_text_dense_0025000,S,128,Text,CDiT-S 128px Text,0025000,25000,time,dreamsim,2s,2,0.5692244172096252,artifacts/summaries/eval_scand/eval_s_scand_128_text_dense/nwm_cdit_s_recon_128_text_dense_0025000/scand_time.json
eval_s_scand_128_text_dense,nwm_cdit_s_recon_128_text_dense_0025000,S,128,Text,CDiT-S 128px Text,0025000,25000,time,lpips,4s,4,0.558285653591156,artifacts/summaries/eval_scand/eval_s_scand_128_text_dense/nwm_cdit_s_recon_128_text_dense_0025000/scand_time.json
eval_s_scand_128_text_dense,nwm_cdit_s_recon_128_text_dense_0025000,S,128,Text,CDiT-S 128px Text,0025000,25000,time,dreamsim,4s,4,0.5881349444389343,artifacts/summaries/eval_scand/eval_s_scand_128_text_dense/nwm_cdit_s_recon_128_text_dense_0025000/scand_time.json
eval_s_scand_128_text_dense,nwm_cdit_s_recon_128_text_dense_0025000,S,128,Text,CDiT-S 128px Text,0025000,25000,time,lpips,8s,8,0.5913759469985962,artifacts/summaries/eval_scand/eval_s_scand_128_text_dense/nwm_cdit_s_recon_128_text_dense_0025000/scand_time.json
eval_s_scand_128_text_dense,nwm_cdit_s_recon_128_text_dense_0025000,S,128,Text,CDiT-S 128px Text,0025000,25000,time,dreamsim,8s,8,0.6056427955627441,artifacts/summaries/eval_scand/eval_s_scand_128_text_dense/nwm_cdit_s_recon_128_text_dense_0025000/scand_time.json
eval_s_scand_128_text_dense,nwm_cdit_s_recon_128_text_dense_0025000,S,128,Text,CDiT-S 128px Text,0025000,25000,time,lpips,16s,16,0.6117191314697266,artifacts/summaries/eval_scand/eval_s_scand_128_text_dense/nwm_cdit_s_recon_128_text_dense_0025000/scand_time.json
eval_s_scand_128_text_dense,nwm_cdit_s_recon_128_text_dense_0025000,S,128,Text,CDiT-S 128px Text,0025000,25000,time,dreamsim,16s,16,0.621680736541748,artifacts/summaries/eval_scand/eval_s_scand_128_text_dense/nwm_cdit_s_recon_128_text_dense_0025000/scand_time.json
eval_s_scand_128_text_dense,nwm_cdit_s_recon_128_text_dense_0025000,S,128,Text,CDiT-S 128px Text,0025000,25000,time,fid,1s,1,186.3878631591797,artifacts/summaries/eval_scand/eval_s_scand_128_text_dense/nwm_cdit_s_recon_128_text_dense_0025000/scand_time.json
eval_s_scand_128_text_dense,nwm_cdit_s_recon_128_text_dense_0025000,S,128,Text,CDiT-S 128px Text,0025000,25000,time,fid,2s,2,188.9190673828125,artifacts/summaries/eval_scand/eval_s_scand_128_text_dense/nwm_cdit_s_recon_128_text_dense_0025000/scand_time.json
eval_s_scand_128_text_dense,nwm_cdit_s_recon_128_text_dense_0025000,S,128,Text,CDiT-S 128px Text,0025000,25000,time,fid,4s,4,188.39334106445312,artifacts/summaries/eval_scand/eval_s_scand_128_text_dense/nwm_cdit_s_recon_128_text_dense_0025000/scand_time.json
eval_s_scand_128_text_dense,nwm_cdit_s_recon_128_text_dense_0025000,S,128,Text,CDiT-S 128px Text,0025000,25000,time,fid,8s,8,183.42079162597656,artifacts/summaries/eval_scand/eval_s_scand_128_text_dense/nwm_cdit_s_recon_128_text_dense_0025000/scand_time.json
eval_s_scand_128_text_dense,nwm_cdit_s_recon_128_text_dense_0025000,S,128,Text,CDiT-S 128px Text,0025000,25000,time,fid,16s,16,186.55279541015625,artifacts/summaries/eval_scand/eval_s_scand_128_text_dense/nwm_cdit_s_recon_128_text_dense_0025000/scand_time.json
eval_s_scand_128_text_dense,nwm_cdit_s_recon_128_text_dense_0030000,S,128,Text,CDiT-S 128px Text,0030000,30000,rollout_1fps,lpips,1s,1,0.5105223059654236,artifacts/summaries/eval_scand/eval_s_scand_128_text_dense/nwm_cdit_s_recon_128_text_dense_0030000/scand_rollout_1fps.json
eval_s_scand_128_text_dense,nwm_cdit_s_recon_128_text_dense_0030000,S,128,Text,CDiT-S 128px Text,0030000,30000,rollout_1fps,dreamsim,1s,1,0.5749140381813049,artifacts/summaries/eval_scand/eval_s_scand_128_text_dense/nwm_cdit_s_recon_128_text_dense_0030000/scand_rollout_1fps.json
eval_s_scand_128_text_dense,nwm_cdit_s_recon_128_text_dense_0030000,S,128,Text,CDiT-S 128px Text,0030000,30000,rollout_1fps,lpips,2s,2,0.5508177280426025,artifacts/summaries/eval_scand/eval_s_scand_128_text_dense/nwm_cdit_s_recon_128_text_dense_0030000/scand_rollout_1fps.json
eval_s_scand_128_text_dense,nwm_cdit_s_recon_128_text_dense_0030000,S,128,Text,CDiT-S 128px Text,0030000,30000,rollout_1fps,dreamsim,2s,2,0.585188090801239,artifacts/summaries/eval_scand/eval_s_scand_128_text_dense/nwm_cdit_s_recon_128_text_dense_0030000/scand_rollout_1fps.json
eval_s_scand_128_text_dense,nwm_cdit_s_recon_128_text_dense_0030000,S,128,Text,CDiT-S 128px Text,0030000,30000,rollout_1fps,lpips,4s,4,0.5877845287322998,artifacts/summaries/eval_scand/eval_s_scand_128_text_dense/nwm_cdit_s_recon_128_text_dense_0030000/scand_rollout_1fps.json
eval_s_scand_128_text_dense,nwm_cdit_s_recon_128_text_dense_0030000,S,128,Text,CDiT-S 128px Text,0030000,30000,rollout_1fps,dreamsim,4s,4,0.5964216589927673,artifacts/summaries/eval_scand/eval_s_scand_128_text_dense/nwm_cdit_s_recon_128_text_dense_0030000/scand_rollout_1fps.json
eval_s_scand_128_text_dense,nwm_cdit_s_recon_128_text_dense_0030000,S,128,Text,CDiT-S 128px Text,0030000,30000,rollout_1fps,lpips,8s,8,0.6181678175926208,artifacts/summaries/eval_scand/eval_s_scand_128_text_dense/nwm_cdit_s_recon_128_text_dense_0030000/scand_rollout_1fps.json
eval_s_scand_128_text_dense,nwm_cdit_s_recon_128_text_dense_0030000,S,128,Text,CDiT-S 128px Text,0030000,30000,rollout_1fps,dreamsim,8s,8,0.6089308261871338,artifacts/summaries/eval_scand/eval_s_scand_128_text_dense/nwm_cdit_s_recon_128_text_dense_0030000/scand_rollout_1fps.json
eval_s_scand_128_text_dense,nwm_cdit_s_recon_128_text_dense_0030000,S,128,Text,CDiT-S 128px Text,0030000,30000,rollout_1fps,lpips,16s,16,0.637488842010498,artifacts/summaries/eval_scand/eval_s_scand_128_text_dense/nwm_cdit_s_recon_128_text_dense_0030000/scand_rollout_1fps.json
eval_s_scand_128_text_dense,nwm_cdit_s_recon_128_text_dense_0030000,S,128,Text,CDiT-S 128px Text,0030000,30000,rollout_1fps,dreamsim,16s,16,0.6398806571960449,artifacts/summaries/eval_scand/eval_s_scand_128_text_dense/nwm_cdit_s_recon_128_text_dense_0030000/scand_rollout_1fps.json
eval_s_scand_128_text_dense,nwm_cdit_s_recon_128_text_dense_0030000,S,128,Text,CDiT-S 128px Text,0030000,30000,rollout_1fps,fid,1s,1,222.087646484375,artifacts/summaries/eval_scand/eval_s_scand_128_text_dense/nwm_cdit_s_recon_128_text_dense_0030000/scand_rollout_1fps.json
eval_s_scand_128_text_dense,nwm_cdit_s_recon_128_text_dense_0030000,S,128,Text,CDiT-S 128px Text,0030000,30000,rollout_1fps,fid,2s,2,216.52613830566406,artifacts/summaries/eval_scand/eval_s_scand_128_text_dense/nwm_cdit_s_recon_128_text_dense_0030000/scand_rollout_1fps.json
eval_s_scand_128_text_dense,nwm_cdit_s_recon_128_text_dense_0030000,S,128,Text,CDiT-S 128px Text,0030000,30000,rollout_1fps,fid,4s,4,210.6097869873047,artifacts/summaries/eval_scand/eval_s_scand_128_text_dense/nwm_cdit_s_recon_128_text_dense_0030000/scand_rollout_1fps.json
eval_s_scand_128_text_dense,nwm_cdit_s_recon_128_text_dense_0030000,S,128,Text,CDiT-S 128px Text,0030000,30000,rollout_1fps,fid,8s,8,217.22406005859375,artifacts/summaries/eval_scand/eval_s_scand_128_text_dense/nwm_cdit_s_recon_128_text_dense_0030000/scand_rollout_1fps.json
eval_s_scand_128_text_dense,nwm_cdit_s_recon_128_text_dense_0030000,S,128,Text,CDiT-S 128px Text,0030000,30000,rollout_1fps,fid,16s,16,224.35816955566406,artifacts/summaries/eval_scand/eval_s_scand_128_text_dense/nwm_cdit_s_recon_128_text_dense_0030000/scand_rollout_1fps.json
eval_s_scand_128_text_dense,nwm_cdit_s_recon_128_text_dense_0030000,S,128,Text,CDiT-S 128px Text,0030000,30000,rollout_4fps,lpips,1s,1,0.5401962995529175,artifacts/summaries/eval_scand/eval_s_scand_128_text_dense/nwm_cdit_s_recon_128_text_dense_0030000/scand_rollout_4fps.json
eval_s_scand_128_text_dense,nwm_cdit_s_recon_128_text_dense_0030000,S,128,Text,CDiT-S 128px Text,0030000,30000,rollout_4fps,dreamsim,1s,1,0.580288827419281,artifacts/summaries/eval_scand/eval_s_scand_128_text_dense/nwm_cdit_s_recon_128_text_dense_0030000/scand_rollout_4fps.json
eval_s_scand_128_text_dense,nwm_cdit_s_recon_128_text_dense_0030000,S,128,Text,CDiT-S 128px Text,0030000,30000,rollout_4fps,lpips,2s,2,0.5809628367424011,artifacts/summaries/eval_scand/eval_s_scand_128_text_dense/nwm_cdit_s_recon_128_text_dense_0030000/scand_rollout_4fps.json
eval_s_scand_128_text_dense,nwm_cdit_s_recon_128_text_dense_0030000,S,128,Text,CDiT-S 128px Text,0030000,30000,rollout_4fps,dreamsim,2s,2,0.5976845026016235,artifacts/summaries/eval_scand/eval_s_scand_128_text_dense/nwm_cdit_s_recon_128_text_dense_0030000/scand_rollout_4fps.json
eval_s_scand_128_text_dense,nwm_cdit_s_recon_128_text_dense_0030000,S,128,Text,CDiT-S 128px Text,0030000,30000,rollout_4fps,lpips,4s,4,0.6166233420372009,artifacts/summaries/eval_scand/eval_s_scand_128_text_dense/nwm_cdit_s_recon_128_text_dense_0030000/scand_rollout_4fps.json
eval_s_scand_128_text_dense,nwm_cdit_s_recon_128_text_dense_0030000,S,128,Text,CDiT-S 128px Text,0030000,30000,rollout_4fps,dreamsim,4s,4,0.6084417700767517,artifacts/summaries/eval_scand/eval_s_scand_128_text_dense/nwm_cdit_s_recon_128_text_dense_0030000/scand_rollout_4fps.json
eval_s_scand_128_text_dense,nwm_cdit_s_recon_128_text_dense_0030000,S,128,Text,CDiT-S 128px Text,0030000,30000,rollout_4fps,lpips,8s,8,0.6370813846588135,artifacts/summaries/eval_scand/eval_s_scand_128_text_dense/nwm_cdit_s_recon_128_text_dense_0030000/scand_rollout_4fps.json
eval_s_scand_128_text_dense,nwm_cdit_s_recon_128_text_dense_0030000,S,128,Text,CDiT-S 128px Text,0030000,30000,rollout_4fps,dreamsim,8s,8,0.6227135062217712,artifacts/summaries/eval_scand/eval_s_scand_128_text_dense/nwm_cdit_s_recon_128_text_dense_0030000/scand_rollout_4fps.json
eval_s_scand_128_text_dense,nwm_cdit_s_recon_128_text_dense_0030000,S,128,Text,CDiT-S 128px Text,0030000,30000,rollout_4fps,lpips,16s,16,0.6492912173271179,artifacts/summaries/eval_scand/eval_s_scand_128_text_dense/nwm_cdit_s_recon_128_text_dense_0030000/scand_rollout_4fps.json
eval_s_scand_128_text_dense,nwm_cdit_s_recon_128_text_dense_0030000,S,128,Text,CDiT-S 128px Text,0030000,30000,rollout_4fps,dreamsim,16s,16,0.641200065612793,artifacts/summaries/eval_scand/eval_s_scand_128_text_dense/nwm_cdit_s_recon_128_text_dense_0030000/scand_rollout_4fps.json
eval_s_scand_128_text_dense,nwm_cdit_s_recon_128_text_dense_0030000,S,128,Text,CDiT-S 128px Text,0030000,30000,rollout_4fps,fid,1s,1,230.40542602539062,artifacts/summaries/eval_scand/eval_s_scand_128_text_dense/nwm_cdit_s_recon_128_text_dense_0030000/scand_rollout_4fps.json
eval_s_scand_128_text_dense,nwm_cdit_s_recon_128_text_dense_0030000,S,128,Text,CDiT-S 128px Text,0030000,30000,rollout_4fps,fid,2s,2,219.01937866210938,artifacts/summaries/eval_scand/eval_s_scand_128_text_dense/nwm_cdit_s_recon_128_text_dense_0030000/scand_rollout_4fps.json
eval_s_scand_128_text_dense,nwm_cdit_s_recon_128_text_dense_0030000,S,128,Text,CDiT-S 128px Text,0030000,30000,rollout_4fps,fid,4s,4,214.03182983398438,artifacts/summaries/eval_scand/eval_s_scand_128_text_dense/nwm_cdit_s_recon_128_text_dense_0030000/scand_rollout_4fps.json
eval_s_scand_128_text_dense,nwm_cdit_s_recon_128_text_dense_0030000,S,128,Text,CDiT-S 128px Text,0030000,30000,rollout_4fps,fid,8s,8,210.00149536132812,artifacts/summaries/eval_scand/eval_s_scand_128_text_dense/nwm_cdit_s_recon_128_text_dense_0030000/scand_rollout_4fps.json
eval_s_scand_128_text_dense,nwm_cdit_s_recon_128_text_dense_0030000,S,128,Text,CDiT-S 128px Text,0030000,30000,rollout_4fps,fid,16s,16,212.08096313476562,artifacts/summaries/eval_scand/eval_s_scand_128_text_dense/nwm_cdit_s_recon_128_text_dense_0030000/scand_rollout_4fps.json
eval_s_scand_128_text_dense,nwm_cdit_s_recon_128_text_dense_0030000,S,128,Text,CDiT-S 128px Text,0030000,30000,time,lpips,1s,1,0.4868473410606384,artifacts/summaries/eval_scand/eval_s_scand_128_text_dense/nwm_cdit_s_recon_128_text_dense_0030000/scand_time.json
eval_s_scand_128_text_dense,nwm_cdit_s_recon_128_text_dense_0030000,S,128,Text,CDiT-S 128px Text,0030000,30000,time,dreamsim,1s,1,0.5492258071899414,artifacts/summaries/eval_scand/eval_s_scand_128_text_dense/nwm_cdit_s_recon_128_text_dense_0030000/scand_time.json
eval_s_scand_128_text_dense,nwm_cdit_s_recon_128_text_dense_0030000,S,128,Text,CDiT-S 128px Text,0030000,30000,time,lpips,2s,2,0.5215238332748413,artifacts/summaries/eval_scand/eval_s_scand_128_text_dense/nwm_cdit_s_recon_128_text_dense_0030000/scand_time.json
eval_s_scand_128_text_dense,nwm_cdit_s_recon_128_text_dense_0030000,S,128,Text,CDiT-S 128px Text,0030000,30000,time,dreamsim,2s,2,0.5717808604240417,artifacts/summaries/eval_scand/eval_s_scand_128_text_dense/nwm_cdit_s_recon_128_text_dense_0030000/scand_time.json
eval_s_scand_128_text_dense,nwm_cdit_s_recon_128_text_dense_0030000,S,128,Text,CDiT-S 128px Text,0030000,30000,time,lpips,4s,4,0.5605918169021606,artifacts/summaries/eval_scand/eval_s_scand_128_text_dense/nwm_cdit_s_recon_128_text_dense_0030000/scand_time.json
eval_s_scand_128_text_dense,nwm_cdit_s_recon_128_text_dense_0030000,S,128,Text,CDiT-S 128px Text,0030000,30000,time,dreamsim,4s,4,0.5861210227012634,artifacts/summaries/eval_scand/eval_s_scand_128_text_dense/nwm_cdit_s_recon_128_text_dense_0030000/scand_time.json
eval_s_scand_128_text_dense,nwm_cdit_s_recon_128_text_dense_0030000,S,128,Text,CDiT-S 128px Text,0030000,30000,time,lpips,8s,8,0.588638424873352,artifacts/summaries/eval_scand/eval_s_scand_128_text_dense/nwm_cdit_s_recon_128_text_dense_0030000/scand_time.json
eval_s_scand_128_text_dense,nwm_cdit_s_recon_128_text_dense_0030000,S,128,Text,CDiT-S 128px Text,0030000,30000,time,dreamsim,8s,8,0.6041840314865112,artifacts/summaries/eval_scand/eval_s_scand_128_text_dense/nwm_cdit_s_recon_128_text_dense_0030000/scand_time.json
eval_s_scand_128_text_dense,nwm_cdit_s_recon_128_text_dense_0030000,S,128,Text,CDiT-S 128px Text,0030000,30000,time,lpips,16s,16,0.6124061346054077,artifacts/summaries/eval_scand/eval_s_scand_128_text_dense/nwm_cdit_s_recon_128_text_dense_0030000/scand_time.json
eval_s_scand_128_text_dense,nwm_cdit_s_recon_128_text_dense_0030000,S,128,Text,CDiT-S 128px Text,0030000,30000,time,dreamsim,16s,16,0.6245656609535217,artifacts/summaries/eval_scand/eval_s_scand_128_text_dense/nwm_cdit_s_recon_128_text_dense_0030000/scand_time.json
eval_s_scand_128_text_dense,nwm_cdit_s_recon_128_text_dense_0030000,S,128,Text,CDiT-S 128px Text,0030000,30000,time,fid,1s,1,184.22817993164062,artifacts/summaries/eval_scand/eval_s_scand_128_text_dense/nwm_cdit_s_recon_128_text_dense_0030000/scand_time.json
eval_s_scand_128_text_dense,nwm_cdit_s_recon_128_text_dense_0030000,S,128,Text,CDiT-S 128px Text,0030000,30000,time,fid,2s,2,189.05450439453125,artifacts/summaries/eval_scand/eval_s_scand_128_text_dense/nwm_cdit_s_recon_128_text_dense_0030000/scand_time.json
eval_s_scand_128_text_dense,nwm_cdit_s_recon_128_text_dense_0030000,S,128,Text,CDiT-S 128px Text,0030000,30000,time,fid,4s,4,187.2719268798828,artifacts/summaries/eval_scand/eval_s_scand_128_text_dense/nwm_cdit_s_recon_128_text_dense_0030000/scand_time.json
eval_s_scand_128_text_dense,nwm_cdit_s_recon_128_text_dense_0030000,S,128,Text,CDiT-S 128px Text,0030000,30000,time,fid,8s,8,182.16183471679688,artifacts/summaries/eval_scand/eval_s_scand_128_text_dense/nwm_cdit_s_recon_128_text_dense_0030000/scand_time.json
eval_s_scand_128_text_dense,nwm_cdit_s_recon_128_text_dense_0030000,S,128,Text,CDiT-S 128px Text,0030000,30000,time,fid,16s,16,186.52252197265625,artifacts/summaries/eval_scand/eval_s_scand_128_text_dense/nwm_cdit_s_recon_128_text_dense_0030000/scand_time.json
eval_s_scand_128_text_dense,nwm_cdit_s_recon_128_text_dense_latest,S,128,Text,CDiT-S 128px Text,latest,,time,lpips,1s,1,0.4860277771949768,artifacts/summaries/eval_scand/eval_s_scand_128_text_dense/nwm_cdit_s_recon_128_text_dense_latest/scand_time.json
eval_s_scand_128_text_dense,nwm_cdit_s_recon_128_text_dense_latest,S,128,Text,CDiT-S 128px Text,latest,,time,dreamsim,1s,1,0.5508126020431519,artifacts/summaries/eval_scand/eval_s_scand_128_text_dense/nwm_cdit_s_recon_128_text_dense_latest/scand_time.json
eval_s_scand_128_text_dense,nwm_cdit_s_recon_128_text_dense_latest,S,128,Text,CDiT-S 128px Text,latest,,time,lpips,2s,2,0.5196481943130493,artifacts/summaries/eval_scand/eval_s_scand_128_text_dense/nwm_cdit_s_recon_128_text_dense_latest/scand_time.json
eval_s_scand_128_text_dense,nwm_cdit_s_recon_128_text_dense_latest,S,128,Text,CDiT-S 128px Text,latest,,time,dreamsim,2s,2,0.5674521923065186,artifacts/summaries/eval_scand/eval_s_scand_128_text_dense/nwm_cdit_s_recon_128_text_dense_latest/scand_time.json
eval_s_scand_128_text_dense,nwm_cdit_s_recon_128_text_dense_latest,S,128,Text,CDiT-S 128px Text,latest,,time,lpips,4s,4,0.5602539777755737,artifacts/summaries/eval_scand/eval_s_scand_128_text_dense/nwm_cdit_s_recon_128_text_dense_latest/scand_time.json
eval_s_scand_128_text_dense,nwm_cdit_s_recon_128_text_dense_latest,S,128,Text,CDiT-S 128px Text,latest,,time,dreamsim,4s,4,0.588072657585144,artifacts/summaries/eval_scand/eval_s_scand_128_text_dense/nwm_cdit_s_recon_128_text_dense_latest/scand_time.json
eval_s_scand_128_text_dense,nwm_cdit_s_recon_128_text_dense_latest,S,128,Text,CDiT-S 128px Text,latest,,time,lpips,8s,8,0.5901784896850586,artifacts/summaries/eval_scand/eval_s_scand_128_text_dense/nwm_cdit_s_recon_128_text_dense_latest/scand_time.json
eval_s_scand_128_text_dense,nwm_cdit_s_recon_128_text_dense_latest,S,128,Text,CDiT-S 128px Text,latest,,time,dreamsim,8s,8,0.6033870577812195,artifacts/summaries/eval_scand/eval_s_scand_128_text_dense/nwm_cdit_s_recon_128_text_dense_latest/scand_time.json
eval_s_scand_128_text_dense,nwm_cdit_s_recon_128_text_dense_latest,S,128,Text,CDiT-S 128px Text,latest,,time,lpips,16s,16,0.6106643080711365,artifacts/summaries/eval_scand/eval_s_scand_128_text_dense/nwm_cdit_s_recon_128_text_dense_latest/scand_time.json
eval_s_scand_128_text_dense,nwm_cdit_s_recon_128_text_dense_latest,S,128,Text,CDiT-S 128px Text,latest,,time,dreamsim,16s,16,0.6255620121955872,artifacts/summaries/eval_scand/eval_s_scand_128_text_dense/nwm_cdit_s_recon_128_text_dense_latest/scand_time.json
eval_s_scand_128_text_dense,nwm_cdit_s_recon_128_text_dense_latest,S,128,Text,CDiT-S 128px Text,latest,,time,fid,1s,1,189.1971893310547,artifacts/summaries/eval_scand/eval_s_scand_128_text_dense/nwm_cdit_s_recon_128_text_dense_latest/scand_time.json
eval_s_scand_128_text_dense,nwm_cdit_s_recon_128_text_dense_latest,S,128,Text,CDiT-S 128px Text,latest,,time,fid,2s,2,192.00074768066406,artifacts/summaries/eval_scand/eval_s_scand_128_text_dense/nwm_cdit_s_recon_128_text_dense_latest/scand_time.json
eval_s_scand_128_text_dense,nwm_cdit_s_recon_128_text_dense_latest,S,128,Text,CDiT-S 128px Text,latest,,time,fid,4s,4,191.9266357421875,artifacts/summaries/eval_scand/eval_s_scand_128_text_dense/nwm_cdit_s_recon_128_text_dense_latest/scand_time.json
eval_s_scand_128_text_dense,nwm_cdit_s_recon_128_text_dense_latest,S,128,Text,CDiT-S 128px Text,latest,,time,fid,8s,8,185.81298828125,artifacts/summaries/eval_scand/eval_s_scand_128_text_dense/nwm_cdit_s_recon_128_text_dense_latest/scand_time.json
eval_s_scand_128_text_dense,nwm_cdit_s_recon_128_text_dense_latest,S,128,Text,CDiT-S 128px Text,latest,,time,fid,16s,16,189.01309204101562,artifacts/summaries/eval_scand/eval_s_scand_128_text_dense/nwm_cdit_s_recon_128_text_dense_latest/scand_time.json
eval_s_scand_raw_text_dense,nwm_cdit_s_recon_raw_text_dense_0005000,S,224,Text,CDiT-S 224px Text,0005000,5000,time,lpips,1s,1,0.3976125717163086,artifacts/summaries/eval_scand/eval_s_scand_raw_text_dense/nwm_cdit_s_recon_raw_text_dense_0005000/scand_time.json
eval_s_scand_raw_text_dense,nwm_cdit_s_recon_raw_text_dense_0005000,S,224,Text,CDiT-S 224px Text,0005000,5000,time,dreamsim,1s,1,0.35931333899497986,artifacts/summaries/eval_scand/eval_s_scand_raw_text_dense/nwm_cdit_s_recon_raw_text_dense_0005000/scand_time.json
eval_s_scand_raw_text_dense,nwm_cdit_s_recon_raw_text_dense_0005000,S,224,Text,CDiT-S 224px Text,0005000,5000,time,lpips,2s,2,0.4310762286186218,artifacts/summaries/eval_scand/eval_s_scand_raw_text_dense/nwm_cdit_s_recon_raw_text_dense_0005000/scand_time.json
eval_s_scand_raw_text_dense,nwm_cdit_s_recon_raw_text_dense_0005000,S,224,Text,CDiT-S 224px Text,0005000,5000,time,dreamsim,2s,2,0.37824884057044983,artifacts/summaries/eval_scand/eval_s_scand_raw_text_dense/nwm_cdit_s_recon_raw_text_dense_0005000/scand_time.json
eval_s_scand_raw_text_dense,nwm_cdit_s_recon_raw_text_dense_0005000,S,224,Text,CDiT-S 224px Text,0005000,5000,time,lpips,4s,4,0.46850094199180603,artifacts/summaries/eval_scand/eval_s_scand_raw_text_dense/nwm_cdit_s_recon_raw_text_dense_0005000/scand_time.json
eval_s_scand_raw_text_dense,nwm_cdit_s_recon_raw_text_dense_0005000,S,224,Text,CDiT-S 224px Text,0005000,5000,time,dreamsim,4s,4,0.4044160544872284,artifacts/summaries/eval_scand/eval_s_scand_raw_text_dense/nwm_cdit_s_recon_raw_text_dense_0005000/scand_time.json
eval_s_scand_raw_text_dense,nwm_cdit_s_recon_raw_text_dense_0005000,S,224,Text,CDiT-S 224px Text,0005000,5000,time,lpips,8s,8,0.5051765441894531,artifacts/summaries/eval_scand/eval_s_scand_raw_text_dense/nwm_cdit_s_recon_raw_text_dense_0005000/scand_time.json
eval_s_scand_raw_text_dense,nwm_cdit_s_recon_raw_text_dense_0005000,S,224,Text,CDiT-S 224px Text,0005000,5000,time,dreamsim,8s,8,0.42853015661239624,artifacts/summaries/eval_scand/eval_s_scand_raw_text_dense/nwm_cdit_s_recon_raw_text_dense_0005000/scand_time.json
eval_s_scand_raw_text_dense,nwm_cdit_s_recon_raw_text_dense_0005000,S,224,Text,CDiT-S 224px Text,0005000,5000,time,lpips,16s,16,0.5401654839515686,artifacts/summaries/eval_scand/eval_s_scand_raw_text_dense/nwm_cdit_s_recon_raw_text_dense_0005000/scand_time.json
eval_s_scand_raw_text_dense,nwm_cdit_s_recon_raw_text_dense_0005000,S,224,Text,CDiT-S 224px Text,0005000,5000,time,dreamsim,16s,16,0.4630976617336273,artifacts/summaries/eval_scand/eval_s_scand_raw_text_dense/nwm_cdit_s_recon_raw_text_dense_0005000/scand_time.json
eval_s_scand_raw_text_dense,nwm_cdit_s_recon_raw_text_dense_0005000,S,224,Text,CDiT-S 224px Text,0005000,5000,time,fid,1s,1,88.28140258789062,artifacts/summaries/eval_scand/eval_s_scand_raw_text_dense/nwm_cdit_s_recon_raw_text_dense_0005000/scand_time.json
eval_s_scand_raw_text_dense,nwm_cdit_s_recon_raw_text_dense_0005000,S,224,Text,CDiT-S 224px Text,0005000,5000,time,fid,2s,2,91.90533447265625,artifacts/summaries/eval_scand/eval_s_scand_raw_text_dense/nwm_cdit_s_recon_raw_text_dense_0005000/scand_time.json
eval_s_scand_raw_text_dense,nwm_cdit_s_recon_raw_text_dense_0005000,S,224,Text,CDiT-S 224px Text,0005000,5000,time,fid,4s,4,94.60618591308594,artifacts/summaries/eval_scand/eval_s_scand_raw_text_dense/nwm_cdit_s_recon_raw_text_dense_0005000/scand_time.json
eval_s_scand_raw_text_dense,nwm_cdit_s_recon_raw_text_dense_0005000,S,224,Text,CDiT-S 224px Text,0005000,5000,time,fid,8s,8,95.07611083984375,artifacts/summaries/eval_scand/eval_s_scand_raw_text_dense/nwm_cdit_s_recon_raw_text_dense_0005000/scand_time.json
eval_s_scand_raw_text_dense,nwm_cdit_s_recon_raw_text_dense_0005000,S,224,Text,CDiT-S 224px Text,0005000,5000,time,fid,16s,16,100.81494140625,artifacts/summaries/eval_scand/eval_s_scand_raw_text_dense/nwm_cdit_s_recon_raw_text_dense_0005000/scand_time.json
eval_s_scand_raw_text_dense,nwm_cdit_s_recon_raw_text_dense_0010000,S,224,Text,CDiT-S 224px Text,0010000,10000,time,lpips,1s,1,0.4404878616333008,artifacts/summaries/eval_scand/eval_s_scand_raw_text_dense/nwm_cdit_s_recon_raw_text_dense_0010000/scand_time.json
eval_s_scand_raw_text_dense,nwm_cdit_s_recon_raw_text_dense_0010000,S,224,Text,CDiT-S 224px Text,0010000,10000,time,dreamsim,1s,1,0.4320296049118042,artifacts/summaries/eval_scand/eval_s_scand_raw_text_dense/nwm_cdit_s_recon_raw_text_dense_0010000/scand_time.json
eval_s_scand_raw_text_dense,nwm_cdit_s_recon_raw_text_dense_0010000,S,224,Text,CDiT-S 224px Text,0010000,10000,time,lpips,2s,2,0.47691410779953003,artifacts/summaries/eval_scand/eval_s_scand_raw_text_dense/nwm_cdit_s_recon_raw_text_dense_0010000/scand_time.json
eval_s_scand_raw_text_dense,nwm_cdit_s_recon_raw_text_dense_0010000,S,224,Text,CDiT-S 224px Text,0010000,10000,time,dreamsim,2s,2,0.46133705973625183,artifacts/summaries/eval_scand/eval_s_scand_raw_text_dense/nwm_cdit_s_recon_raw_text_dense_0010000/scand_time.json
eval_s_scand_raw_text_dense,nwm_cdit_s_recon_raw_text_dense_0010000,S,224,Text,CDiT-S 224px Text,0010000,10000,time,lpips,4s,4,0.5279334187507629,artifacts/summaries/eval_scand/eval_s_scand_raw_text_dense/nwm_cdit_s_recon_raw_text_dense_0010000/scand_time.json
eval_s_scand_raw_text_dense,nwm_cdit_s_recon_raw_text_dense_0010000,S,224,Text,CDiT-S 224px Text,0010000,10000,time,dreamsim,4s,4,0.49335524439811707,artifacts/summaries/eval_scand/eval_s_scand_raw_text_dense/nwm_cdit_s_recon_raw_text_dense_0010000/scand_time.json
eval_s_scand_raw_text_dense,nwm_cdit_s_recon_raw_text_dense_0010000,S,224,Text,CDiT-S 224px Text,0010000,10000,time,lpips,8s,8,0.5652922987937927,artifacts/summaries/eval_scand/eval_s_scand_raw_text_dense/nwm_cdit_s_recon_raw_text_dense_0010000/scand_time.json
eval_s_scand_raw_text_dense,nwm_cdit_s_recon_raw_text_dense_0010000,S,224,Text,CDiT-S 224px Text,0010000,10000,time,dreamsim,8s,8,0.527968168258667,artifacts/summaries/eval_scand/eval_s_scand_raw_text_dense/nwm_cdit_s_recon_raw_text_dense_0010000/scand_time.json
eval_s_scand_raw_text_dense,nwm_cdit_s_recon_raw_text_dense_0010000,S,224,Text,CDiT-S 224px Text,0010000,10000,time,lpips,16s,16,0.6040441393852234,artifacts/summaries/eval_scand/eval_s_scand_raw_text_dense/nwm_cdit_s_recon_raw_text_dense_0010000/scand_time.json
eval_s_scand_raw_text_dense,nwm_cdit_s_recon_raw_text_dense_0010000,S,224,Text,CDiT-S 224px Text,0010000,10000,time,dreamsim,16s,16,0.5644969344139099,artifacts/summaries/eval_scand/eval_s_scand_raw_text_dense/nwm_cdit_s_recon_raw_text_dense_0010000/scand_time.json
eval_s_scand_raw_text_dense,nwm_cdit_s_recon_raw_text_dense_0010000,S,224,Text,CDiT-S 224px Text,0010000,10000,time,fid,1s,1,116.69488525390625,artifacts/summaries/eval_scand/eval_s_scand_raw_text_dense/nwm_cdit_s_recon_raw_text_dense_0010000/scand_time.json
eval_s_scand_raw_text_dense,nwm_cdit_s_recon_raw_text_dense_0010000,S,224,Text,CDiT-S 224px Text,0010000,10000,time,fid,2s,2,122.9920654296875,artifacts/summaries/eval_scand/eval_s_scand_raw_text_dense/nwm_cdit_s_recon_raw_text_dense_0010000/scand_time.json
eval_s_scand_raw_text_dense,nwm_cdit_s_recon_raw_text_dense_0010000,S,224,Text,CDiT-S 224px Text,0010000,10000,time,fid,4s,4,131.9075927734375,artifacts/summaries/eval_scand/eval_s_scand_raw_text_dense/nwm_cdit_s_recon_raw_text_dense_0010000/scand_time.json
eval_s_scand_raw_text_dense,nwm_cdit_s_recon_raw_text_dense_0010000,S,224,Text,CDiT-S 224px Text,0010000,10000,time,fid,8s,8,137.49172973632812,artifacts/summaries/eval_scand/eval_s_scand_raw_text_dense/nwm_cdit_s_recon_raw_text_dense_0010000/scand_time.json
eval_s_scand_raw_text_dense,nwm_cdit_s_recon_raw_text_dense_0010000,S,224,Text,CDiT-S 224px Text,0010000,10000,time,fid,16s,16,147.63308715820312,artifacts/summaries/eval_scand/eval_s_scand_raw_text_dense/nwm_cdit_s_recon_raw_text_dense_0010000/scand_time.json
eval_s_scand_raw_text_dense,nwm_cdit_s_recon_raw_text_dense_0015000,S,224,Text,CDiT-S 224px Text,0015000,15000,time,lpips,1s,1,0.4714182913303375,artifacts/summaries/eval_scand/eval_s_scand_raw_text_dense/nwm_cdit_s_recon_raw_text_dense_0015000/scand_time.json
eval_s_scand_raw_text_dense,nwm_cdit_s_recon_raw_text_dense_0015000,S,224,Text,CDiT-S 224px Text,0015000,15000,time,dreamsim,1s,1,0.48582544922828674,artifacts/summaries/eval_scand/eval_s_scand_raw_text_dense/nwm_cdit_s_recon_raw_text_dense_0015000/scand_time.json
eval_s_scand_raw_text_dense,nwm_cdit_s_recon_raw_text_dense_0015000,S,224,Text,CDiT-S 224px Text,0015000,15000,time,lpips,2s,2,0.5128613710403442,artifacts/summaries/eval_scand/eval_s_scand_raw_text_dense/nwm_cdit_s_recon_raw_text_dense_0015000/scand_time.json
eval_s_scand_raw_text_dense,nwm_cdit_s_recon_raw_text_dense_0015000,S,224,Text,CDiT-S 224px Text,0015000,15000,time,dreamsim,2s,2,0.5138795375823975,artifacts/summaries/eval_scand/eval_s_scand_raw_text_dense/nwm_cdit_s_recon_raw_text_dense_0015000/scand_time.json
eval_s_scand_raw_text_dense,nwm_cdit_s_recon_raw_text_dense_0015000,S,224,Text,CDiT-S 224px Text,0015000,15000,time,lpips,4s,4,0.5632845163345337,artifacts/summaries/eval_scand/eval_s_scand_raw_text_dense/nwm_cdit_s_recon_raw_text_dense_0015000/scand_time.json
eval_s_scand_raw_text_dense,nwm_cdit_s_recon_raw_text_dense_0015000,S,224,Text,CDiT-S 224px Text,0015000,15000,time,dreamsim,4s,4,0.5463839173316956,artifacts/summaries/eval_scand/eval_s_scand_raw_text_dense/nwm_cdit_s_recon_raw_text_dense_0015000/scand_time.json
eval_s_scand_raw_text_dense,nwm_cdit_s_recon_raw_text_dense_0015000,S,224,Text,CDiT-S 224px Text,0015000,15000,time,lpips,8s,8,0.6052414178848267,artifacts/summaries/eval_scand/eval_s_scand_raw_text_dense/nwm_cdit_s_recon_raw_text_dense_0015000/scand_time.json
eval_s_scand_raw_text_dense,nwm_cdit_s_recon_raw_text_dense_0015000,S,224,Text,CDiT-S 224px Text,0015000,15000,time,dreamsim,8s,8,0.5835980772972107,artifacts/summaries/eval_scand/eval_s_scand_raw_text_dense/nwm_cdit_s_recon_raw_text_dense_0015000/scand_time.json
eval_s_scand_raw_text_dense,nwm_cdit_s_recon_raw_text_dense_0015000,S,224,Text,CDiT-S 224px Text,0015000,15000,time,lpips,16s,16,0.6384849548339844,artifacts/summaries/eval_scand/eval_s_scand_raw_text_dense/nwm_cdit_s_recon_raw_text_dense_0015000/scand_time.json
eval_s_scand_raw_text_dense,nwm_cdit_s_recon_raw_text_dense_0015000,S,224,Text,CDiT-S 224px Text,0015000,15000,time,dreamsim,16s,16,0.6192789673805237,artifacts/summaries/eval_scand/eval_s_scand_raw_text_dense/nwm_cdit_s_recon_raw_text_dense_0015000/scand_time.json
eval_s_scand_raw_text_dense,nwm_cdit_s_recon_raw_text_dense_0015000,S,224,Text,CDiT-S 224px Text,0015000,15000,time,fid,1s,1,139.2220458984375,artifacts/summaries/eval_scand/eval_s_scand_raw_text_dense/nwm_cdit_s_recon_raw_text_dense_0015000/scand_time.json
eval_s_scand_raw_text_dense,nwm_cdit_s_recon_raw_text_dense_0015000,S,224,Text,CDiT-S 224px Text,0015000,15000,time,fid,2s,2,146.84918212890625,artifacts/summaries/eval_scand/eval_s_scand_raw_text_dense/nwm_cdit_s_recon_raw_text_dense_0015000/scand_time.json
eval_s_scand_raw_text_dense,nwm_cdit_s_recon_raw_text_dense_0015000,S,224,Text,CDiT-S 224px Text,0015000,15000,time,fid,4s,4,158.09548950195312,artifacts/summaries/eval_scand/eval_s_scand_raw_text_dense/nwm_cdit_s_recon_raw_text_dense_0015000/scand_time.json
eval_s_scand_raw_text_dense,nwm_cdit_s_recon_raw_text_dense_0015000,S,224,Text,CDiT-S 224px Text,0015000,15000,time,fid,8s,8,167.50442504882812,artifacts/summaries/eval_scand/eval_s_scand_raw_text_dense/nwm_cdit_s_recon_raw_text_dense_0015000/scand_time.json
eval_s_scand_raw_text_dense,nwm_cdit_s_recon_raw_text_dense_0015000,S,224,Text,CDiT-S 224px Text,0015000,15000,time,fid,16s,16,181.71414184570312,artifacts/summaries/eval_scand/eval_s_scand_raw_text_dense/nwm_cdit_s_recon_raw_text_dense_0015000/scand_time.json
eval_s_scand_raw_text_dense,nwm_cdit_s_recon_raw_text_dense_0020000,S,224,Text,CDiT-S 224px Text,0020000,20000,time,lpips,1s,1,0.4938201904296875,artifacts/summaries/eval_scand/eval_s_scand_raw_text_dense/nwm_cdit_s_recon_raw_text_dense_0020000/scand_time.json
eval_s_scand_raw_text_dense,nwm_cdit_s_recon_raw_text_dense_0020000,S,224,Text,CDiT-S 224px Text,0020000,20000,time,dreamsim,1s,1,0.5183068513870239,artifacts/summaries/eval_scand/eval_s_scand_raw_text_dense/nwm_cdit_s_recon_raw_text_dense_0020000/scand_time.json
eval_s_scand_raw_text_dense,nwm_cdit_s_recon_raw_text_dense_0020000,S,224,Text,CDiT-S 224px Text,0020000,20000,time,lpips,2s,2,0.5356044769287109,artifacts/summaries/eval_scand/eval_s_scand_raw_text_dense/nwm_cdit_s_recon_raw_text_dense_0020000/scand_time.json
eval_s_scand_raw_text_dense,nwm_cdit_s_recon_raw_text_dense_0020000,S,224,Text,CDiT-S 224px Text,0020000,20000,time,dreamsim,2s,2,0.5453754663467407,artifacts/summaries/eval_scand/eval_s_scand_raw_text_dense/nwm_cdit_s_recon_raw_text_dense_0020000/scand_time.json
eval_s_scand_raw_text_dense,nwm_cdit_s_recon_raw_text_dense_0020000,S,224,Text,CDiT-S 224px Text,0020000,20000,time,lpips,4s,4,0.5843857526779175,artifacts/summaries/eval_scand/eval_s_scand_raw_text_dense/nwm_cdit_s_recon_raw_text_dense_0020000/scand_time.json
eval_s_scand_raw_text_dense,nwm_cdit_s_recon_raw_text_dense_0020000,S,224,Text,CDiT-S 224px Text,0020000,20000,time,dreamsim,4s,4,0.5741915702819824,artifacts/summaries/eval_scand/eval_s_scand_raw_text_dense/nwm_cdit_s_recon_raw_text_dense_0020000/scand_time.json
eval_s_scand_raw_text_dense,nwm_cdit_s_recon_raw_text_dense_0020000,S,224,Text,CDiT-S 224px Text,0020000,20000,time,lpips,8s,8,0.6265849471092224,artifacts/summaries/eval_scand/eval_s_scand_raw_text_dense/nwm_cdit_s_recon_raw_text_dense_0020000/scand_time.json
eval_s_scand_raw_text_dense,nwm_cdit_s_recon_raw_text_dense_0020000,S,224,Text,CDiT-S 224px Text,0020000,20000,time,dreamsim,8s,8,0.6022337079048157,artifacts/summaries/eval_scand/eval_s_scand_raw_text_dense/nwm_cdit_s_recon_raw_text_dense_0020000/scand_time.json
eval_s_scand_raw_text_dense,nwm_cdit_s_recon_raw_text_dense_0020000,S,224,Text,CDiT-S 224px Text,0020000,20000,time,lpips,16s,16,0.6509262323379517,artifacts/summaries/eval_scand/eval_s_scand_raw_text_dense/nwm_cdit_s_recon_raw_text_dense_0020000/scand_time.json
eval_s_scand_raw_text_dense,nwm_cdit_s_recon_raw_text_dense_0020000,S,224,Text,CDiT-S 224px Text,0020000,20000,time,dreamsim,16s,16,0.6380779147148132,artifacts/summaries/eval_scand/eval_s_scand_raw_text_dense/nwm_cdit_s_recon_raw_text_dense_0020000/scand_time.json
eval_s_scand_raw_text_dense,nwm_cdit_s_recon_raw_text_dense_0020000,S,224,Text,CDiT-S 224px Text,0020000,20000,time,fid,1s,1,159.1713104248047,artifacts/summaries/eval_scand/eval_s_scand_raw_text_dense/nwm_cdit_s_recon_raw_text_dense_0020000/scand_time.json
eval_s_scand_raw_text_dense,nwm_cdit_s_recon_raw_text_dense_0020000,S,224,Text,CDiT-S 224px Text,0020000,20000,time,fid,2s,2,168.18051147460938,artifacts/summaries/eval_scand/eval_s_scand_raw_text_dense/nwm_cdit_s_recon_raw_text_dense_0020000/scand_time.json
eval_s_scand_raw_text_dense,nwm_cdit_s_recon_raw_text_dense_0020000,S,224,Text,CDiT-S 224px Text,0020000,20000,time,fid,4s,4,176.75567626953125,artifacts/summaries/eval_scand/eval_s_scand_raw_text_dense/nwm_cdit_s_recon_raw_text_dense_0020000/scand_time.json
eval_s_scand_raw_text_dense,nwm_cdit_s_recon_raw_text_dense_0020000,S,224,Text,CDiT-S 224px Text,0020000,20000,time,fid,8s,8,189.68460083007812,artifacts/summaries/eval_scand/eval_s_scand_raw_text_dense/nwm_cdit_s_recon_raw_text_dense_0020000/scand_time.json
eval_s_scand_raw_text_dense,nwm_cdit_s_recon_raw_text_dense_0020000,S,224,Text,CDiT-S 224px Text,0020000,20000,time,fid,16s,16,205.10760498046875,artifacts/summaries/eval_scand/eval_s_scand_raw_text_dense/nwm_cdit_s_recon_raw_text_dense_0020000/scand_time.json
eval_s_scand_raw_text_dense,nwm_cdit_s_recon_raw_text_dense_0025000,S,224,Text,CDiT-S 224px Text,0025000,25000,time,lpips,1s,1,0.5077494978904724,artifacts/summaries/eval_scand/eval_s_scand_raw_text_dense/nwm_cdit_s_recon_raw_text_dense_0025000/scand_time.json
eval_s_scand_raw_text_dense,nwm_cdit_s_recon_raw_text_dense_0025000,S,224,Text,CDiT-S 224px Text,0025000,25000,time,dreamsim,1s,1,0.5350152850151062,artifacts/summaries/eval_scand/eval_s_scand_raw_text_dense/nwm_cdit_s_recon_raw_text_dense_0025000/scand_time.json
eval_s_scand_raw_text_dense,nwm_cdit_s_recon_raw_text_dense_0025000,S,224,Text,CDiT-S 224px Text,0025000,25000,time,lpips,2s,2,0.5494711399078369,artifacts/summaries/eval_scand/eval_s_scand_raw_text_dense/nwm_cdit_s_recon_raw_text_dense_0025000/scand_time.json
eval_s_scand_raw_text_dense,nwm_cdit_s_recon_raw_text_dense_0025000,S,224,Text,CDiT-S 224px Text,0025000,25000,time,dreamsim,2s,2,0.5587091445922852,artifacts/summaries/eval_scand/eval_s_scand_raw_text_dense/nwm_cdit_s_recon_raw_text_dense_0025000/scand_time.json
eval_s_scand_raw_text_dense,nwm_cdit_s_recon_raw_text_dense_0025000,S,224,Text,CDiT-S 224px Text,0025000,25000,time,lpips,4s,4,0.5945706963539124,artifacts/summaries/eval_scand/eval_s_scand_raw_text_dense/nwm_cdit_s_recon_raw_text_dense_0025000/scand_time.json
eval_s_scand_raw_text_dense,nwm_cdit_s_recon_raw_text_dense_0025000,S,224,Text,CDiT-S 224px Text,0025000,25000,time,dreamsim,4s,4,0.5873785018920898,artifacts/summaries/eval_scand/eval_s_scand_raw_text_dense/nwm_cdit_s_recon_raw_text_dense_0025000/scand_time.json
eval_s_scand_raw_text_dense,nwm_cdit_s_recon_raw_text_dense_0025000,S,224,Text,CDiT-S 224px Text,0025000,25000,time,lpips,8s,8,0.6333438158035278,artifacts/summaries/eval_scand/eval_s_scand_raw_text_dense/nwm_cdit_s_recon_raw_text_dense_0025000/scand_time.json
eval_s_scand_raw_text_dense,nwm_cdit_s_recon_raw_text_dense_0025000,S,224,Text,CDiT-S 224px Text,0025000,25000,time,dreamsim,8s,8,0.6115561127662659,artifacts/summaries/eval_scand/eval_s_scand_raw_text_dense/nwm_cdit_s_recon_raw_text_dense_0025000/scand_time.json
eval_s_scand_raw_text_dense,nwm_cdit_s_recon_raw_text_dense_0025000,S,224,Text,CDiT-S 224px Text,0025000,25000,time,lpips,16s,16,0.6589294672012329,artifacts/summaries/eval_scand/eval_s_scand_raw_text_dense/nwm_cdit_s_recon_raw_text_dense_0025000/scand_time.json
eval_s_scand_raw_text_dense,nwm_cdit_s_recon_raw_text_dense_0025000,S,224,Text,CDiT-S 224px Text,0025000,25000,time,dreamsim,16s,16,0.640720546245575,artifacts/summaries/eval_scand/eval_s_scand_raw_text_dense/nwm_cdit_s_recon_raw_text_dense_0025000/scand_time.json
eval_s_scand_raw_text_dense,nwm_cdit_s_recon_raw_text_dense_0025000,S,224,Text,CDiT-S 224px Text,0025000,25000,time,fid,1s,1,175.48068237304688,artifacts/summaries/eval_scand/eval_s_scand_raw_text_dense/nwm_cdit_s_recon_raw_text_dense_0025000/scand_time.json
eval_s_scand_raw_text_dense,nwm_cdit_s_recon_raw_text_dense_0025000,S,224,Text,CDiT-S 224px Text,0025000,25000,time,fid,2s,2,185.9501953125,artifacts/summaries/eval_scand/eval_s_scand_raw_text_dense/nwm_cdit_s_recon_raw_text_dense_0025000/scand_time.json
eval_s_scand_raw_text_dense,nwm_cdit_s_recon_raw_text_dense_0025000,S,224,Text,CDiT-S 224px Text,0025000,25000,time,fid,4s,4,194.13180541992188,artifacts/summaries/eval_scand/eval_s_scand_raw_text_dense/nwm_cdit_s_recon_raw_text_dense_0025000/scand_time.json
eval_s_scand_raw_text_dense,nwm_cdit_s_recon_raw_text_dense_0025000,S,224,Text,CDiT-S 224px Text,0025000,25000,time,fid,8s,8,199.99200439453125,artifacts/summaries/eval_scand/eval_s_scand_raw_text_dense/nwm_cdit_s_recon_raw_text_dense_0025000/scand_time.json
eval_s_scand_raw_text_dense,nwm_cdit_s_recon_raw_text_dense_0025000,S,224,Text,CDiT-S 224px Text,0025000,25000,time,fid,16s,16,208.93798828125,artifacts/summaries/eval_scand/eval_s_scand_raw_text_dense/nwm_cdit_s_recon_raw_text_dense_0025000/scand_time.json
eval_s_scand_raw_text_dense,nwm_cdit_s_recon_raw_text_dense_0030000,S,224,Text,CDiT-S 224px Text,0030000,30000,rollout_1fps,lpips,1s,1,0.5403339266777039,artifacts/summaries/eval_scand/eval_s_scand_raw_text_dense/nwm_cdit_s_recon_raw_text_dense_0030000/scand_rollout_1fps.json
eval_s_scand_raw_text_dense,nwm_cdit_s_recon_raw_text_dense_0030000,S,224,Text,CDiT-S 224px Text,0030000,30000,rollout_1fps,dreamsim,1s,1,0.5645167827606201,artifacts/summaries/eval_scand/eval_s_scand_raw_text_dense/nwm_cdit_s_recon_raw_text_dense_0030000/scand_rollout_1fps.json
eval_s_scand_raw_text_dense,nwm_cdit_s_recon_raw_text_dense_0030000,S,224,Text,CDiT-S 224px Text,0030000,30000,rollout_1fps,lpips,2s,2,0.5906018614768982,artifacts/summaries/eval_scand/eval_s_scand_raw_text_dense/nwm_cdit_s_recon_raw_text_dense_0030000/scand_rollout_1fps.json
eval_s_scand_raw_text_dense,nwm_cdit_s_recon_raw_text_dense_0030000,S,224,Text,CDiT-S 224px Text,0030000,30000,rollout_1fps,dreamsim,2s,2,0.5972021818161011,artifacts/summaries/eval_scand/eval_s_scand_raw_text_dense/nwm_cdit_s_recon_raw_text_dense_0030000/scand_rollout_1fps.json
eval_s_scand_raw_text_dense,nwm_cdit_s_recon_raw_text_dense_0030000,S,224,Text,CDiT-S 224px Text,0030000,30000,rollout_1fps,lpips,4s,4,0.6327950954437256,artifacts/summaries/eval_scand/eval_s_scand_raw_text_dense/nwm_cdit_s_recon_raw_text_dense_0030000/scand_rollout_1fps.json
eval_s_scand_raw_text_dense,nwm_cdit_s_recon_raw_text_dense_0030000,S,224,Text,CDiT-S 224px Text,0030000,30000,rollout_1fps,dreamsim,4s,4,0.6074717044830322,artifacts/summaries/eval_scand/eval_s_scand_raw_text_dense/nwm_cdit_s_recon_raw_text_dense_0030000/scand_rollout_1fps.json
eval_s_scand_raw_text_dense,nwm_cdit_s_recon_raw_text_dense_0030000,S,224,Text,CDiT-S 224px Text,0030000,30000,rollout_1fps,lpips,8s,8,0.6763190031051636,artifacts/summaries/eval_scand/eval_s_scand_raw_text_dense/nwm_cdit_s_recon_raw_text_dense_0030000/scand_rollout_1fps.json
eval_s_scand_raw_text_dense,nwm_cdit_s_recon_raw_text_dense_0030000,S,224,Text,CDiT-S 224px Text,0030000,30000,rollout_1fps,dreamsim,8s,8,0.637485146522522,artifacts/summaries/eval_scand/eval_s_scand_raw_text_dense/nwm_cdit_s_recon_raw_text_dense_0030000/scand_rollout_1fps.json
eval_s_scand_raw_text_dense,nwm_cdit_s_recon_raw_text_dense_0030000,S,224,Text,CDiT-S 224px Text,0030000,30000,rollout_1fps,lpips,16s,16,0.6998159885406494,artifacts/summaries/eval_scand/eval_s_scand_raw_text_dense/nwm_cdit_s_recon_raw_text_dense_0030000/scand_rollout_1fps.json
eval_s_scand_raw_text_dense,nwm_cdit_s_recon_raw_text_dense_0030000,S,224,Text,CDiT-S 224px Text,0030000,30000,rollout_1fps,dreamsim,16s,16,0.6706527471542358,artifacts/summaries/eval_scand/eval_s_scand_raw_text_dense/nwm_cdit_s_recon_raw_text_dense_0030000/scand_rollout_1fps.json
eval_s_scand_raw_text_dense,nwm_cdit_s_recon_raw_text_dense_0030000,S,224,Text,CDiT-S 224px Text,0030000,30000,rollout_1fps,fid,1s,1,226.9803466796875,artifacts/summaries/eval_scand/eval_s_scand_raw_text_dense/nwm_cdit_s_recon_raw_text_dense_0030000/scand_rollout_1fps.json
eval_s_scand_raw_text_dense,nwm_cdit_s_recon_raw_text_dense_0030000,S,224,Text,CDiT-S 224px Text,0030000,30000,rollout_1fps,fid,2s,2,238.9258575439453,artifacts/summaries/eval_scand/eval_s_scand_raw_text_dense/nwm_cdit_s_recon_raw_text_dense_0030000/scand_rollout_1fps.json
eval_s_scand_raw_text_dense,nwm_cdit_s_recon_raw_text_dense_0030000,S,224,Text,CDiT-S 224px Text,0030000,30000,rollout_1fps,fid,4s,4,234.2059783935547,artifacts/summaries/eval_scand/eval_s_scand_raw_text_dense/nwm_cdit_s_recon_raw_text_dense_0030000/scand_rollout_1fps.json
eval_s_scand_raw_text_dense,nwm_cdit_s_recon_raw_text_dense_0030000,S,224,Text,CDiT-S 224px Text,0030000,30000,rollout_1fps,fid,8s,8,235.64515686035156,artifacts/summaries/eval_scand/eval_s_scand_raw_text_dense/nwm_cdit_s_recon_raw_text_dense_0030000/scand_rollout_1fps.json
eval_s_scand_raw_text_dense,nwm_cdit_s_recon_raw_text_dense_0030000,S,224,Text,CDiT-S 224px Text,0030000,30000,rollout_1fps,fid,16s,16,249.95416259765625,artifacts/summaries/eval_scand/eval_s_scand_raw_text_dense/nwm_cdit_s_recon_raw_text_dense_0030000/scand_rollout_1fps.json
eval_s_scand_raw_text_dense,nwm_cdit_s_recon_raw_text_dense_0030000,S,224,Text,CDiT-S 224px Text,0030000,30000,rollout_4fps,lpips,1s,1,0.5972364544868469,artifacts/summaries/eval_scand/eval_s_scand_raw_text_dense/nwm_cdit_s_recon_raw_text_dense_0030000/scand_rollout_4fps.json
eval_s_scand_raw_text_dense,nwm_cdit_s_recon_raw_text_dense_0030000,S,224,Text,CDiT-S 224px Text,0030000,30000,rollout_4fps,dreamsim,1s,1,0.5910683870315552,artifacts/summaries/eval_scand/eval_s_scand_raw_text_dense/nwm_cdit_s_recon_raw_text_dense_0030000/scand_rollout_4fps.json
eval_s_scand_raw_text_dense,nwm_cdit_s_recon_raw_text_dense_0030000,S,224,Text,CDiT-S 224px Text,0030000,30000,rollout_4fps,lpips,2s,2,0.6405746936798096,artifacts/summaries/eval_scand/eval_s_scand_raw_text_dense/nwm_cdit_s_recon_raw_text_dense_0030000/scand_rollout_4fps.json
eval_s_scand_raw_text_dense,nwm_cdit_s_recon_raw_text_dense_0030000,S,224,Text,CDiT-S 224px Text,0030000,30000,rollout_4fps,dreamsim,2s,2,0.6123205423355103,artifacts/summaries/eval_scand/eval_s_scand_raw_text_dense/nwm_cdit_s_recon_raw_text_dense_0030000/scand_rollout_4fps.json
eval_s_scand_raw_text_dense,nwm_cdit_s_recon_raw_text_dense_0030000,S,224,Text,CDiT-S 224px Text,0030000,30000,rollout_4fps,lpips,4s,4,0.67718905210495,artifacts/summaries/eval_scand/eval_s_scand_raw_text_dense/nwm_cdit_s_recon_raw_text_dense_0030000/scand_rollout_4fps.json
eval_s_scand_raw_text_dense,nwm_cdit_s_recon_raw_text_dense_0030000,S,224,Text,CDiT-S 224px Text,0030000,30000,rollout_4fps,dreamsim,4s,4,0.6283673048019409,artifacts/summaries/eval_scand/eval_s_scand_raw_text_dense/nwm_cdit_s_recon_raw_text_dense_0030000/scand_rollout_4fps.json
eval_s_scand_raw_text_dense,nwm_cdit_s_recon_raw_text_dense_0030000,S,224,Text,CDiT-S 224px Text,0030000,30000,rollout_4fps,lpips,8s,8,0.7041225433349609,artifacts/summaries/eval_scand/eval_s_scand_raw_text_dense/nwm_cdit_s_recon_raw_text_dense_0030000/scand_rollout_4fps.json
eval_s_scand_raw_text_dense,nwm_cdit_s_recon_raw_text_dense_0030000,S,224,Text,CDiT-S 224px Text,0030000,30000,rollout_4fps,dreamsim,8s,8,0.6551973819732666,artifacts/summaries/eval_scand/eval_s_scand_raw_text_dense/nwm_cdit_s_recon_raw_text_dense_0030000/scand_rollout_4fps.json
eval_s_scand_raw_text_dense,nwm_cdit_s_recon_raw_text_dense_0030000,S,224,Text,CDiT-S 224px Text,0030000,30000,rollout_4fps,lpips,16s,16,0.7243413925170898,artifacts/summaries/eval_scand/eval_s_scand_raw_text_dense/nwm_cdit_s_recon_raw_text_dense_0030000/scand_rollout_4fps.json
eval_s_scand_raw_text_dense,nwm_cdit_s_recon_raw_text_dense_0030000,S,224,Text,CDiT-S 224px Text,0030000,30000,rollout_4fps,dreamsim,16s,16,0.6938174962997437,artifacts/summaries/eval_scand/eval_s_scand_raw_text_dense/nwm_cdit_s_recon_raw_text_dense_0030000/scand_rollout_4fps.json
eval_s_scand_raw_text_dense,nwm_cdit_s_recon_raw_text_dense_0030000,S,224,Text,CDiT-S 224px Text,0030000,30000,rollout_4fps,fid,1s,1,238.69070434570312,artifacts/summaries/eval_scand/eval_s_scand_raw_text_dense/nwm_cdit_s_recon_raw_text_dense_0030000/scand_rollout_4fps.json
eval_s_scand_raw_text_dense,nwm_cdit_s_recon_raw_text_dense_0030000,S,224,Text,CDiT-S 224px Text,0030000,30000,rollout_4fps,fid,2s,2,245.33755493164062,artifacts/summaries/eval_scand/eval_s_scand_raw_text_dense/nwm_cdit_s_recon_raw_text_dense_0030000/scand_rollout_4fps.json
eval_s_scand_raw_text_dense,nwm_cdit_s_recon_raw_text_dense_0030000,S,224,Text,CDiT-S 224px Text,0030000,30000,rollout_4fps,fid,4s,4,247.05502319335938,artifacts/summaries/eval_scand/eval_s_scand_raw_text_dense/nwm_cdit_s_recon_raw_text_dense_0030000/scand_rollout_4fps.json
eval_s_scand_raw_text_dense,nwm_cdit_s_recon_raw_text_dense_0030000,S,224,Text,CDiT-S 224px Text,0030000,30000,rollout_4fps,fid,8s,8,229.78160095214844,artifacts/summaries/eval_scand/eval_s_scand_raw_text_dense/nwm_cdit_s_recon_raw_text_dense_0030000/scand_rollout_4fps.json
eval_s_scand_raw_text_dense,nwm_cdit_s_recon_raw_text_dense_0030000,S,224,Text,CDiT-S 224px Text,0030000,30000,rollout_4fps,fid,16s,16,246.281494140625,artifacts/summaries/eval_scand/eval_s_scand_raw_text_dense/nwm_cdit_s_recon_raw_text_dense_0030000/scand_rollout_4fps.json
eval_s_scand_raw_text_dense,nwm_cdit_s_recon_raw_text_dense_0030000,S,224,Text,CDiT-S 224px Text,0030000,30000,time,lpips,1s,1,0.5192680954933167,artifacts/summaries/eval_scand/eval_s_scand_raw_text_dense/nwm_cdit_s_recon_raw_text_dense_0030000/scand_time.json
eval_s_scand_raw_text_dense,nwm_cdit_s_recon_raw_text_dense_0030000,S,224,Text,CDiT-S 224px Text,0030000,30000,time,dreamsim,1s,1,0.5455215573310852,artifacts/summaries/eval_scand/eval_s_scand_raw_text_dense/nwm_cdit_s_recon_raw_text_dense_0030000/scand_time.json
eval_s_scand_raw_text_dense,nwm_cdit_s_recon_raw_text_dense_0030000,S,224,Text,CDiT-S 224px Text,0030000,30000,time,lpips,2s,2,0.5590389370918274,artifacts/summaries/eval_scand/eval_s_scand_raw_text_dense/nwm_cdit_s_recon_raw_text_dense_0030000/scand_time.json
eval_s_scand_raw_text_dense,nwm_cdit_s_recon_raw_text_dense_0030000,S,224,Text,CDiT-S 224px Text,0030000,30000,time,dreamsim,2s,2,0.5678320527076721,artifacts/summaries/eval_scand/eval_s_scand_raw_text_dense/nwm_cdit_s_recon_raw_text_dense_0030000/scand_time.json
eval_s_scand_raw_text_dense,nwm_cdit_s_recon_raw_text_dense_0030000,S,224,Text,CDiT-S 224px Text,0030000,30000,time,lpips,4s,4,0.6034640669822693,artifacts/summaries/eval_scand/eval_s_scand_raw_text_dense/nwm_cdit_s_recon_raw_text_dense_0030000/scand_time.json
eval_s_scand_raw_text_dense,nwm_cdit_s_recon_raw_text_dense_0030000,S,224,Text,CDiT-S 224px Text,0030000,30000,time,dreamsim,4s,4,0.5959630012512207,artifacts/summaries/eval_scand/eval_s_scand_raw_text_dense/nwm_cdit_s_recon_raw_text_dense_0030000/scand_time.json
eval_s_scand_raw_text_dense,nwm_cdit_s_recon_raw_text_dense_0030000,S,224,Text,CDiT-S 224px Text,0030000,30000,time,lpips,8s,8,0.6417776942253113,artifacts/summaries/eval_scand/eval_s_scand_raw_text_dense/nwm_cdit_s_recon_raw_text_dense_0030000/scand_time.json
eval_s_scand_raw_text_dense,nwm_cdit_s_recon_raw_text_dense_0030000,S,224,Text,CDiT-S 224px Text,0030000,30000,time,dreamsim,8s,8,0.6222062706947327,artifacts/summaries/eval_scand/eval_s_scand_raw_text_dense/nwm_cdit_s_recon_raw_text_dense_0030000/scand_time.json
eval_s_scand_raw_text_dense,nwm_cdit_s_recon_raw_text_dense_0030000,S,224,Text,CDiT-S 224px Text,0030000,30000,time,lpips,16s,16,0.6651778221130371,artifacts/summaries/eval_scand/eval_s_scand_raw_text_dense/nwm_cdit_s_recon_raw_text_dense_0030000/scand_time.json
eval_s_scand_raw_text_dense,nwm_cdit_s_recon_raw_text_dense_0030000,S,224,Text,CDiT-S 224px Text,0030000,30000,time,dreamsim,16s,16,0.6478363275527954,artifacts/summaries/eval_scand/eval_s_scand_raw_text_dense/nwm_cdit_s_recon_raw_text_dense_0030000/scand_time.json
eval_s_scand_raw_text_dense,nwm_cdit_s_recon_raw_text_dense_0030000,S,224,Text,CDiT-S 224px Text,0030000,30000,time,fid,1s,1,185.12657165527344,artifacts/summaries/eval_scand/eval_s_scand_raw_text_dense/nwm_cdit_s_recon_raw_text_dense_0030000/scand_time.json
eval_s_scand_raw_text_dense,nwm_cdit_s_recon_raw_text_dense_0030000,S,224,Text,CDiT-S 224px Text,0030000,30000,time,fid,2s,2,193.45822143554688,artifacts/summaries/eval_scand/eval_s_scand_raw_text_dense/nwm_cdit_s_recon_raw_text_dense_0030000/scand_time.json
eval_s_scand_raw_text_dense,nwm_cdit_s_recon_raw_text_dense_0030000,S,224,Text,CDiT-S 224px Text,0030000,30000,time,fid,4s,4,207.20782470703125,artifacts/summaries/eval_scand/eval_s_scand_raw_text_dense/nwm_cdit_s_recon_raw_text_dense_0030000/scand_time.json
eval_s_scand_raw_text_dense,nwm_cdit_s_recon_raw_text_dense_0030000,S,224,Text,CDiT-S 224px Text,0030000,30000,time,fid,8s,8,205.4772491455078,artifacts/summaries/eval_scand/eval_s_scand_raw_text_dense/nwm_cdit_s_recon_raw_text_dense_0030000/scand_time.json
eval_s_scand_raw_text_dense,nwm_cdit_s_recon_raw_text_dense_0030000,S,224,Text,CDiT-S 224px Text,0030000,30000,time,fid,16s,16,213.333740234375,artifacts/summaries/eval_scand/eval_s_scand_raw_text_dense/nwm_cdit_s_recon_raw_text_dense_0030000/scand_time.json
eval_s_scand_raw_text_dense,nwm_cdit_s_recon_raw_text_dense_latest,S,224,Text,CDiT-S 224px Text,latest,,time,lpips,1s,1,0.5176228284835815,artifacts/summaries/eval_scand/eval_s_scand_raw_text_dense/nwm_cdit_s_recon_raw_text_dense_latest/scand_time.json
eval_s_scand_raw_text_dense,nwm_cdit_s_recon_raw_text_dense_latest,S,224,Text,CDiT-S 224px Text,latest,,time,dreamsim,1s,1,0.5470612645149231,artifacts/summaries/eval_scand/eval_s_scand_raw_text_dense/nwm_cdit_s_recon_raw_text_dense_latest/scand_time.json
eval_s_scand_raw_text_dense,nwm_cdit_s_recon_raw_text_dense_latest,S,224,Text,CDiT-S 224px Text,latest,,time,lpips,2s,2,0.5593993663787842,artifacts/summaries/eval_scand/eval_s_scand_raw_text_dense/nwm_cdit_s_recon_raw_text_dense_latest/scand_time.json
eval_s_scand_raw_text_dense,nwm_cdit_s_recon_raw_text_dense_latest,S,224,Text,CDiT-S 224px Text,latest,,time,dreamsim,2s,2,0.5685070753097534,artifacts/summaries/eval_scand/eval_s_scand_raw_text_dense/nwm_cdit_s_recon_raw_text_dense_latest/scand_time.json
eval_s_scand_raw_text_dense,nwm_cdit_s_recon_raw_text_dense_latest,S,224,Text,CDiT-S 224px Text,latest,,time,lpips,4s,4,0.60385662317276,artifacts/summaries/eval_scand/eval_s_scand_raw_text_dense/nwm_cdit_s_recon_raw_text_dense_latest/scand_time.json
eval_s_scand_raw_text_dense,nwm_cdit_s_recon_raw_text_dense_latest,S,224,Text,CDiT-S 224px Text,latest,,time,dreamsim,4s,4,0.5948849320411682,artifacts/summaries/eval_scand/eval_s_scand_raw_text_dense/nwm_cdit_s_recon_raw_text_dense_latest/scand_time.json
eval_s_scand_raw_text_dense,nwm_cdit_s_recon_raw_text_dense_latest,S,224,Text,CDiT-S 224px Text,latest,,time,lpips,8s,8,0.6433036923408508,artifacts/summaries/eval_scand/eval_s_scand_raw_text_dense/nwm_cdit_s_recon_raw_text_dense_latest/scand_time.json
eval_s_scand_raw_text_dense,nwm_cdit_s_recon_raw_text_dense_latest,S,224,Text,CDiT-S 224px Text,latest,,time,dreamsim,8s,8,0.6231242418289185,artifacts/summaries/eval_scand/eval_s_scand_raw_text_dense/nwm_cdit_s_recon_raw_text_dense_latest/scand_time.json
eval_s_scand_raw_text_dense,nwm_cdit_s_recon_raw_text_dense_latest,S,224,Text,CDiT-S 224px Text,latest,,time,lpips,16s,16,0.6654370427131653,artifacts/summaries/eval_scand/eval_s_scand_raw_text_dense/nwm_cdit_s_recon_raw_text_dense_latest/scand_time.json
eval_s_scand_raw_text_dense,nwm_cdit_s_recon_raw_text_dense_latest,S,224,Text,CDiT-S 224px Text,latest,,time,dreamsim,16s,16,0.6509376764297485,artifacts/summaries/eval_scand/eval_s_scand_raw_text_dense/nwm_cdit_s_recon_raw_text_dense_latest/scand_time.json
eval_s_scand_raw_text_dense,nwm_cdit_s_recon_raw_text_dense_latest,S,224,Text,CDiT-S 224px Text,latest,,time,fid,1s,1,190.47567749023438,artifacts/summaries/eval_scand/eval_s_scand_raw_text_dense/nwm_cdit_s_recon_raw_text_dense_latest/scand_time.json
eval_s_scand_raw_text_dense,nwm_cdit_s_recon_raw_text_dense_latest,S,224,Text,CDiT-S 224px Text,latest,,time,fid,2s,2,192.05154418945312,artifacts/summaries/eval_scand/eval_s_scand_raw_text_dense/nwm_cdit_s_recon_raw_text_dense_latest/scand_time.json
eval_s_scand_raw_text_dense,nwm_cdit_s_recon_raw_text_dense_latest,S,224,Text,CDiT-S 224px Text,latest,,time,fid,4s,4,200.32412719726562,artifacts/summaries/eval_scand/eval_s_scand_raw_text_dense/nwm_cdit_s_recon_raw_text_dense_latest/scand_time.json
eval_s_scand_raw_text_dense,nwm_cdit_s_recon_raw_text_dense_latest,S,224,Text,CDiT-S 224px Text,latest,,time,fid,8s,8,204.9817352294922,artifacts/summaries/eval_scand/eval_s_scand_raw_text_dense/nwm_cdit_s_recon_raw_text_dense_latest/scand_time.json
eval_s_scand_raw_text_dense,nwm_cdit_s_recon_raw_text_dense_latest,S,224,Text,CDiT-S 224px Text,latest,,time,fid,16s,16,214.81686401367188,artifacts/summaries/eval_scand/eval_s_scand_raw_text_dense/nwm_cdit_s_recon_raw_text_dense_latest/scand_time.json
lpips_time_scand_b,nwm_cdit_b,B,224,No Text,CDiT-B 224px No Text,base,,time,lpips,1s,1,0.35401543974876404,artifacts/summaries/eval_scand/lpips_time_scand_b/nwm_cdit_b/scand_time.json
lpips_time_scand_b,nwm_cdit_b,B,224,No Text,CDiT-B 224px No Text,base,,time,dreamsim,1s,1,0.26350995898246765,artifacts/summaries/eval_scand/lpips_time_scand_b/nwm_cdit_b/scand_time.json
lpips_time_scand_b,nwm_cdit_b,B,224,No Text,CDiT-B 224px No Text,base,,time,lpips,2s,2,0.38255575299263,artifacts/summaries/eval_scand/lpips_time_scand_b/nwm_cdit_b/scand_time.json
lpips_time_scand_b,nwm_cdit_b,B,224,No Text,CDiT-B 224px No Text,base,,time,dreamsim,2s,2,0.2813316285610199,artifacts/summaries/eval_scand/lpips_time_scand_b/nwm_cdit_b/scand_time.json
lpips_time_scand_b,nwm_cdit_b,B,224,No Text,CDiT-B 224px No Text,base,,time,lpips,4s,4,0.40720391273498535,artifacts/summaries/eval_scand/lpips_time_scand_b/nwm_cdit_b/scand_time.json
lpips_time_scand_b,nwm_cdit_b,B,224,No Text,CDiT-B 224px No Text,base,,time,dreamsim,4s,4,0.2957668602466583,artifacts/summaries/eval_scand/lpips_time_scand_b/nwm_cdit_b/scand_time.json
lpips_time_scand_b,nwm_cdit_b,B,224,No Text,CDiT-B 224px No Text,base,,time,lpips,8s,8,0.43589454889297485,artifacts/summaries/eval_scand/lpips_time_scand_b/nwm_cdit_b/scand_time.json
lpips_time_scand_b,nwm_cdit_b,B,224,No Text,CDiT-B 224px No Text,base,,time,dreamsim,8s,8,0.31395795941352844,artifacts/summaries/eval_scand/lpips_time_scand_b/nwm_cdit_b/scand_time.json
lpips_time_scand_b,nwm_cdit_b,B,224,No Text,CDiT-B 224px No Text,base,,time,lpips,16s,16,0.46746334433555603,artifacts/summaries/eval_scand/lpips_time_scand_b/nwm_cdit_b/scand_time.json
lpips_time_scand_b,nwm_cdit_b,B,224,No Text,CDiT-B 224px No Text,base,,time,dreamsim,16s,16,0.3380031883716583,artifacts/summaries/eval_scand/lpips_time_scand_b/nwm_cdit_b/scand_time.json
lpips_time_scand_b,nwm_cdit_b,B,224,No Text,CDiT-B 224px No Text,base,,time,fid,1s,1,53.26091003417969,artifacts/summaries/eval_scand/lpips_time_scand_b/nwm_cdit_b/scand_time.json
lpips_time_scand_b,nwm_cdit_b,B,224,No Text,CDiT-B 224px No Text,base,,time,fid,2s,2,54.566802978515625,artifacts/summaries/eval_scand/lpips_time_scand_b/nwm_cdit_b/scand_time.json
lpips_time_scand_b,nwm_cdit_b,B,224,No Text,CDiT-B 224px No Text,base,,time,fid,4s,4,55.76434326171875,artifacts/summaries/eval_scand/lpips_time_scand_b/nwm_cdit_b/scand_time.json
lpips_time_scand_b,nwm_cdit_b,B,224,No Text,CDiT-B 224px No Text,base,,time,fid,8s,8,56.923553466796875,artifacts/summaries/eval_scand/lpips_time_scand_b/nwm_cdit_b/scand_time.json
lpips_time_scand_b,nwm_cdit_b,B,224,No Text,CDiT-B 224px No Text,base,,time,fid,16s,16,58.93199157714844,artifacts/summaries/eval_scand/lpips_time_scand_b/nwm_cdit_b/scand_time.json
lpips_time_scand_s,nwm_cdit_s,S,224,No Text,CDiT-S 224px No Text,base,,rollout_1fps,lpips,1s,1,0.3783162534236908,artifacts/summaries/eval_scand/lpips_time_scand_s/nwm_cdit_s/scand_rollout_1fps.json
lpips_time_scand_s,nwm_cdit_s,S,224,No Text,CDiT-S 224px No Text,base,,rollout_1fps,dreamsim,1s,1,0.298907995223999,artifacts/summaries/eval_scand/lpips_time_scand_s/nwm_cdit_s/scand_rollout_1fps.json
lpips_time_scand_s,nwm_cdit_s,S,224,No Text,CDiT-S 224px No Text,base,,rollout_1fps,lpips,2s,2,0.40568289160728455,artifacts/summaries/eval_scand/lpips_time_scand_s/nwm_cdit_s/scand_rollout_1fps.json
lpips_time_scand_s,nwm_cdit_s,S,224,No Text,CDiT-S 224px No Text,base,,rollout_1fps,dreamsim,2s,2,0.3069345951080322,artifacts/summaries/eval_scand/lpips_time_scand_s/nwm_cdit_s/scand_rollout_1fps.json
lpips_time_scand_s,nwm_cdit_s,S,224,No Text,CDiT-S 224px No Text,base,,rollout_1fps,lpips,4s,4,0.43562862277030945,artifacts/summaries/eval_scand/lpips_time_scand_s/nwm_cdit_s/scand_rollout_1fps.json
lpips_time_scand_s,nwm_cdit_s,S,224,No Text,CDiT-S 224px No Text,base,,rollout_1fps,dreamsim,4s,4,0.3220495581626892,artifacts/summaries/eval_scand/lpips_time_scand_s/nwm_cdit_s/scand_rollout_1fps.json
lpips_time_scand_s,nwm_cdit_s,S,224,No Text,CDiT-S 224px No Text,base,,rollout_1fps,lpips,8s,8,0.48291438817977905,artifacts/summaries/eval_scand/lpips_time_scand_s/nwm_cdit_s/scand_rollout_1fps.json
lpips_time_scand_s,nwm_cdit_s,S,224,No Text,CDiT-S 224px No Text,base,,rollout_1fps,dreamsim,8s,8,0.35398077964782715,artifacts/summaries/eval_scand/lpips_time_scand_s/nwm_cdit_s/scand_rollout_1fps.json
lpips_time_scand_s,nwm_cdit_s,S,224,No Text,CDiT-S 224px No Text,base,,rollout_1fps,lpips,16s,16,0.5174691081047058,artifacts/summaries/eval_scand/lpips_time_scand_s/nwm_cdit_s/scand_rollout_1fps.json
lpips_time_scand_s,nwm_cdit_s,S,224,No Text,CDiT-S 224px No Text,base,,rollout_1fps,dreamsim,16s,16,0.3948061466217041,artifacts/summaries/eval_scand/lpips_time_scand_s/nwm_cdit_s/scand_rollout_1fps.json
lpips_time_scand_s,nwm_cdit_s,S,224,No Text,CDiT-S 224px No Text,base,,rollout_1fps,fid,1s,1,101.1605224609375,artifacts/summaries/eval_scand/lpips_time_scand_s/nwm_cdit_s/scand_rollout_1fps.json
lpips_time_scand_s,nwm_cdit_s,S,224,No Text,CDiT-S 224px No Text,base,,rollout_1fps,fid,2s,2,103.40272521972656,artifacts/summaries/eval_scand/lpips_time_scand_s/nwm_cdit_s/scand_rollout_1fps.json
lpips_time_scand_s,nwm_cdit_s,S,224,No Text,CDiT-S 224px No Text,base,,rollout_1fps,fid,4s,4,100.00727844238281,artifacts/summaries/eval_scand/lpips_time_scand_s/nwm_cdit_s/scand_rollout_1fps.json
lpips_time_scand_s,nwm_cdit_s,S,224,No Text,CDiT-S 224px No Text,base,,rollout_1fps,fid,8s,8,104.86648559570312,artifacts/summaries/eval_scand/lpips_time_scand_s/nwm_cdit_s/scand_rollout_1fps.json
lpips_time_scand_s,nwm_cdit_s,S,224,No Text,CDiT-S 224px No Text,base,,rollout_1fps,fid,16s,16,115.24017333984375,artifacts/summaries/eval_scand/lpips_time_scand_s/nwm_cdit_s/scand_rollout_1fps.json
lpips_time_scand_s,nwm_cdit_s,S,224,No Text,CDiT-S 224px No Text,base,,rollout_4fps,lpips,1s,1,0.40051811933517456,artifacts/summaries/eval_scand/lpips_time_scand_s/nwm_cdit_s/scand_rollout_4fps.json
lpips_time_scand_s,nwm_cdit_s,S,224,No Text,CDiT-S 224px No Text,base,,rollout_4fps,dreamsim,1s,1,0.31187739968299866,artifacts/summaries/eval_scand/lpips_time_scand_s/nwm_cdit_s/scand_rollout_4fps.json
lpips_time_scand_s,nwm_cdit_s,S,224,No Text,CDiT-S 224px No Text,base,,rollout_4fps,lpips,2s,2,0.4344998300075531,artifacts/summaries/eval_scand/lpips_time_scand_s/nwm_cdit_s/scand_rollout_4fps.json
lpips_time_scand_s,nwm_cdit_s,S,224,No Text,CDiT-S 224px No Text,base,,rollout_4fps,dreamsim,2s,2,0.32806888222694397,artifacts/summaries/eval_scand/lpips_time_scand_s/nwm_cdit_s/scand_rollout_4fps.json
lpips_time_scand_s,nwm_cdit_s,S,224,No Text,CDiT-S 224px No Text,base,,rollout_4fps,lpips,4s,4,0.4762997329235077,artifacts/summaries/eval_scand/lpips_time_scand_s/nwm_cdit_s/scand_rollout_4fps.json
lpips_time_scand_s,nwm_cdit_s,S,224,No Text,CDiT-S 224px No Text,base,,rollout_4fps,dreamsim,4s,4,0.3566039502620697,artifacts/summaries/eval_scand/lpips_time_scand_s/nwm_cdit_s/scand_rollout_4fps.json
lpips_time_scand_s,nwm_cdit_s,S,224,No Text,CDiT-S 224px No Text,base,,rollout_4fps,lpips,8s,8,0.518801212310791,artifacts/summaries/eval_scand/lpips_time_scand_s/nwm_cdit_s/scand_rollout_4fps.json
lpips_time_scand_s,nwm_cdit_s,S,224,No Text,CDiT-S 224px No Text,base,,rollout_4fps,dreamsim,8s,8,0.38893863558769226,artifacts/summaries/eval_scand/lpips_time_scand_s/nwm_cdit_s/scand_rollout_4fps.json
lpips_time_scand_s,nwm_cdit_s,S,224,No Text,CDiT-S 224px No Text,base,,rollout_4fps,lpips,16s,16,0.5679984092712402,artifacts/summaries/eval_scand/lpips_time_scand_s/nwm_cdit_s/scand_rollout_4fps.json
lpips_time_scand_s,nwm_cdit_s,S,224,No Text,CDiT-S 224px No Text,base,,rollout_4fps,dreamsim,16s,16,0.44543978571891785,artifacts/summaries/eval_scand/lpips_time_scand_s/nwm_cdit_s/scand_rollout_4fps.json
lpips_time_scand_s,nwm_cdit_s,S,224,No Text,CDiT-S 224px No Text,base,,rollout_4fps,fid,1s,1,109.71206665039062,artifacts/summaries/eval_scand/lpips_time_scand_s/nwm_cdit_s/scand_rollout_4fps.json
lpips_time_scand_s,nwm_cdit_s,S,224,No Text,CDiT-S 224px No Text,base,,rollout_4fps,fid,2s,2,106.12576293945312,artifacts/summaries/eval_scand/lpips_time_scand_s/nwm_cdit_s/scand_rollout_4fps.json
lpips_time_scand_s,nwm_cdit_s,S,224,No Text,CDiT-S 224px No Text,base,,rollout_4fps,fid,4s,4,110.85002136230469,artifacts/summaries/eval_scand/lpips_time_scand_s/nwm_cdit_s/scand_rollout_4fps.json
lpips_time_scand_s,nwm_cdit_s,S,224,No Text,CDiT-S 224px No Text,base,,rollout_4fps,fid,8s,8,112.80436706542969,artifacts/summaries/eval_scand/lpips_time_scand_s/nwm_cdit_s/scand_rollout_4fps.json
lpips_time_scand_s,nwm_cdit_s,S,224,No Text,CDiT-S 224px No Text,base,,rollout_4fps,fid,16s,16,120.72959899902344,artifacts/summaries/eval_scand/lpips_time_scand_s/nwm_cdit_s/scand_rollout_4fps.json
lpips_time_scand_s,nwm_cdit_s,S,224,No Text,CDiT-S 224px No Text,base,,time,lpips,1s,1,0.3655717372894287,artifacts/summaries/eval_scand/lpips_time_scand_s/nwm_cdit_s/scand_time.json
lpips_time_scand_s,nwm_cdit_s,S,224,No Text,CDiT-S 224px No Text,base,,time,dreamsim,1s,1,0.2996240258216858,artifacts/summaries/eval_scand/lpips_time_scand_s/nwm_cdit_s/scand_time.json
lpips_time_scand_s,nwm_cdit_s,S,224,No Text,CDiT-S 224px No Text,base,,time,lpips,2s,2,0.39732369780540466,artifacts/summaries/eval_scand/lpips_time_scand_s/nwm_cdit_s/scand_time.json
lpips_time_scand_s,nwm_cdit_s,S,224,No Text,CDiT-S 224px No Text,base,,time,dreamsim,2s,2,0.31826716661453247,artifacts/summaries/eval_scand/lpips_time_scand_s/nwm_cdit_s/scand_time.json
lpips_time_scand_s,nwm_cdit_s,S,224,No Text,CDiT-S 224px No Text,base,,time,lpips,4s,4,0.43077901005744934,artifacts/summaries/eval_scand/lpips_time_scand_s/nwm_cdit_s/scand_time.json
lpips_time_scand_s,nwm_cdit_s,S,224,No Text,CDiT-S 224px No Text,base,,time,dreamsim,4s,4,0.3388855755329132,artifacts/summaries/eval_scand/lpips_time_scand_s/nwm_cdit_s/scand_time.json
lpips_time_scand_s,nwm_cdit_s,S,224,No Text,CDiT-S 224px No Text,base,,time,lpips,8s,8,0.4638170003890991,artifacts/summaries/eval_scand/lpips_time_scand_s/nwm_cdit_s/scand_time.json
lpips_time_scand_s,nwm_cdit_s,S,224,No Text,CDiT-S 224px No Text,base,,time,dreamsim,8s,8,0.3579687178134918,artifacts/summaries/eval_scand/lpips_time_scand_s/nwm_cdit_s/scand_time.json
lpips_time_scand_s,nwm_cdit_s,S,224,No Text,CDiT-S 224px No Text,base,,time,lpips,16s,16,0.49827253818511963,artifacts/summaries/eval_scand/lpips_time_scand_s/nwm_cdit_s/scand_time.json
lpips_time_scand_s,nwm_cdit_s,S,224,No Text,CDiT-S 224px No Text,base,,time,dreamsim,16s,16,0.3854525089263916,artifacts/summaries/eval_scand/lpips_time_scand_s/nwm_cdit_s/scand_time.json
lpips_time_scand_s,nwm_cdit_s,S,224,No Text,CDiT-S 224px No Text,base,,time,fid,1s,1,67.51217651367188,artifacts/summaries/eval_scand/lpips_time_scand_s/nwm_cdit_s/scand_time.json
lpips_time_scand_s,nwm_cdit_s,S,224,No Text,CDiT-S 224px No Text,base,,time,fid,2s,2,70.69340515136719,artifacts/summaries/eval_scand/lpips_time_scand_s/nwm_cdit_s/scand_time.json
lpips_time_scand_s,nwm_cdit_s,S,224,No Text,CDiT-S 224px No Text,base,,time,fid,4s,4,71.11233520507812,artifacts/summaries/eval_scand/lpips_time_scand_s/nwm_cdit_s/scand_time.json
lpips_time_scand_s,nwm_cdit_s,S,224,No Text,CDiT-S 224px No Text,base,,time,fid,8s,8,69.53817749023438,artifacts/summaries/eval_scand/lpips_time_scand_s/nwm_cdit_s/scand_time.json
lpips_time_scand_s,nwm_cdit_s,S,224,No Text,CDiT-S 224px No Text,base,,time,fid,16s,16,75.34725952148438,artifacts/summaries/eval_scand/lpips_time_scand_s/nwm_cdit_s/scand_time.json
