series,step,run_name,metric,horizon,value,source_path
128 No Text,5000,nwm_cdit_s_recon_128_0005000,dreamsim,1s,0.6918321251869202,artifacts/summaries/eval/eval_s_recon_128/nwm_cdit_s_recon_128_0005000/recon_time.json
128 No Text,5000,nwm_cdit_s_recon_128_0005000,dreamsim,2s,0.6961749792098999,artifacts/summaries/eval/eval_s_recon_128/nwm_cdit_s_recon_128_0005000/recon_time.json
128 No Text,5000,nwm_cdit_s_recon_128_0005000,dreamsim,4s,0.7007882595062256,artifacts/summaries/eval/eval_s_recon_128/nwm_cdit_s_recon_128_0005000/recon_time.json
128 No Text,5000,nwm_cdit_s_recon_128_0005000,dreamsim,8s,0.7057257890701294,artifacts/summaries/eval/eval_s_recon_128/nwm_cdit_s_recon_128_0005000/recon_time.json
128 No Text,5000,nwm_cdit_s_recon_128_0005000,dreamsim,16s,0.707247257232666,artifacts/summaries/eval/eval_s_recon_128/nwm_cdit_s_recon_128_0005000/recon_time.json
128 No Text,5000,nwm_cdit_s_recon_128_0005000,fid,1s,242.054443359375,artifacts/summaries/eval/eval_s_recon_128/nwm_cdit_s_recon_128_0005000/recon_time.json
128 No Text,5000,nwm_cdit_s_recon_128_0005000,fid,2s,243.5553741455078,artifacts/summaries/eval/eval_s_recon_128/nwm_cdit_s_recon_128_0005000/recon_time.json
128 No Text,5000,nwm_cdit_s_recon_128_0005000,fid,4s,244.5536651611328,artifacts/summaries/eval/eval_s_recon_128/nwm_cdit_s_recon_128_0005000/recon_time.json
128 No Text,5000,nwm_cdit_s_recon_128_0005000,fid,8s,251.09532165527344,artifacts/summaries/eval/eval_s_recon_128/nwm_cdit_s_recon_128_0005000/recon_time.json
128 No Text,5000,nwm_cdit_s_recon_128_0005000,fid,16s,251.20236206054688,artifacts/summaries/eval/eval_s_recon_128/nwm_cdit_s_recon_128_0005000/recon_time.json
128 No Text,5000,nwm_cdit_s_recon_128_0005000,lpips,1s,0.6230966448783875,artifacts/summaries/eval/eval_s_recon_128/nwm_cdit_s_recon_128_0005000/recon_time.json
128 No Text,5000,nwm_cdit_s_recon_128_0005000,lpips,2s,0.6229805946350098,artifacts/summaries/eval/eval_s_recon_128/nwm_cdit_s_recon_128_0005000/recon_time.json
128 No Text,5000,nwm_cdit_s_recon_128_0005000,lpips,4s,0.6212854981422424,artifacts/summaries/eval/eval_s_recon_128/nwm_cdit_s_recon_128_0005000/recon_time.json
128 No Text,5000,nwm_cdit_s_recon_128_0005000,lpips,8s,0.622977077960968,artifacts/summaries/eval/eval_s_recon_128/nwm_cdit_s_recon_128_0005000/recon_time.json
128 No Text,5000,nwm_cdit_s_recon_128_0005000,lpips,16s,0.624152660369873,artifacts/summaries/eval/eval_s_recon_128/nwm_cdit_s_recon_128_0005000/recon_time.json
128 No Text,10000,nwm_cdit_s_recon_128_0010000,dreamsim,1s,0.5334616899490356,artifacts/summaries/eval/eval_s_recon_128/nwm_cdit_s_recon_128_0010000/recon_time.json
128 No Text,10000,nwm_cdit_s_recon_128_0010000,dreamsim,2s,0.5359175205230713,artifacts/summaries/eval/eval_s_recon_128/nwm_cdit_s_recon_128_0010000/recon_time.json
128 No Text,10000,nwm_cdit_s_recon_128_0010000,dreamsim,4s,0.5241581797599792,artifacts/summaries/eval/eval_s_recon_128/nwm_cdit_s_recon_128_0010000/recon_time.json
128 No Text,10000,nwm_cdit_s_recon_128_0010000,dreamsim,8s,0.5191803574562073,artifacts/summaries/eval/eval_s_recon_128/nwm_cdit_s_recon_128_0010000/recon_time.json
128 No Text,10000,nwm_cdit_s_recon_128_0010000,dreamsim,16s,0.5378034114837646,artifacts/summaries/eval/eval_s_recon_128/nwm_cdit_s_recon_128_0010000/recon_time.json
128 No Text,10000,nwm_cdit_s_recon_128_0010000,fid,1s,161.81390380859375,artifacts/summaries/eval/eval_s_recon_128/nwm_cdit_s_recon_128_0010000/recon_time.json
128 No Text,10000,nwm_cdit_s_recon_128_0010000,fid,2s,156.58303833007812,artifacts/summaries/eval/eval_s_recon_128/nwm_cdit_s_recon_128_0010000/recon_time.json
128 No Text,10000,nwm_cdit_s_recon_128_0010000,fid,4s,147.41693115234375,artifacts/summaries/eval/eval_s_recon_128/nwm_cdit_s_recon_128_0010000/recon_time.json
128 No Text,10000,nwm_cdit_s_recon_128_0010000,fid,8s,148.16046142578125,artifacts/summaries/eval/eval_s_recon_128/nwm_cdit_s_recon_128_0010000/recon_time.json
128 No Text,10000,nwm_cdit_s_recon_128_0010000,fid,16s,145.0506591796875,artifacts/summaries/eval/eval_s_recon_128/nwm_cdit_s_recon_128_0010000/recon_time.json
128 No Text,10000,nwm_cdit_s_recon_128_0010000,lpips,1s,0.5388498306274414,artifacts/summaries/eval/eval_s_recon_128/nwm_cdit_s_recon_128_0010000/recon_time.json
128 No Text,10000,nwm_cdit_s_recon_128_0010000,lpips,2s,0.5449889898300171,artifacts/summaries/eval/eval_s_recon_128/nwm_cdit_s_recon_128_0010000/recon_time.json
128 No Text,10000,nwm_cdit_s_recon_128_0010000,lpips,4s,0.5441193580627441,artifacts/summaries/eval/eval_s_recon_128/nwm_cdit_s_recon_128_0010000/recon_time.json
128 No Text,10000,nwm_cdit_s_recon_128_0010000,lpips,8s,0.5415053367614746,artifacts/summaries/eval/eval_s_recon_128/nwm_cdit_s_recon_128_0010000/recon_time.json
128 No Text,10000,nwm_cdit_s_recon_128_0010000,lpips,16s,0.5562974214553833,artifacts/summaries/eval/eval_s_recon_128/nwm_cdit_s_recon_128_0010000/recon_time.json
128 No Text,15000,nwm_cdit_s_recon_128_0015000,dreamsim,1s,0.26433634757995605,artifacts/summaries/eval/eval_s_recon_128/nwm_cdit_s_recon_128_0015000/recon_time.json
128 No Text,15000,nwm_cdit_s_recon_128_0015000,dreamsim,2s,0.2724458873271942,artifacts/summaries/eval/eval_s_recon_128/nwm_cdit_s_recon_128_0015000/recon_time.json
128 No Text,15000,nwm_cdit_s_recon_128_0015000,dreamsim,4s,0.2736421823501587,artifacts/summaries/eval/eval_s_recon_128/nwm_cdit_s_recon_128_0015000/recon_time.json
128 No Text,15000,nwm_cdit_s_recon_128_0015000,dreamsim,8s,0.2963186800479889,artifacts/summaries/eval/eval_s_recon_128/nwm_cdit_s_recon_128_0015000/recon_time.json
128 No Text,15000,nwm_cdit_s_recon_128_0015000,dreamsim,16s,0.33869045972824097,artifacts/summaries/eval/eval_s_recon_128/nwm_cdit_s_recon_128_0015000/recon_time.json
128 No Text,15000,nwm_cdit_s_recon_128_0015000,fid,1s,50.4383544921875,artifacts/summaries/eval/eval_s_recon_128/nwm_cdit_s_recon_128_0015000/recon_time.json
128 No Text,15000,nwm_cdit_s_recon_128_0015000,fid,2s,48.896881103515625,artifacts/summaries/eval/eval_s_recon_128/nwm_cdit_s_recon_128_0015000/recon_time.json
128 No Text,15000,nwm_cdit_s_recon_128_0015000,fid,4s,47.59912109375,artifacts/summaries/eval/eval_s_recon_128/nwm_cdit_s_recon_128_0015000/recon_time.json
128 No Text,15000,nwm_cdit_s_recon_128_0015000,fid,8s,48.137969970703125,artifacts/summaries/eval/eval_s_recon_128/nwm_cdit_s_recon_128_0015000/recon_time.json
128 No Text,15000,nwm_cdit_s_recon_128_0015000,fid,16s,54.80006408691406,artifacts/summaries/eval/eval_s_recon_128/nwm_cdit_s_recon_128_0015000/recon_time.json
128 No Text,15000,nwm_cdit_s_recon_128_0015000,lpips,1s,0.35934850573539734,artifacts/summaries/eval/eval_s_recon_128/nwm_cdit_s_recon_128_0015000/recon_time.json
128 No Text,15000,nwm_cdit_s_recon_128_0015000,lpips,2s,0.37197375297546387,artifacts/summaries/eval/eval_s_recon_128/nwm_cdit_s_recon_128_0015000/recon_time.json
128 No Text,15000,nwm_cdit_s_recon_128_0015000,lpips,4s,0.39101001620292664,artifacts/summaries/eval/eval_s_recon_128/nwm_cdit_s_recon_128_0015000/recon_time.json
128 No Text,15000,nwm_cdit_s_recon_128_0015000,lpips,8s,0.41868388652801514,artifacts/summaries/eval/eval_s_recon_128/nwm_cdit_s_recon_128_0015000/recon_time.json
128 No Text,15000,nwm_cdit_s_recon_128_0015000,lpips,16s,0.461074560880661,artifacts/summaries/eval/eval_s_recon_128/nwm_cdit_s_recon_128_0015000/recon_time.json
128 No Text,20000,nwm_cdit_s_recon_128_0020000,dreamsim,1s,0.202259361743927,artifacts/summaries/eval/eval_s_recon_128/nwm_cdit_s_recon_128_0020000/recon_time.json
128 No Text,20000,nwm_cdit_s_recon_128_0020000,dreamsim,2s,0.21486259996891022,artifacts/summaries/eval/eval_s_recon_128/nwm_cdit_s_recon_128_0020000/recon_time.json
128 No Text,20000,nwm_cdit_s_recon_128_0020000,dreamsim,4s,0.22311881184577942,artifacts/summaries/eval/eval_s_recon_128/nwm_cdit_s_recon_128_0020000/recon_time.json
128 No Text,20000,nwm_cdit_s_recon_128_0020000,dreamsim,8s,0.24161437153816223,artifacts/summaries/eval/eval_s_recon_128/nwm_cdit_s_recon_128_0020000/recon_time.json
128 No Text,20000,nwm_cdit_s_recon_128_0020000,dreamsim,16s,0.2898998558521271,artifacts/summaries/eval/eval_s_recon_128/nwm_cdit_s_recon_128_0020000/recon_time.json
128 No Text,20000,nwm_cdit_s_recon_128_0020000,fid,1s,35.586090087890625,artifacts/summaries/eval/eval_s_recon_128/nwm_cdit_s_recon_128_0020000/recon_time.json
128 No Text,20000,nwm_cdit_s_recon_128_0020000,fid,2s,36.54402160644531,artifacts/summaries/eval/eval_s_recon_128/nwm_cdit_s_recon_128_0020000/recon_time.json
128 No Text,20000,nwm_cdit_s_recon_128_0020000,fid,4s,35.39678955078125,artifacts/summaries/eval/eval_s_recon_128/nwm_cdit_s_recon_128_0020000/recon_time.json
128 No Text,20000,nwm_cdit_s_recon_128_0020000,fid,8s,36.24449157714844,artifacts/summaries/eval/eval_s_recon_128/nwm_cdit_s_recon_128_0020000/recon_time.json
128 No Text,20000,nwm_cdit_s_recon_128_0020000,fid,16s,41.08500671386719,artifacts/summaries/eval/eval_s_recon_128/nwm_cdit_s_recon_128_0020000/recon_time.json
128 No Text,20000,nwm_cdit_s_recon_128_0020000,lpips,1s,0.29110419750213623,artifacts/summaries/eval/eval_s_recon_128/nwm_cdit_s_recon_128_0020000/recon_time.json
128 No Text,20000,nwm_cdit_s_recon_128_0020000,lpips,2s,0.3156519830226898,artifacts/summaries/eval/eval_s_recon_128/nwm_cdit_s_recon_128_0020000/recon_time.json
128 No Text,20000,nwm_cdit_s_recon_128_0020000,lpips,4s,0.33860182762145996,artifacts/summaries/eval/eval_s_recon_128/nwm_cdit_s_recon_128_0020000/recon_time.json
128 No Text,20000,nwm_cdit_s_recon_128_0020000,lpips,8s,0.3744795620441437,artifacts/summaries/eval/eval_s_recon_128/nwm_cdit_s_recon_128_0020000/recon_time.json
128 No Text,20000,nwm_cdit_s_recon_128_0020000,lpips,16s,0.4313415586948395,artifacts/summaries/eval/eval_s_recon_128/nwm_cdit_s_recon_128_0020000/recon_time.json
128 No Text,25000,nwm_cdit_s_recon_128_0025000,dreamsim,1s,0.18387345969676971,artifacts/summaries/eval/eval_s_recon_128/nwm_cdit_s_recon_128_0025000/recon_time.json
128 No Text,25000,nwm_cdit_s_recon_128_0025000,dreamsim,2s,0.1966450810432434,artifacts/summaries/eval/eval_s_recon_128/nwm_cdit_s_recon_128_0025000/recon_time.json
128 No Text,25000,nwm_cdit_s_recon_128_0025000,dreamsim,4s,0.2080368995666504,artifacts/summaries/eval/eval_s_recon_128/nwm_cdit_s_recon_128_0025000/recon_time.json
128 No Text,25000,nwm_cdit_s_recon_128_0025000,dreamsim,8s,0.22702905535697937,artifacts/summaries/eval/eval_s_recon_128/nwm_cdit_s_recon_128_0025000/recon_time.json
128 No Text,25000,nwm_cdit_s_recon_128_0025000,dreamsim,16s,0.2741442620754242,artifacts/summaries/eval/eval_s_recon_128/nwm_cdit_s_recon_128_0025000/recon_time.json
128 No Text,25000,nwm_cdit_s_recon_128_0025000,fid,1s,33.539398193359375,artifacts/summaries/eval/eval_s_recon_128/nwm_cdit_s_recon_128_0025000/recon_time.json
128 No Text,25000,nwm_cdit_s_recon_128_0025000,fid,2s,33.880950927734375,artifacts/summaries/eval/eval_s_recon_128/nwm_cdit_s_recon_128_0025000/recon_time.json
128 No Text,25000,nwm_cdit_s_recon_128_0025000,fid,4s,33.331024169921875,artifacts/summaries/eval/eval_s_recon_128/nwm_cdit_s_recon_128_0025000/recon_time.json
128 No Text,25000,nwm_cdit_s_recon_128_0025000,fid,8s,33.88816833496094,artifacts/summaries/eval/eval_s_recon_128/nwm_cdit_s_recon_128_0025000/recon_time.json
128 No Text,25000,nwm_cdit_s_recon_128_0025000,fid,16s,38.316680908203125,artifacts/summaries/eval/eval_s_recon_128/nwm_cdit_s_recon_128_0025000/recon_time.json
128 No Text,25000,nwm_cdit_s_recon_128_0025000,lpips,1s,0.26501068472862244,artifacts/summaries/eval/eval_s_recon_128/nwm_cdit_s_recon_128_0025000/recon_time.json
128 No Text,25000,nwm_cdit_s_recon_128_0025000,lpips,2s,0.2928500771522522,artifacts/summaries/eval/eval_s_recon_128/nwm_cdit_s_recon_128_0025000/recon_time.json
128 No Text,25000,nwm_cdit_s_recon_128_0025000,lpips,4s,0.31822335720062256,artifacts/summaries/eval/eval_s_recon_128/nwm_cdit_s_recon_128_0025000/recon_time.json
128 No Text,25000,nwm_cdit_s_recon_128_0025000,lpips,8s,0.35265636444091797,artifacts/summaries/eval/eval_s_recon_128/nwm_cdit_s_recon_128_0025000/recon_time.json
128 No Text,25000,nwm_cdit_s_recon_128_0025000,lpips,16s,0.4144749641418457,artifacts/summaries/eval/eval_s_recon_128/nwm_cdit_s_recon_128_0025000/recon_time.json
128 No Text,30000,nwm_cdit_s_recon_128_0030000,dreamsim,1s,0.1804908663034439,artifacts/summaries/eval/eval_s_recon_128/nwm_cdit_s_recon_128_0030000/recon_time.json
128 No Text,30000,nwm_cdit_s_recon_128_0030000,dreamsim,2s,0.18460369110107422,artifacts/summaries/eval/eval_s_recon_128/nwm_cdit_s_recon_128_0030000/recon_time.json
128 No Text,30000,nwm_cdit_s_recon_128_0030000,dreamsim,4s,0.19891947507858276,artifacts/summaries/eval/eval_s_recon_128/nwm_cdit_s_recon_128_0030000/recon_time.json
128 No Text,30000,nwm_cdit_s_recon_128_0030000,dreamsim,8s,0.21681059896945953,artifacts/summaries/eval/eval_s_recon_128/nwm_cdit_s_recon_128_0030000/recon_time.json
128 No Text,30000,nwm_cdit_s_recon_128_0030000,dreamsim,16s,0.2632315456867218,artifacts/summaries/eval/eval_s_recon_128/nwm_cdit_s_recon_128_0030000/recon_time.json
128 No Text,30000,nwm_cdit_s_recon_128_0030000,fid,1s,32.882354736328125,artifacts/summaries/eval/eval_s_recon_128/nwm_cdit_s_recon_128_0030000/recon_time.json
128 No Text,30000,nwm_cdit_s_recon_128_0030000,fid,2s,32.18659973144531,artifacts/summaries/eval/eval_s_recon_128/nwm_cdit_s_recon_128_0030000/recon_time.json
128 No Text,30000,nwm_cdit_s_recon_128_0030000,fid,4s,33.02520751953125,artifacts/summaries/eval/eval_s_recon_128/nwm_cdit_s_recon_128_0030000/recon_time.json
128 No Text,30000,nwm_cdit_s_recon_128_0030000,fid,8s,32.34205627441406,artifacts/summaries/eval/eval_s_recon_128/nwm_cdit_s_recon_128_0030000/recon_time.json
128 No Text,30000,nwm_cdit_s_recon_128_0030000,fid,16s,38.088470458984375,artifacts/summaries/eval/eval_s_recon_128/nwm_cdit_s_recon_128_0030000/recon_time.json
128 No Text,30000,nwm_cdit_s_recon_128_0030000,lpips,1s,0.25452691316604614,artifacts/summaries/eval/eval_s_recon_128/nwm_cdit_s_recon_128_0030000/recon_time.json
128 No Text,30000,nwm_cdit_s_recon_128_0030000,lpips,2s,0.278521329164505,artifacts/summaries/eval/eval_s_recon_128/nwm_cdit_s_recon_128_0030000/recon_time.json
128 No Text,30000,nwm_cdit_s_recon_128_0030000,lpips,4s,0.30775272846221924,artifacts/summaries/eval/eval_s_recon_128/nwm_cdit_s_recon_128_0030000/recon_time.json
128 No Text,30000,nwm_cdit_s_recon_128_0030000,lpips,8s,0.3420048654079437,artifacts/summaries/eval/eval_s_recon_128/nwm_cdit_s_recon_128_0030000/recon_time.json
128 No Text,30000,nwm_cdit_s_recon_128_0030000,lpips,16s,0.40308988094329834,artifacts/summaries/eval/eval_s_recon_128/nwm_cdit_s_recon_128_0030000/recon_time.json
128 No Text,35000,nwm_cdit_s_recon_128_0035000,dreamsim,1s,0.17493681609630585,artifacts/summaries/eval/eval_s_recon_128/nwm_cdit_s_recon_128_0035000/recon_time.json
128 No Text,35000,nwm_cdit_s_recon_128_0035000,dreamsim,2s,0.18350572884082794,artifacts/summaries/eval/eval_s_recon_128/nwm_cdit_s_recon_128_0035000/recon_time.json
128 No Text,35000,nwm_cdit_s_recon_128_0035000,dreamsim,4s,0.19129279255867004,artifacts/summaries/eval/eval_s_recon_128/nwm_cdit_s_recon_128_0035000/recon_time.json
128 No Text,35000,nwm_cdit_s_recon_128_0035000,dreamsim,8s,0.2050890475511551,artifacts/summaries/eval/eval_s_recon_128/nwm_cdit_s_recon_128_0035000/recon_time.json
128 No Text,35000,nwm_cdit_s_recon_128_0035000,dreamsim,16s,0.255855530500412,artifacts/summaries/eval/eval_s_recon_128/nwm_cdit_s_recon_128_0035000/recon_time.json
128 No Text,35000,nwm_cdit_s_recon_128_0035000,fid,1s,32.457763671875,artifacts/summaries/eval/eval_s_recon_128/nwm_cdit_s_recon_128_0035000/recon_time.json
128 No Text,35000,nwm_cdit_s_recon_128_0035000,fid,2s,32.24458312988281,artifacts/summaries/eval/eval_s_recon_128/nwm_cdit_s_recon_128_0035000/recon_time.json
128 No Text,35000,nwm_cdit_s_recon_128_0035000,fid,4s,32.30718994140625,artifacts/summaries/eval/eval_s_recon_128/nwm_cdit_s_recon_128_0035000/recon_time.json
128 No Text,35000,nwm_cdit_s_recon_128_0035000,fid,8s,31.831680297851562,artifacts/summaries/eval/eval_s_recon_128/nwm_cdit_s_recon_128_0035000/recon_time.json
128 No Text,35000,nwm_cdit_s_recon_128_0035000,fid,16s,36.82249450683594,artifacts/summaries/eval/eval_s_recon_128/nwm_cdit_s_recon_128_0035000/recon_time.json
128 No Text,35000,nwm_cdit_s_recon_128_0035000,lpips,1s,0.250949889421463,artifacts/summaries/eval/eval_s_recon_128/nwm_cdit_s_recon_128_0035000/recon_time.json
128 No Text,35000,nwm_cdit_s_recon_128_0035000,lpips,2s,0.2743137776851654,artifacts/summaries/eval/eval_s_recon_128/nwm_cdit_s_recon_128_0035000/recon_time.json
128 No Text,35000,nwm_cdit_s_recon_128_0035000,lpips,4s,0.29669877886772156,artifacts/summaries/eval/eval_s_recon_128/nwm_cdit_s_recon_128_0035000/recon_time.json
128 No Text,35000,nwm_cdit_s_recon_128_0035000,lpips,8s,0.3270816206932068,artifacts/summaries/eval/eval_s_recon_128/nwm_cdit_s_recon_128_0035000/recon_time.json
128 No Text,35000,nwm_cdit_s_recon_128_0035000,lpips,16s,0.39533326029777527,artifacts/summaries/eval/eval_s_recon_128/nwm_cdit_s_recon_128_0035000/recon_time.json
128 No Text,40000,nwm_cdit_s_recon_128_0040000,dreamsim,1s,0.17208173871040344,artifacts/summaries/eval/eval_s_recon_128/nwm_cdit_s_recon_128_0040000/recon_time.json
128 No Text,40000,nwm_cdit_s_recon_128_0040000,dreamsim,2s,0.17904165387153625,artifacts/summaries/eval/eval_s_recon_128/nwm_cdit_s_recon_128_0040000/recon_time.json
128 No Text,40000,nwm_cdit_s_recon_128_0040000,dreamsim,4s,0.1891915649175644,artifacts/summaries/eval/eval_s_recon_128/nwm_cdit_s_recon_128_0040000/recon_time.json
128 No Text,40000,nwm_cdit_s_recon_128_0040000,dreamsim,8s,0.20777136087417603,artifacts/summaries/eval/eval_s_recon_128/nwm_cdit_s_recon_128_0040000/recon_time.json
128 No Text,40000,nwm_cdit_s_recon_128_0040000,dreamsim,16s,0.24967795610427856,artifacts/summaries/eval/eval_s_recon_128/nwm_cdit_s_recon_128_0040000/recon_time.json
128 No Text,40000,nwm_cdit_s_recon_128_0040000,fid,1s,32.61405944824219,artifacts/summaries/eval/eval_s_recon_128/nwm_cdit_s_recon_128_0040000/recon_time.json
128 No Text,40000,nwm_cdit_s_recon_128_0040000,fid,2s,32.566497802734375,artifacts/summaries/eval/eval_s_recon_128/nwm_cdit_s_recon_128_0040000/recon_time.json
128 No Text,40000,nwm_cdit_s_recon_128_0040000,fid,4s,33.15547180175781,artifacts/summaries/eval/eval_s_recon_128/nwm_cdit_s_recon_128_0040000/recon_time.json
128 No Text,40000,nwm_cdit_s_recon_128_0040000,fid,8s,32.20896911621094,artifacts/summaries/eval/eval_s_recon_128/nwm_cdit_s_recon_128_0040000/recon_time.json
128 No Text,40000,nwm_cdit_s_recon_128_0040000,fid,16s,37.21368408203125,artifacts/summaries/eval/eval_s_recon_128/nwm_cdit_s_recon_128_0040000/recon_time.json
128 No Text,40000,nwm_cdit_s_recon_128_0040000,lpips,1s,0.2454952895641327,artifacts/summaries/eval/eval_s_recon_128/nwm_cdit_s_recon_128_0040000/recon_time.json
128 No Text,40000,nwm_cdit_s_recon_128_0040000,lpips,2s,0.2689622938632965,artifacts/summaries/eval/eval_s_recon_128/nwm_cdit_s_recon_128_0040000/recon_time.json
128 No Text,40000,nwm_cdit_s_recon_128_0040000,lpips,4s,0.29465553164482117,artifacts/summaries/eval/eval_s_recon_128/nwm_cdit_s_recon_128_0040000/recon_time.json
128 No Text,40000,nwm_cdit_s_recon_128_0040000,lpips,8s,0.3322335481643677,artifacts/summaries/eval/eval_s_recon_128/nwm_cdit_s_recon_128_0040000/recon_time.json
128 No Text,40000,nwm_cdit_s_recon_128_0040000,lpips,16s,0.3926164507865906,artifacts/summaries/eval/eval_s_recon_128/nwm_cdit_s_recon_128_0040000/recon_time.json
128 No Text,45000,nwm_cdit_s_recon_128_0045000,dreamsim,1s,0.1671837568283081,artifacts/summaries/eval/eval_s_recon_128/nwm_cdit_s_recon_128_0045000/recon_time.json
128 No Text,45000,nwm_cdit_s_recon_128_0045000,dreamsim,2s,0.17981275916099548,artifacts/summaries/eval/eval_s_recon_128/nwm_cdit_s_recon_128_0045000/recon_time.json
128 No Text,45000,nwm_cdit_s_recon_128_0045000,dreamsim,4s,0.1860007643699646,artifacts/summaries/eval/eval_s_recon_128/nwm_cdit_s_recon_128_0045000/recon_time.json
128 No Text,45000,nwm_cdit_s_recon_128_0045000,dreamsim,8s,0.202535018324852,artifacts/summaries/eval/eval_s_recon_128/nwm_cdit_s_recon_128_0045000/recon_time.json
128 No Text,45000,nwm_cdit_s_recon_128_0045000,dreamsim,16s,0.24789544939994812,artifacts/summaries/eval/eval_s_recon_128/nwm_cdit_s_recon_128_0045000/recon_time.json
128 No Text,45000,nwm_cdit_s_recon_128_0045000,fid,1s,31.929702758789062,artifacts/summaries/eval/eval_s_recon_128/nwm_cdit_s_recon_128_0045000/recon_time.json
128 No Text,45000,nwm_cdit_s_recon_128_0045000,fid,2s,32.033203125,artifacts/summaries/eval/eval_s_recon_128/nwm_cdit_s_recon_128_0045000/recon_time.json
128 No Text,45000,nwm_cdit_s_recon_128_0045000,fid,4s,31.469146728515625,artifacts/summaries/eval/eval_s_recon_128/nwm_cdit_s_recon_128_0045000/recon_time.json
128 No Text,45000,nwm_cdit_s_recon_128_0045000,fid,8s,31.95721435546875,artifacts/summaries/eval/eval_s_recon_128/nwm_cdit_s_recon_128_0045000/recon_time.json
128 No Text,45000,nwm_cdit_s_recon_128_0045000,fid,16s,36.755096435546875,artifacts/summaries/eval/eval_s_recon_128/nwm_cdit_s_recon_128_0045000/recon_time.json
128 No Text,45000,nwm_cdit_s_recon_128_0045000,lpips,1s,0.24218890070915222,artifacts/summaries/eval/eval_s_recon_128/nwm_cdit_s_recon_128_0045000/recon_time.json
128 No Text,45000,nwm_cdit_s_recon_128_0045000,lpips,2s,0.26840993762016296,artifacts/summaries/eval/eval_s_recon_128/nwm_cdit_s_recon_128_0045000/recon_time.json
128 No Text,45000,nwm_cdit_s_recon_128_0045000,lpips,4s,0.2917938232421875,artifacts/summaries/eval/eval_s_recon_128/nwm_cdit_s_recon_128_0045000/recon_time.json
128 No Text,45000,nwm_cdit_s_recon_128_0045000,lpips,8s,0.3256329894065857,artifacts/summaries/eval/eval_s_recon_128/nwm_cdit_s_recon_128_0045000/recon_time.json
128 No Text,45000,nwm_cdit_s_recon_128_0045000,lpips,16s,0.3875657320022583,artifacts/summaries/eval/eval_s_recon_128/nwm_cdit_s_recon_128_0045000/recon_time.json
128 No Text,50000,nwm_cdit_s_recon_128_0050000,dreamsim,1s,0.16635440289974213,artifacts/summaries/eval/eval_s_recon_128/nwm_cdit_s_recon_128_0050000/recon_time.json
128 No Text,50000,nwm_cdit_s_recon_128_0050000,dreamsim,2s,0.17461492121219635,artifacts/summaries/eval/eval_s_recon_128/nwm_cdit_s_recon_128_0050000/recon_time.json
128 No Text,50000,nwm_cdit_s_recon_128_0050000,dreamsim,4s,0.18585294485092163,artifacts/summaries/eval/eval_s_recon_128/nwm_cdit_s_recon_128_0050000/recon_time.json
128 No Text,50000,nwm_cdit_s_recon_128_0050000,dreamsim,8s,0.1992216557264328,artifacts/summaries/eval/eval_s_recon_128/nwm_cdit_s_recon_128_0050000/recon_time.json
128 No Text,50000,nwm_cdit_s_recon_128_0050000,dreamsim,16s,0.24457353353500366,artifacts/summaries/eval/eval_s_recon_128/nwm_cdit_s_recon_128_0050000/recon_time.json
128 No Text,50000,nwm_cdit_s_recon_128_0050000,fid,1s,32.61653137207031,artifacts/summaries/eval/eval_s_recon_128/nwm_cdit_s_recon_128_0050000/recon_time.json
128 No Text,50000,nwm_cdit_s_recon_128_0050000,fid,2s,31.759918212890625,artifacts/summaries/eval/eval_s_recon_128/nwm_cdit_s_recon_128_0050000/recon_time.json
128 No Text,50000,nwm_cdit_s_recon_128_0050000,fid,4s,32.04020690917969,artifacts/summaries/eval/eval_s_recon_128/nwm_cdit_s_recon_128_0050000/recon_time.json
128 No Text,50000,nwm_cdit_s_recon_128_0050000,fid,8s,30.995712280273438,artifacts/summaries/eval/eval_s_recon_128/nwm_cdit_s_recon_128_0050000/recon_time.json
128 No Text,50000,nwm_cdit_s_recon_128_0050000,fid,16s,38.06980895996094,artifacts/summaries/eval/eval_s_recon_128/nwm_cdit_s_recon_128_0050000/recon_time.json
128 No Text,50000,nwm_cdit_s_recon_128_0050000,lpips,1s,0.2405015081167221,artifacts/summaries/eval/eval_s_recon_128/nwm_cdit_s_recon_128_0050000/recon_time.json
128 No Text,50000,nwm_cdit_s_recon_128_0050000,lpips,2s,0.26245492696762085,artifacts/summaries/eval/eval_s_recon_128/nwm_cdit_s_recon_128_0050000/recon_time.json
128 No Text,50000,nwm_cdit_s_recon_128_0050000,lpips,4s,0.29111188650131226,artifacts/summaries/eval/eval_s_recon_128/nwm_cdit_s_recon_128_0050000/recon_time.json
128 No Text,50000,nwm_cdit_s_recon_128_0050000,lpips,8s,0.3254862427711487,artifacts/summaries/eval/eval_s_recon_128/nwm_cdit_s_recon_128_0050000/recon_time.json
128 No Text,50000,nwm_cdit_s_recon_128_0050000,lpips,16s,0.38536834716796875,artifacts/summaries/eval/eval_s_recon_128/nwm_cdit_s_recon_128_0050000/recon_time.json
128 No Text,55000,nwm_cdit_s_recon_128_0055000,dreamsim,1s,0.16599668562412262,artifacts/summaries/eval/eval_s_recon_128/nwm_cdit_s_recon_128_0055000/recon_time.json
128 No Text,55000,nwm_cdit_s_recon_128_0055000,dreamsim,2s,0.1752053052186966,artifacts/summaries/eval/eval_s_recon_128/nwm_cdit_s_recon_128_0055000/recon_time.json
128 No Text,55000,nwm_cdit_s_recon_128_0055000,dreamsim,4s,0.18097920715808868,artifacts/summaries/eval/eval_s_recon_128/nwm_cdit_s_recon_128_0055000/recon_time.json
128 No Text,55000,nwm_cdit_s_recon_128_0055000,dreamsim,8s,0.20079979300498962,artifacts/summaries/eval/eval_s_recon_128/nwm_cdit_s_recon_128_0055000/recon_time.json
128 No Text,55000,nwm_cdit_s_recon_128_0055000,dreamsim,16s,0.24757973849773407,artifacts/summaries/eval/eval_s_recon_128/nwm_cdit_s_recon_128_0055000/recon_time.json
128 No Text,55000,nwm_cdit_s_recon_128_0055000,fid,1s,31.676681518554688,artifacts/summaries/eval/eval_s_recon_128/nwm_cdit_s_recon_128_0055000/recon_time.json
128 No Text,55000,nwm_cdit_s_recon_128_0055000,fid,2s,32.429718017578125,artifacts/summaries/eval/eval_s_recon_128/nwm_cdit_s_recon_128_0055000/recon_time.json
128 No Text,55000,nwm_cdit_s_recon_128_0055000,fid,4s,31.267501831054688,artifacts/summaries/eval/eval_s_recon_128/nwm_cdit_s_recon_128_0055000/recon_time.json
128 No Text,55000,nwm_cdit_s_recon_128_0055000,fid,8s,31.854400634765625,artifacts/summaries/eval/eval_s_recon_128/nwm_cdit_s_recon_128_0055000/recon_time.json
128 No Text,55000,nwm_cdit_s_recon_128_0055000,fid,16s,36.657257080078125,artifacts/summaries/eval/eval_s_recon_128/nwm_cdit_s_recon_128_0055000/recon_time.json
128 No Text,55000,nwm_cdit_s_recon_128_0055000,lpips,1s,0.23424318432807922,artifacts/summaries/eval/eval_s_recon_128/nwm_cdit_s_recon_128_0055000/recon_time.json
128 No Text,55000,nwm_cdit_s_recon_128_0055000,lpips,2s,0.26039382815361023,artifacts/summaries/eval/eval_s_recon_128/nwm_cdit_s_recon_128_0055000/recon_time.json
128 No Text,55000,nwm_cdit_s_recon_128_0055000,lpips,4s,0.2851569354534149,artifacts/summaries/eval/eval_s_recon_128/nwm_cdit_s_recon_128_0055000/recon_time.json
128 No Text,55000,nwm_cdit_s_recon_128_0055000,lpips,8s,0.32252392172813416,artifacts/summaries/eval/eval_s_recon_128/nwm_cdit_s_recon_128_0055000/recon_time.json
128 No Text,55000,nwm_cdit_s_recon_128_0055000,lpips,16s,0.38636544346809387,artifacts/summaries/eval/eval_s_recon_128/nwm_cdit_s_recon_128_0055000/recon_time.json
128 No Text,57500,nwm_cdit_s_recon_128_latest,dreamsim,1s,0.16517868638038635,artifacts/summaries/eval/eval_s_recon_128/nwm_cdit_s_recon_128_latest/recon_time.json
128 No Text,57500,nwm_cdit_s_recon_128_latest,dreamsim,2s,0.17213074862957,artifacts/summaries/eval/eval_s_recon_128/nwm_cdit_s_recon_128_latest/recon_time.json
128 No Text,57500,nwm_cdit_s_recon_128_latest,dreamsim,4s,0.1806386113166809,artifacts/summaries/eval/eval_s_recon_128/nwm_cdit_s_recon_128_latest/recon_time.json
128 No Text,57500,nwm_cdit_s_recon_128_latest,dreamsim,8s,0.1948830783367157,artifacts/summaries/eval/eval_s_recon_128/nwm_cdit_s_recon_128_latest/recon_time.json
128 No Text,57500,nwm_cdit_s_recon_128_latest,dreamsim,16s,0.24568146467208862,artifacts/summaries/eval/eval_s_recon_128/nwm_cdit_s_recon_128_latest/recon_time.json
128 No Text,57500,nwm_cdit_s_recon_128_latest,fid,1s,31.700790405273438,artifacts/summaries/eval/eval_s_recon_128/nwm_cdit_s_recon_128_latest/recon_time.json
128 No Text,57500,nwm_cdit_s_recon_128_latest,fid,2s,31.603759765625,artifacts/summaries/eval/eval_s_recon_128/nwm_cdit_s_recon_128_latest/recon_time.json
128 No Text,57500,nwm_cdit_s_recon_128_latest,fid,4s,31.723403930664062,artifacts/summaries/eval/eval_s_recon_128/nwm_cdit_s_recon_128_latest/recon_time.json
128 No Text,57500,nwm_cdit_s_recon_128_latest,fid,8s,31.6712646484375,artifacts/summaries/eval/eval_s_recon_128/nwm_cdit_s_recon_128_latest/recon_time.json
128 No Text,57500,nwm_cdit_s_recon_128_latest,fid,16s,37.053070068359375,artifacts/summaries/eval/eval_s_recon_128/nwm_cdit_s_recon_128_latest/recon_time.json
128 No Text,57500,nwm_cdit_s_recon_128_latest,lpips,1s,0.234609916806221,artifacts/summaries/eval/eval_s_recon_128/nwm_cdit_s_recon_128_latest/recon_time.json
128 No Text,57500,nwm_cdit_s_recon_128_latest,lpips,2s,0.26003581285476685,artifacts/summaries/eval/eval_s_recon_128/nwm_cdit_s_recon_128_latest/recon_time.json
128 No Text,57500,nwm_cdit_s_recon_128_latest,lpips,4s,0.2834923565387726,artifacts/summaries/eval/eval_s_recon_128/nwm_cdit_s_recon_128_latest/recon_time.json
128 No Text,57500,nwm_cdit_s_recon_128_latest,lpips,8s,0.3184102475643158,artifacts/summaries/eval/eval_s_recon_128/nwm_cdit_s_recon_128_latest/recon_time.json
128 No Text,57500,nwm_cdit_s_recon_128_latest,lpips,16s,0.38378193974494934,artifacts/summaries/eval/eval_s_recon_128/nwm_cdit_s_recon_128_latest/recon_time.json
128 Text Dense,5000,nwm_cdit_s_recon_128_text_dense_0005000,dreamsim,1s,0.2586793303489685,artifacts/summaries/eval/eval_s_recon_128_text_dense/nwm_cdit_s_recon_128_text_dense_0005000/recon_time.json
128 Text Dense,5000,nwm_cdit_s_recon_128_text_dense_0005000,dreamsim,2s,0.2652534544467926,artifacts/summaries/eval/eval_s_recon_128_text_dense/nwm_cdit_s_recon_128_text_dense_0005000/recon_time.json
128 Text Dense,5000,nwm_cdit_s_recon_128_text_dense_0005000,dreamsim,4s,0.27902114391326904,artifacts/summaries/eval/eval_s_recon_128_text_dense/nwm_cdit_s_recon_128_text_dense_0005000/recon_time.json
128 Text Dense,5000,nwm_cdit_s_recon_128_text_dense_0005000,dreamsim,8s,0.28858259320259094,artifacts/summaries/eval/eval_s_recon_128_text_dense/nwm_cdit_s_recon_128_text_dense_0005000/recon_time.json
128 Text Dense,5000,nwm_cdit_s_recon_128_text_dense_0005000,dreamsim,16s,0.33388379216194153,artifacts/summaries/eval/eval_s_recon_128_text_dense/nwm_cdit_s_recon_128_text_dense_0005000/recon_time.json
128 Text Dense,5000,nwm_cdit_s_recon_128_text_dense_0005000,fid,1s,46.591339111328125,artifacts/summaries/eval/eval_s_recon_128_text_dense/nwm_cdit_s_recon_128_text_dense_0005000/recon_time.json
128 Text Dense,5000,nwm_cdit_s_recon_128_text_dense_0005000,fid,2s,48.517974853515625,artifacts/summaries/eval/eval_s_recon_128_text_dense/nwm_cdit_s_recon_128_text_dense_0005000/recon_time.json
128 Text Dense,5000,nwm_cdit_s_recon_128_text_dense_0005000,fid,4s,47.50132751464844,artifacts/summaries/eval/eval_s_recon_128_text_dense/nwm_cdit_s_recon_128_text_dense_0005000/recon_time.json
128 Text Dense,5000,nwm_cdit_s_recon_128_text_dense_0005000,fid,8s,46.61170959472656,artifacts/summaries/eval/eval_s_recon_128_text_dense/nwm_cdit_s_recon_128_text_dense_0005000/recon_time.json
128 Text Dense,5000,nwm_cdit_s_recon_128_text_dense_0005000,fid,16s,54.518707275390625,artifacts/summaries/eval/eval_s_recon_128_text_dense/nwm_cdit_s_recon_128_text_dense_0005000/recon_time.json
128 Text Dense,5000,nwm_cdit_s_recon_128_text_dense_0005000,lpips,1s,0.35410061478614807,artifacts/summaries/eval/eval_s_recon_128_text_dense/nwm_cdit_s_recon_128_text_dense_0005000/recon_time.json
128 Text Dense,5000,nwm_cdit_s_recon_128_text_dense_0005000,lpips,2s,0.3694084882736206,artifacts/summaries/eval/eval_s_recon_128_text_dense/nwm_cdit_s_recon_128_text_dense_0005000/recon_time.json
128 Text Dense,5000,nwm_cdit_s_recon_128_text_dense_0005000,lpips,4s,0.39356729388237,artifacts/summaries/eval/eval_s_recon_128_text_dense/nwm_cdit_s_recon_128_text_dense_0005000/recon_time.json
128 Text Dense,5000,nwm_cdit_s_recon_128_text_dense_0005000,lpips,8s,0.4123157262802124,artifacts/summaries/eval/eval_s_recon_128_text_dense/nwm_cdit_s_recon_128_text_dense_0005000/recon_time.json
128 Text Dense,5000,nwm_cdit_s_recon_128_text_dense_0005000,lpips,16s,0.46157822012901306,artifacts/summaries/eval/eval_s_recon_128_text_dense/nwm_cdit_s_recon_128_text_dense_0005000/recon_time.json
128 Text Dense,10000,nwm_cdit_s_recon_128_text_dense_0010000,dreamsim,1s,0.20551542937755585,artifacts/summaries/eval/eval_s_recon_128_text_dense/nwm_cdit_s_recon_128_text_dense_0010000/recon_time.json
128 Text Dense,10000,nwm_cdit_s_recon_128_text_dense_0010000,dreamsim,2s,0.21414825320243835,artifacts/summaries/eval/eval_s_recon_128_text_dense/nwm_cdit_s_recon_128_text_dense_0010000/recon_time.json
128 Text Dense,10000,nwm_cdit_s_recon_128_text_dense_0010000,dreamsim,4s,0.22430865466594696,artifacts/summaries/eval/eval_s_recon_128_text_dense/nwm_cdit_s_recon_128_text_dense_0010000/recon_time.json
128 Text Dense,10000,nwm_cdit_s_recon_128_text_dense_0010000,dreamsim,8s,0.24148264527320862,artifacts/summaries/eval/eval_s_recon_128_text_dense/nwm_cdit_s_recon_128_text_dense_0010000/recon_time.json
128 Text Dense,10000,nwm_cdit_s_recon_128_text_dense_0010000,dreamsim,16s,0.2875344455242157,artifacts/summaries/eval/eval_s_recon_128_text_dense/nwm_cdit_s_recon_128_text_dense_0010000/recon_time.json
128 Text Dense,10000,nwm_cdit_s_recon_128_text_dense_0010000,fid,1s,35.53851318359375,artifacts/summaries/eval/eval_s_recon_128_text_dense/nwm_cdit_s_recon_128_text_dense_0010000/recon_time.json
128 Text Dense,10000,nwm_cdit_s_recon_128_text_dense_0010000,fid,2s,36.29042053222656,artifacts/summaries/eval/eval_s_recon_128_text_dense/nwm_cdit_s_recon_128_text_dense_0010000/recon_time.json
128 Text Dense,10000,nwm_cdit_s_recon_128_text_dense_0010000,fid,4s,36.695343017578125,artifacts/summaries/eval/eval_s_recon_128_text_dense/nwm_cdit_s_recon_128_text_dense_0010000/recon_time.json
128 Text Dense,10000,nwm_cdit_s_recon_128_text_dense_0010000,fid,8s,36.166748046875,artifacts/summaries/eval/eval_s_recon_128_text_dense/nwm_cdit_s_recon_128_text_dense_0010000/recon_time.json
128 Text Dense,10000,nwm_cdit_s_recon_128_text_dense_0010000,fid,16s,42.705352783203125,artifacts/summaries/eval/eval_s_recon_128_text_dense/nwm_cdit_s_recon_128_text_dense_0010000/recon_time.json
128 Text Dense,10000,nwm_cdit_s_recon_128_text_dense_0010000,lpips,1s,0.2921396493911743,artifacts/summaries/eval/eval_s_recon_128_text_dense/nwm_cdit_s_recon_128_text_dense_0010000/recon_time.json
128 Text Dense,10000,nwm_cdit_s_recon_128_text_dense_0010000,lpips,2s,0.31593644618988037,artifacts/summaries/eval/eval_s_recon_128_text_dense/nwm_cdit_s_recon_128_text_dense_0010000/recon_time.json
128 Text Dense,10000,nwm_cdit_s_recon_128_text_dense_0010000,lpips,4s,0.3376733660697937,artifacts/summaries/eval/eval_s_recon_128_text_dense/nwm_cdit_s_recon_128_text_dense_0010000/recon_time.json
128 Text Dense,10000,nwm_cdit_s_recon_128_text_dense_0010000,lpips,8s,0.36880406737327576,artifacts/summaries/eval/eval_s_recon_128_text_dense/nwm_cdit_s_recon_128_text_dense_0010000/recon_time.json
128 Text Dense,10000,nwm_cdit_s_recon_128_text_dense_0010000,lpips,16s,0.4246577024459839,artifacts/summaries/eval/eval_s_recon_128_text_dense/nwm_cdit_s_recon_128_text_dense_0010000/recon_time.json
128 Text Dense,15000,nwm_cdit_s_recon_128_text_dense_0015000,dreamsim,1s,0.1870119720697403,artifacts/summaries/eval/eval_s_recon_128_text_dense/nwm_cdit_s_recon_128_text_dense_0015000/recon_time.json
128 Text Dense,15000,nwm_cdit_s_recon_128_text_dense_0015000,dreamsim,2s,0.1954292207956314,artifacts/summaries/eval/eval_s_recon_128_text_dense/nwm_cdit_s_recon_128_text_dense_0015000/recon_time.json
128 Text Dense,15000,nwm_cdit_s_recon_128_text_dense_0015000,dreamsim,4s,0.20877598226070404,artifacts/summaries/eval/eval_s_recon_128_text_dense/nwm_cdit_s_recon_128_text_dense_0015000/recon_time.json
128 Text Dense,15000,nwm_cdit_s_recon_128_text_dense_0015000,dreamsim,8s,0.22172245383262634,artifacts/summaries/eval/eval_s_recon_128_text_dense/nwm_cdit_s_recon_128_text_dense_0015000/recon_time.json
128 Text Dense,15000,nwm_cdit_s_recon_128_text_dense_0015000,dreamsim,16s,0.2706083357334137,artifacts/summaries/eval/eval_s_recon_128_text_dense/nwm_cdit_s_recon_128_text_dense_0015000/recon_time.json
128 Text Dense,15000,nwm_cdit_s_recon_128_text_dense_0015000,fid,1s,33.57501220703125,artifacts/summaries/eval/eval_s_recon_128_text_dense/nwm_cdit_s_recon_128_text_dense_0015000/recon_time.json
128 Text Dense,15000,nwm_cdit_s_recon_128_text_dense_0015000,fid,2s,33.46630859375,artifacts/summaries/eval/eval_s_recon_128_text_dense/nwm_cdit_s_recon_128_text_dense_0015000/recon_time.json
128 Text Dense,15000,nwm_cdit_s_recon_128_text_dense_0015000,fid,4s,33.96284484863281,artifacts/summaries/eval/eval_s_recon_128_text_dense/nwm_cdit_s_recon_128_text_dense_0015000/recon_time.json
128 Text Dense,15000,nwm_cdit_s_recon_128_text_dense_0015000,fid,8s,33.17427062988281,artifacts/summaries/eval/eval_s_recon_128_text_dense/nwm_cdit_s_recon_128_text_dense_0015000/recon_time.json
128 Text Dense,15000,nwm_cdit_s_recon_128_text_dense_0015000,fid,16s,39.158050537109375,artifacts/summaries/eval/eval_s_recon_128_text_dense/nwm_cdit_s_recon_128_text_dense_0015000/recon_time.json
128 Text Dense,15000,nwm_cdit_s_recon_128_text_dense_0015000,lpips,1s,0.26631373167037964,artifacts/summaries/eval/eval_s_recon_128_text_dense/nwm_cdit_s_recon_128_text_dense_0015000/recon_time.json
128 Text Dense,15000,nwm_cdit_s_recon_128_text_dense_0015000,lpips,2s,0.28821924328804016,artifacts/summaries/eval/eval_s_recon_128_text_dense/nwm_cdit_s_recon_128_text_dense_0015000/recon_time.json
128 Text Dense,15000,nwm_cdit_s_recon_128_text_dense_0015000,lpips,4s,0.3145116865634918,artifacts/summaries/eval/eval_s_recon_128_text_dense/nwm_cdit_s_recon_128_text_dense_0015000/recon_time.json
128 Text Dense,15000,nwm_cdit_s_recon_128_text_dense_0015000,lpips,8s,0.3486805558204651,artifacts/summaries/eval/eval_s_recon_128_text_dense/nwm_cdit_s_recon_128_text_dense_0015000/recon_time.json
128 Text Dense,15000,nwm_cdit_s_recon_128_text_dense_0015000,lpips,16s,0.4109066426753998,artifacts/summaries/eval/eval_s_recon_128_text_dense/nwm_cdit_s_recon_128_text_dense_0015000/recon_time.json
128 Text Dense,20000,nwm_cdit_s_recon_128_text_dense_0020000,dreamsim,1s,0.17846544086933136,artifacts/summaries/eval/eval_s_recon_128_text_dense/nwm_cdit_s_recon_128_text_dense_0020000/recon_time.json
128 Text Dense,20000,nwm_cdit_s_recon_128_text_dense_0020000,dreamsim,2s,0.18716789782047272,artifacts/summaries/eval/eval_s_recon_128_text_dense/nwm_cdit_s_recon_128_text_dense_0020000/recon_time.json
128 Text Dense,20000,nwm_cdit_s_recon_128_text_dense_0020000,dreamsim,4s,0.19780154526233673,artifacts/summaries/eval/eval_s_recon_128_text_dense/nwm_cdit_s_recon_128_text_dense_0020000/recon_time.json
128 Text Dense,20000,nwm_cdit_s_recon_128_text_dense_0020000,dreamsim,8s,0.21639741957187653,artifacts/summaries/eval/eval_s_recon_128_text_dense/nwm_cdit_s_recon_128_text_dense_0020000/recon_time.json
128 Text Dense,20000,nwm_cdit_s_recon_128_text_dense_0020000,dreamsim,16s,0.26149478554725647,artifacts/summaries/eval/eval_s_recon_128_text_dense/nwm_cdit_s_recon_128_text_dense_0020000/recon_time.json
128 Text Dense,20000,nwm_cdit_s_recon_128_text_dense_0020000,fid,1s,33.30311584472656,artifacts/summaries/eval/eval_s_recon_128_text_dense/nwm_cdit_s_recon_128_text_dense_0020000/recon_time.json
128 Text Dense,20000,nwm_cdit_s_recon_128_text_dense_0020000,fid,2s,33.128570556640625,artifacts/summaries/eval/eval_s_recon_128_text_dense/nwm_cdit_s_recon_128_text_dense_0020000/recon_time.json
128 Text Dense,20000,nwm_cdit_s_recon_128_text_dense_0020000,fid,4s,32.750762939453125,artifacts/summaries/eval/eval_s_recon_128_text_dense/nwm_cdit_s_recon_128_text_dense_0020000/recon_time.json
128 Text Dense,20000,nwm_cdit_s_recon_128_text_dense_0020000,fid,8s,32.67036437988281,artifacts/summaries/eval/eval_s_recon_128_text_dense/nwm_cdit_s_recon_128_text_dense_0020000/recon_time.json
128 Text Dense,20000,nwm_cdit_s_recon_128_text_dense_0020000,fid,16s,37.833831787109375,artifacts/summaries/eval/eval_s_recon_128_text_dense/nwm_cdit_s_recon_128_text_dense_0020000/recon_time.json
128 Text Dense,20000,nwm_cdit_s_recon_128_text_dense_0020000,lpips,1s,0.25388288497924805,artifacts/summaries/eval/eval_s_recon_128_text_dense/nwm_cdit_s_recon_128_text_dense_0020000/recon_time.json
128 Text Dense,20000,nwm_cdit_s_recon_128_text_dense_0020000,lpips,2s,0.27934563159942627,artifacts/summaries/eval/eval_s_recon_128_text_dense/nwm_cdit_s_recon_128_text_dense_0020000/recon_time.json
128 Text Dense,20000,nwm_cdit_s_recon_128_text_dense_0020000,lpips,4s,0.3066276013851166,artifacts/summaries/eval/eval_s_recon_128_text_dense/nwm_cdit_s_recon_128_text_dense_0020000/recon_time.json
128 Text Dense,20000,nwm_cdit_s_recon_128_text_dense_0020000,lpips,8s,0.3401540219783783,artifacts/summaries/eval/eval_s_recon_128_text_dense/nwm_cdit_s_recon_128_text_dense_0020000/recon_time.json
128 Text Dense,20000,nwm_cdit_s_recon_128_text_dense_0020000,lpips,16s,0.39723438024520874,artifacts/summaries/eval/eval_s_recon_128_text_dense/nwm_cdit_s_recon_128_text_dense_0020000/recon_time.json
128 Text Dense,25000,nwm_cdit_s_recon_128_text_dense_0025000,dreamsim,1s,0.17465843260288239,artifacts/summaries/eval/eval_s_recon_128_text_dense/nwm_cdit_s_recon_128_text_dense_0025000/recon_time.json
128 Text Dense,25000,nwm_cdit_s_recon_128_text_dense_0025000,dreamsim,2s,0.18158987164497375,artifacts/summaries/eval/eval_s_recon_128_text_dense/nwm_cdit_s_recon_128_text_dense_0025000/recon_time.json
128 Text Dense,25000,nwm_cdit_s_recon_128_text_dense_0025000,dreamsim,4s,0.1931804120540619,artifacts/summaries/eval/eval_s_recon_128_text_dense/nwm_cdit_s_recon_128_text_dense_0025000/recon_time.json
128 Text Dense,25000,nwm_cdit_s_recon_128_text_dense_0025000,dreamsim,8s,0.2093380093574524,artifacts/summaries/eval/eval_s_recon_128_text_dense/nwm_cdit_s_recon_128_text_dense_0025000/recon_time.json
128 Text Dense,25000,nwm_cdit_s_recon_128_text_dense_0025000,dreamsim,16s,0.25423139333724976,artifacts/summaries/eval/eval_s_recon_128_text_dense/nwm_cdit_s_recon_128_text_dense_0025000/recon_time.json
128 Text Dense,25000,nwm_cdit_s_recon_128_text_dense_0025000,fid,1s,32.46839904785156,artifacts/summaries/eval/eval_s_recon_128_text_dense/nwm_cdit_s_recon_128_text_dense_0025000/recon_time.json
128 Text Dense,25000,nwm_cdit_s_recon_128_text_dense_0025000,fid,2s,31.749465942382812,artifacts/summaries/eval/eval_s_recon_128_text_dense/nwm_cdit_s_recon_128_text_dense_0025000/recon_time.json
128 Text Dense,25000,nwm_cdit_s_recon_128_text_dense_0025000,fid,4s,32.5260009765625,artifacts/summaries/eval/eval_s_recon_128_text_dense/nwm_cdit_s_recon_128_text_dense_0025000/recon_time.json
128 Text Dense,25000,nwm_cdit_s_recon_128_text_dense_0025000,fid,8s,31.842147827148438,artifacts/summaries/eval/eval_s_recon_128_text_dense/nwm_cdit_s_recon_128_text_dense_0025000/recon_time.json
128 Text Dense,25000,nwm_cdit_s_recon_128_text_dense_0025000,fid,16s,37.99609375,artifacts/summaries/eval/eval_s_recon_128_text_dense/nwm_cdit_s_recon_128_text_dense_0025000/recon_time.json
128 Text Dense,25000,nwm_cdit_s_recon_128_text_dense_0025000,lpips,1s,0.2496364265680313,artifacts/summaries/eval/eval_s_recon_128_text_dense/nwm_cdit_s_recon_128_text_dense_0025000/recon_time.json
128 Text Dense,25000,nwm_cdit_s_recon_128_text_dense_0025000,lpips,2s,0.2733442485332489,artifacts/summaries/eval/eval_s_recon_128_text_dense/nwm_cdit_s_recon_128_text_dense_0025000/recon_time.json
128 Text Dense,25000,nwm_cdit_s_recon_128_text_dense_0025000,lpips,4s,0.3001759350299835,artifacts/summaries/eval/eval_s_recon_128_text_dense/nwm_cdit_s_recon_128_text_dense_0025000/recon_time.json
128 Text Dense,25000,nwm_cdit_s_recon_128_text_dense_0025000,lpips,8s,0.33350738883018494,artifacts/summaries/eval/eval_s_recon_128_text_dense/nwm_cdit_s_recon_128_text_dense_0025000/recon_time.json
128 Text Dense,25000,nwm_cdit_s_recon_128_text_dense_0025000,lpips,16s,0.3965991139411926,artifacts/summaries/eval/eval_s_recon_128_text_dense/nwm_cdit_s_recon_128_text_dense_0025000/recon_time.json
128 Text Dense,30000,nwm_cdit_s_recon_128_text_dense_0030000,dreamsim,1s,0.17096437513828278,artifacts/summaries/eval/eval_s_recon_128_text_dense/nwm_cdit_s_recon_128_text_dense_0030000/recon_time.json
128 Text Dense,30000,nwm_cdit_s_recon_128_text_dense_0030000,dreamsim,2s,0.17973771691322327,artifacts/summaries/eval/eval_s_recon_128_text_dense/nwm_cdit_s_recon_128_text_dense_0030000/recon_time.json
128 Text Dense,30000,nwm_cdit_s_recon_128_text_dense_0030000,dreamsim,4s,0.18870626389980316,artifacts/summaries/eval/eval_s_recon_128_text_dense/nwm_cdit_s_recon_128_text_dense_0030000/recon_time.json
128 Text Dense,30000,nwm_cdit_s_recon_128_text_dense_0030000,dreamsim,8s,0.2063949853181839,artifacts/summaries/eval/eval_s_recon_128_text_dense/nwm_cdit_s_recon_128_text_dense_0030000/recon_time.json
128 Text Dense,30000,nwm_cdit_s_recon_128_text_dense_0030000,dreamsim,16s,0.24954962730407715,artifacts/summaries/eval/eval_s_recon_128_text_dense/nwm_cdit_s_recon_128_text_dense_0030000/recon_time.json
128 Text Dense,30000,nwm_cdit_s_recon_128_text_dense_0030000,fid,1s,32.77372741699219,artifacts/summaries/eval/eval_s_recon_128_text_dense/nwm_cdit_s_recon_128_text_dense_0030000/recon_time.json
128 Text Dense,30000,nwm_cdit_s_recon_128_text_dense_0030000,fid,2s,32.37384033203125,artifacts/summaries/eval/eval_s_recon_128_text_dense/nwm_cdit_s_recon_128_text_dense_0030000/recon_time.json
128 Text Dense,30000,nwm_cdit_s_recon_128_text_dense_0030000,fid,4s,33.41960144042969,artifacts/summaries/eval/eval_s_recon_128_text_dense/nwm_cdit_s_recon_128_text_dense_0030000/recon_time.json
128 Text Dense,30000,nwm_cdit_s_recon_128_text_dense_0030000,fid,8s,31.172195434570312,artifacts/summaries/eval/eval_s_recon_128_text_dense/nwm_cdit_s_recon_128_text_dense_0030000/recon_time.json
128 Text Dense,30000,nwm_cdit_s_recon_128_text_dense_0030000,fid,16s,36.69294738769531,artifacts/summaries/eval/eval_s_recon_128_text_dense/nwm_cdit_s_recon_128_text_dense_0030000/recon_time.json
128 Text Dense,30000,nwm_cdit_s_recon_128_text_dense_0030000,lpips,1s,0.24657365679740906,artifacts/summaries/eval/eval_s_recon_128_text_dense/nwm_cdit_s_recon_128_text_dense_0030000/recon_time.json
128 Text Dense,30000,nwm_cdit_s_recon_128_text_dense_0030000,lpips,2s,0.2695358991622925,artifacts/summaries/eval/eval_s_recon_128_text_dense/nwm_cdit_s_recon_128_text_dense_0030000/recon_time.json
128 Text Dense,30000,nwm_cdit_s_recon_128_text_dense_0030000,lpips,4s,0.29237666726112366,artifacts/summaries/eval/eval_s_recon_128_text_dense/nwm_cdit_s_recon_128_text_dense_0030000/recon_time.json
128 Text Dense,30000,nwm_cdit_s_recon_128_text_dense_0030000,lpips,8s,0.32738515734672546,artifacts/summaries/eval/eval_s_recon_128_text_dense/nwm_cdit_s_recon_128_text_dense_0030000/recon_time.json
128 Text Dense,30000,nwm_cdit_s_recon_128_text_dense_0030000,lpips,16s,0.38733357191085815,artifacts/summaries/eval/eval_s_recon_128_text_dense/nwm_cdit_s_recon_128_text_dense_0030000/recon_time.json
64 No Text,5000,nwm_cdit_s_recon_64_0005000,dreamsim,1s,0.5832753777503967,artifacts/summaries/eval/eval_s_recon_64/nwm_cdit_s_recon_64_0005000/recon_time.json
64 No Text,5000,nwm_cdit_s_recon_64_0005000,dreamsim,2s,0.5927842259407043,artifacts/summaries/eval/eval_s_recon_64/nwm_cdit_s_recon_64_0005000/recon_time.json
64 No Text,5000,nwm_cdit_s_recon_64_0005000,dreamsim,4s,0.590324878692627,artifacts/summaries/eval/eval_s_recon_64/nwm_cdit_s_recon_64_0005000/recon_time.json
64 No Text,5000,nwm_cdit_s_recon_64_0005000,dreamsim,8s,0.595902681350708,artifacts/summaries/eval/eval_s_recon_64/nwm_cdit_s_recon_64_0005000/recon_time.json
64 No Text,5000,nwm_cdit_s_recon_64_0005000,dreamsim,16s,0.5873026251792908,artifacts/summaries/eval/eval_s_recon_64/nwm_cdit_s_recon_64_0005000/recon_time.json
64 No Text,5000,nwm_cdit_s_recon_64_0005000,fid,1s,127.15834045410156,artifacts/summaries/eval/eval_s_recon_64/nwm_cdit_s_recon_64_0005000/recon_time.json
64 No Text,5000,nwm_cdit_s_recon_64_0005000,fid,2s,127.71638488769531,artifacts/summaries/eval/eval_s_recon_64/nwm_cdit_s_recon_64_0005000/recon_time.json
64 No Text,5000,nwm_cdit_s_recon_64_0005000,fid,4s,128.80540466308594,artifacts/summaries/eval/eval_s_recon_64/nwm_cdit_s_recon_64_0005000/recon_time.json
64 No Text,5000,nwm_cdit_s_recon_64_0005000,fid,8s,126.66813659667969,artifacts/summaries/eval/eval_s_recon_64/nwm_cdit_s_recon_64_0005000/recon_time.json
64 No Text,5000,nwm_cdit_s_recon_64_0005000,fid,16s,120.5247802734375,artifacts/summaries/eval/eval_s_recon_64/nwm_cdit_s_recon_64_0005000/recon_time.json
64 No Text,5000,nwm_cdit_s_recon_64_0005000,lpips,1s,0.46549636125564575,artifacts/summaries/eval/eval_s_recon_64/nwm_cdit_s_recon_64_0005000/recon_time.json
64 No Text,5000,nwm_cdit_s_recon_64_0005000,lpips,2s,0.46713030338287354,artifacts/summaries/eval/eval_s_recon_64/nwm_cdit_s_recon_64_0005000/recon_time.json
64 No Text,5000,nwm_cdit_s_recon_64_0005000,lpips,4s,0.47122225165367126,artifacts/summaries/eval/eval_s_recon_64/nwm_cdit_s_recon_64_0005000/recon_time.json
64 No Text,5000,nwm_cdit_s_recon_64_0005000,lpips,8s,0.4690302014350891,artifacts/summaries/eval/eval_s_recon_64/nwm_cdit_s_recon_64_0005000/recon_time.json
64 No Text,5000,nwm_cdit_s_recon_64_0005000,lpips,16s,0.47069481015205383,artifacts/summaries/eval/eval_s_recon_64/nwm_cdit_s_recon_64_0005000/recon_time.json
64 No Text,10000,nwm_cdit_s_recon_64_0010000,dreamsim,1s,0.3855690360069275,artifacts/summaries/eval/eval_s_recon_64/nwm_cdit_s_recon_64_0010000/recon_time.json
64 No Text,10000,nwm_cdit_s_recon_64_0010000,dreamsim,2s,0.3897632360458374,artifacts/summaries/eval/eval_s_recon_64/nwm_cdit_s_recon_64_0010000/recon_time.json
64 No Text,10000,nwm_cdit_s_recon_64_0010000,dreamsim,4s,0.3889929950237274,artifacts/summaries/eval/eval_s_recon_64/nwm_cdit_s_recon_64_0010000/recon_time.json
64 No Text,10000,nwm_cdit_s_recon_64_0010000,dreamsim,8s,0.39374402165412903,artifacts/summaries/eval/eval_s_recon_64/nwm_cdit_s_recon_64_0010000/recon_time.json
64 No Text,10000,nwm_cdit_s_recon_64_0010000,dreamsim,16s,0.41868072748184204,artifacts/summaries/eval/eval_s_recon_64/nwm_cdit_s_recon_64_0010000/recon_time.json
64 No Text,10000,nwm_cdit_s_recon_64_0010000,fid,1s,69.46952819824219,artifacts/summaries/eval/eval_s_recon_64/nwm_cdit_s_recon_64_0010000/recon_time.json
64 No Text,10000,nwm_cdit_s_recon_64_0010000,fid,2s,66.36122131347656,artifacts/summaries/eval/eval_s_recon_64/nwm_cdit_s_recon_64_0010000/recon_time.json
64 No Text,10000,nwm_cdit_s_recon_64_0010000,fid,4s,66.09391784667969,artifacts/summaries/eval/eval_s_recon_64/nwm_cdit_s_recon_64_0010000/recon_time.json
64 No Text,10000,nwm_cdit_s_recon_64_0010000,fid,8s,66.47781372070312,artifacts/summaries/eval/eval_s_recon_64/nwm_cdit_s_recon_64_0010000/recon_time.json
64 No Text,10000,nwm_cdit_s_recon_64_0010000,fid,16s,67.79257202148438,artifacts/summaries/eval/eval_s_recon_64/nwm_cdit_s_recon_64_0010000/recon_time.json
64 No Text,10000,nwm_cdit_s_recon_64_0010000,lpips,1s,0.33017998933792114,artifacts/summaries/eval/eval_s_recon_64/nwm_cdit_s_recon_64_0010000/recon_time.json
64 No Text,10000,nwm_cdit_s_recon_64_0010000,lpips,2s,0.33403876423835754,artifacts/summaries/eval/eval_s_recon_64/nwm_cdit_s_recon_64_0010000/recon_time.json
64 No Text,10000,nwm_cdit_s_recon_64_0010000,lpips,4s,0.34225642681121826,artifacts/summaries/eval/eval_s_recon_64/nwm_cdit_s_recon_64_0010000/recon_time.json
64 No Text,10000,nwm_cdit_s_recon_64_0010000,lpips,8s,0.35134655237197876,artifacts/summaries/eval/eval_s_recon_64/nwm_cdit_s_recon_64_0010000/recon_time.json
64 No Text,10000,nwm_cdit_s_recon_64_0010000,lpips,16s,0.3718736469745636,artifacts/summaries/eval/eval_s_recon_64/nwm_cdit_s_recon_64_0010000/recon_time.json
64 No Text,15000,nwm_cdit_s_recon_64_0015000,dreamsim,1s,0.2877064049243927,artifacts/summaries/eval/eval_s_recon_64/nwm_cdit_s_recon_64_0015000/recon_time.json
64 No Text,15000,nwm_cdit_s_recon_64_0015000,dreamsim,2s,0.2904296815395355,artifacts/summaries/eval/eval_s_recon_64/nwm_cdit_s_recon_64_0015000/recon_time.json
64 No Text,15000,nwm_cdit_s_recon_64_0015000,dreamsim,4s,0.29842621088027954,artifacts/summaries/eval/eval_s_recon_64/nwm_cdit_s_recon_64_0015000/recon_time.json
64 No Text,15000,nwm_cdit_s_recon_64_0015000,dreamsim,8s,0.3193807303905487,artifacts/summaries/eval/eval_s_recon_64/nwm_cdit_s_recon_64_0015000/recon_time.json
64 No Text,15000,nwm_cdit_s_recon_64_0015000,dreamsim,16s,0.3537132441997528,artifacts/summaries/eval/eval_s_recon_64/nwm_cdit_s_recon_64_0015000/recon_time.json
64 No Text,15000,nwm_cdit_s_recon_64_0015000,fid,1s,46.41337585449219,artifacts/summaries/eval/eval_s_recon_64/nwm_cdit_s_recon_64_0015000/recon_time.json
64 No Text,15000,nwm_cdit_s_recon_64_0015000,fid,2s,44.21604919433594,artifacts/summaries/eval/eval_s_recon_64/nwm_cdit_s_recon_64_0015000/recon_time.json
64 No Text,15000,nwm_cdit_s_recon_64_0015000,fid,4s,45.34327697753906,artifacts/summaries/eval/eval_s_recon_64/nwm_cdit_s_recon_64_0015000/recon_time.json
64 No Text,15000,nwm_cdit_s_recon_64_0015000,fid,8s,45.28346252441406,artifacts/summaries/eval/eval_s_recon_64/nwm_cdit_s_recon_64_0015000/recon_time.json
64 No Text,15000,nwm_cdit_s_recon_64_0015000,fid,16s,49.38763427734375,artifacts/summaries/eval/eval_s_recon_64/nwm_cdit_s_recon_64_0015000/recon_time.json
64 No Text,15000,nwm_cdit_s_recon_64_0015000,lpips,1s,0.233370840549469,artifacts/summaries/eval/eval_s_recon_64/nwm_cdit_s_recon_64_0015000/recon_time.json
64 No Text,15000,nwm_cdit_s_recon_64_0015000,lpips,2s,0.2498372346162796,artifacts/summaries/eval/eval_s_recon_64/nwm_cdit_s_recon_64_0015000/recon_time.json
64 No Text,15000,nwm_cdit_s_recon_64_0015000,lpips,4s,0.26144951581954956,artifacts/summaries/eval/eval_s_recon_64/nwm_cdit_s_recon_64_0015000/recon_time.json
64 No Text,15000,nwm_cdit_s_recon_64_0015000,lpips,8s,0.2910999655723572,artifacts/summaries/eval/eval_s_recon_64/nwm_cdit_s_recon_64_0015000/recon_time.json
64 No Text,15000,nwm_cdit_s_recon_64_0015000,lpips,16s,0.32031580805778503,artifacts/summaries/eval/eval_s_recon_64/nwm_cdit_s_recon_64_0015000/recon_time.json
64 No Text,20000,nwm_cdit_s_recon_64_0020000,dreamsim,1s,0.2561579644680023,artifacts/summaries/eval/eval_s_recon_64/nwm_cdit_s_recon_64_0020000/recon_time.json
64 No Text,20000,nwm_cdit_s_recon_64_0020000,dreamsim,2s,0.2636559009552002,artifacts/summaries/eval/eval_s_recon_64/nwm_cdit_s_recon_64_0020000/recon_time.json
64 No Text,20000,nwm_cdit_s_recon_64_0020000,dreamsim,4s,0.270385205745697,artifacts/summaries/eval/eval_s_recon_64/nwm_cdit_s_recon_64_0020000/recon_time.json
64 No Text,20000,nwm_cdit_s_recon_64_0020000,dreamsim,8s,0.2875533998012543,artifacts/summaries/eval/eval_s_recon_64/nwm_cdit_s_recon_64_0020000/recon_time.json
64 No Text,20000,nwm_cdit_s_recon_64_0020000,dreamsim,16s,0.32945066690444946,artifacts/summaries/eval/eval_s_recon_64/nwm_cdit_s_recon_64_0020000/recon_time.json
64 No Text,20000,nwm_cdit_s_recon_64_0020000,fid,1s,41.12440490722656,artifacts/summaries/eval/eval_s_recon_64/nwm_cdit_s_recon_64_0020000/recon_time.json
64 No Text,20000,nwm_cdit_s_recon_64_0020000,fid,2s,42.53755187988281,artifacts/summaries/eval/eval_s_recon_64/nwm_cdit_s_recon_64_0020000/recon_time.json
64 No Text,20000,nwm_cdit_s_recon_64_0020000,fid,4s,39.81251525878906,artifacts/summaries/eval/eval_s_recon_64/nwm_cdit_s_recon_64_0020000/recon_time.json
64 No Text,20000,nwm_cdit_s_recon_64_0020000,fid,8s,42.50550842285156,artifacts/summaries/eval/eval_s_recon_64/nwm_cdit_s_recon_64_0020000/recon_time.json
64 No Text,20000,nwm_cdit_s_recon_64_0020000,fid,16s,46.02333068847656,artifacts/summaries/eval/eval_s_recon_64/nwm_cdit_s_recon_64_0020000/recon_time.json
64 No Text,20000,nwm_cdit_s_recon_64_0020000,lpips,1s,0.20024219155311584,artifacts/summaries/eval/eval_s_recon_64/nwm_cdit_s_recon_64_0020000/recon_time.json
64 No Text,20000,nwm_cdit_s_recon_64_0020000,lpips,2s,0.21342529356479645,artifacts/summaries/eval/eval_s_recon_64/nwm_cdit_s_recon_64_0020000/recon_time.json
64 No Text,20000,nwm_cdit_s_recon_64_0020000,lpips,4s,0.23026420176029205,artifacts/summaries/eval/eval_s_recon_64/nwm_cdit_s_recon_64_0020000/recon_time.json
64 No Text,20000,nwm_cdit_s_recon_64_0020000,lpips,8s,0.25576138496398926,artifacts/summaries/eval/eval_s_recon_64/nwm_cdit_s_recon_64_0020000/recon_time.json
64 No Text,20000,nwm_cdit_s_recon_64_0020000,lpips,16s,0.3014889359474182,artifacts/summaries/eval/eval_s_recon_64/nwm_cdit_s_recon_64_0020000/recon_time.json
64 No Text,25000,nwm_cdit_s_recon_64_0025000,dreamsim,1s,0.24563467502593994,artifacts/summaries/eval/eval_s_recon_64/nwm_cdit_s_recon_64_0025000/recon_time.json
64 No Text,25000,nwm_cdit_s_recon_64_0025000,dreamsim,2s,0.24946656823158264,artifacts/summaries/eval/eval_s_recon_64/nwm_cdit_s_recon_64_0025000/recon_time.json
64 No Text,25000,nwm_cdit_s_recon_64_0025000,dreamsim,4s,0.26014527678489685,artifacts/summaries/eval/eval_s_recon_64/nwm_cdit_s_recon_64_0025000/recon_time.json
64 No Text,25000,nwm_cdit_s_recon_64_0025000,dreamsim,8s,0.27602308988571167,artifacts/summaries/eval/eval_s_recon_64/nwm_cdit_s_recon_64_0025000/recon_time.json
64 No Text,25000,nwm_cdit_s_recon_64_0025000,dreamsim,16s,0.31529873609542847,artifacts/summaries/eval/eval_s_recon_64/nwm_cdit_s_recon_64_0025000/recon_time.json
64 No Text,25000,nwm_cdit_s_recon_64_0025000,fid,1s,39.3197021484375,artifacts/summaries/eval/eval_s_recon_64/nwm_cdit_s_recon_64_0025000/recon_time.json
64 No Text,25000,nwm_cdit_s_recon_64_0025000,fid,2s,39.475311279296875,artifacts/summaries/eval/eval_s_recon_64/nwm_cdit_s_recon_64_0025000/recon_time.json
64 No Text,25000,nwm_cdit_s_recon_64_0025000,fid,4s,39.567901611328125,artifacts/summaries/eval/eval_s_recon_64/nwm_cdit_s_recon_64_0025000/recon_time.json
64 No Text,25000,nwm_cdit_s_recon_64_0025000,fid,8s,38.700103759765625,artifacts/summaries/eval/eval_s_recon_64/nwm_cdit_s_recon_64_0025000/recon_time.json
64 No Text,25000,nwm_cdit_s_recon_64_0025000,fid,16s,42.7520751953125,artifacts/summaries/eval/eval_s_recon_64/nwm_cdit_s_recon_64_0025000/recon_time.json
64 No Text,25000,nwm_cdit_s_recon_64_0025000,lpips,1s,0.18859945237636566,artifacts/summaries/eval/eval_s_recon_64/nwm_cdit_s_recon_64_0025000/recon_time.json
64 No Text,25000,nwm_cdit_s_recon_64_0025000,lpips,2s,0.19821606576442719,artifacts/summaries/eval/eval_s_recon_64/nwm_cdit_s_recon_64_0025000/recon_time.json
64 No Text,25000,nwm_cdit_s_recon_64_0025000,lpips,4s,0.2154848575592041,artifacts/summaries/eval/eval_s_recon_64/nwm_cdit_s_recon_64_0025000/recon_time.json
64 No Text,25000,nwm_cdit_s_recon_64_0025000,lpips,8s,0.24261592328548431,artifacts/summaries/eval/eval_s_recon_64/nwm_cdit_s_recon_64_0025000/recon_time.json
64 No Text,25000,nwm_cdit_s_recon_64_0025000,lpips,16s,0.28975462913513184,artifacts/summaries/eval/eval_s_recon_64/nwm_cdit_s_recon_64_0025000/recon_time.json
64 No Text,30000,nwm_cdit_s_recon_64_0030000,dreamsim,1s,0.2413487583398819,artifacts/summaries/eval/eval_s_recon_64/nwm_cdit_s_recon_64_0030000/recon_time.json
64 No Text,30000,nwm_cdit_s_recon_64_0030000,dreamsim,2s,0.24634121358394623,artifacts/summaries/eval/eval_s_recon_64/nwm_cdit_s_recon_64_0030000/recon_time.json
64 No Text,30000,nwm_cdit_s_recon_64_0030000,dreamsim,4s,0.2562272846698761,artifacts/summaries/eval/eval_s_recon_64/nwm_cdit_s_recon_64_0030000/recon_time.json
64 No Text,30000,nwm_cdit_s_recon_64_0030000,dreamsim,8s,0.2653352916240692,artifacts/summaries/eval/eval_s_recon_64/nwm_cdit_s_recon_64_0030000/recon_time.json
64 No Text,30000,nwm_cdit_s_recon_64_0030000,dreamsim,16s,0.30801695585250854,artifacts/summaries/eval/eval_s_recon_64/nwm_cdit_s_recon_64_0030000/recon_time.json
64 No Text,30000,nwm_cdit_s_recon_64_0030000,fid,1s,38.451263427734375,artifacts/summaries/eval/eval_s_recon_64/nwm_cdit_s_recon_64_0030000/recon_time.json
64 No Text,30000,nwm_cdit_s_recon_64_0030000,fid,2s,38.1187744140625,artifacts/summaries/eval/eval_s_recon_64/nwm_cdit_s_recon_64_0030000/recon_time.json
64 No Text,30000,nwm_cdit_s_recon_64_0030000,fid,4s,38.04925537109375,artifacts/summaries/eval/eval_s_recon_64/nwm_cdit_s_recon_64_0030000/recon_time.json
64 No Text,30000,nwm_cdit_s_recon_64_0030000,fid,8s,38.345306396484375,artifacts/summaries/eval/eval_s_recon_64/nwm_cdit_s_recon_64_0030000/recon_time.json
64 No Text,30000,nwm_cdit_s_recon_64_0030000,fid,16s,41.650787353515625,artifacts/summaries/eval/eval_s_recon_64/nwm_cdit_s_recon_64_0030000/recon_time.json
64 No Text,30000,nwm_cdit_s_recon_64_0030000,lpips,1s,0.178883895277977,artifacts/summaries/eval/eval_s_recon_64/nwm_cdit_s_recon_64_0030000/recon_time.json
64 No Text,30000,nwm_cdit_s_recon_64_0030000,lpips,2s,0.19364093244075775,artifacts/summaries/eval/eval_s_recon_64/nwm_cdit_s_recon_64_0030000/recon_time.json
64 No Text,30000,nwm_cdit_s_recon_64_0030000,lpips,4s,0.21171921491622925,artifacts/summaries/eval/eval_s_recon_64/nwm_cdit_s_recon_64_0030000/recon_time.json
64 No Text,30000,nwm_cdit_s_recon_64_0030000,lpips,8s,0.23430995643138885,artifacts/summaries/eval/eval_s_recon_64/nwm_cdit_s_recon_64_0030000/recon_time.json
64 No Text,30000,nwm_cdit_s_recon_64_0030000,lpips,16s,0.2797362804412842,artifacts/summaries/eval/eval_s_recon_64/nwm_cdit_s_recon_64_0030000/recon_time.json
64 No Text,33000,nwm_cdit_s_recon_64_latest,dreamsim,1s,0.2401018738746643,artifacts/summaries/eval/eval_s_recon_64/nwm_cdit_s_recon_64_latest/recon_time.json
64 No Text,33000,nwm_cdit_s_recon_64_latest,dreamsim,2s,0.24227461218833923,artifacts/summaries/eval/eval_s_recon_64/nwm_cdit_s_recon_64_latest/recon_time.json
64 No Text,33000,nwm_cdit_s_recon_64_latest,dreamsim,4s,0.2479284405708313,artifacts/summaries/eval/eval_s_recon_64/nwm_cdit_s_recon_64_latest/recon_time.json
64 No Text,33000,nwm_cdit_s_recon_64_latest,dreamsim,8s,0.2631368637084961,artifacts/summaries/eval/eval_s_recon_64/nwm_cdit_s_recon_64_latest/recon_time.json
64 No Text,33000,nwm_cdit_s_recon_64_latest,dreamsim,16s,0.304120808839798,artifacts/summaries/eval/eval_s_recon_64/nwm_cdit_s_recon_64_latest/recon_time.json
64 No Text,33000,nwm_cdit_s_recon_64_latest,fid,1s,39.03338623046875,artifacts/summaries/eval/eval_s_recon_64/nwm_cdit_s_recon_64_latest/recon_time.json
64 No Text,33000,nwm_cdit_s_recon_64_latest,fid,2s,38.288818359375,artifacts/summaries/eval/eval_s_recon_64/nwm_cdit_s_recon_64_latest/recon_time.json
64 No Text,33000,nwm_cdit_s_recon_64_latest,fid,4s,37.02854919433594,artifacts/summaries/eval/eval_s_recon_64/nwm_cdit_s_recon_64_latest/recon_time.json
64 No Text,33000,nwm_cdit_s_recon_64_latest,fid,8s,36.333953857421875,artifacts/summaries/eval/eval_s_recon_64/nwm_cdit_s_recon_64_latest/recon_time.json
64 No Text,33000,nwm_cdit_s_recon_64_latest,fid,16s,43.15576171875,artifacts/summaries/eval/eval_s_recon_64/nwm_cdit_s_recon_64_latest/recon_time.json
64 No Text,33000,nwm_cdit_s_recon_64_latest,lpips,1s,0.17491960525512695,artifacts/summaries/eval/eval_s_recon_64/nwm_cdit_s_recon_64_latest/recon_time.json
64 No Text,33000,nwm_cdit_s_recon_64_latest,lpips,2s,0.18858936429023743,artifacts/summaries/eval/eval_s_recon_64/nwm_cdit_s_recon_64_latest/recon_time.json
64 No Text,33000,nwm_cdit_s_recon_64_latest,lpips,4s,0.20628224313259125,artifacts/summaries/eval/eval_s_recon_64/nwm_cdit_s_recon_64_latest/recon_time.json
64 No Text,33000,nwm_cdit_s_recon_64_latest,lpips,8s,0.23021525144577026,artifacts/summaries/eval/eval_s_recon_64/nwm_cdit_s_recon_64_latest/recon_time.json
64 No Text,33000,nwm_cdit_s_recon_64_latest,lpips,16s,0.2760661840438843,artifacts/summaries/eval/eval_s_recon_64/nwm_cdit_s_recon_64_latest/recon_time.json
64 Text Dense,5000,nwm_cdit_s_recon_64_text_dense_0005000,dreamsim,1s,0.2895045876502991,artifacts/summaries/eval/eval_s_recon_64_text_dense/nwm_cdit_s_recon_64_text_dense_0005000/recon_time.json
64 Text Dense,5000,nwm_cdit_s_recon_64_text_dense_0005000,dreamsim,2s,0.29360198974609375,artifacts/summaries/eval/eval_s_recon_64_text_dense/nwm_cdit_s_recon_64_text_dense_0005000/recon_time.json
64 Text Dense,5000,nwm_cdit_s_recon_64_text_dense_0005000,dreamsim,4s,0.30810317397117615,artifacts/summaries/eval/eval_s_recon_64_text_dense/nwm_cdit_s_recon_64_text_dense_0005000/recon_time.json
64 Text Dense,5000,nwm_cdit_s_recon_64_text_dense_0005000,dreamsim,8s,0.32468363642692566,artifacts/summaries/eval/eval_s_recon_64_text_dense/nwm_cdit_s_recon_64_text_dense_0005000/recon_time.json
64 Text Dense,5000,nwm_cdit_s_recon_64_text_dense_0005000,dreamsim,16s,0.3504108190536499,artifacts/summaries/eval/eval_s_recon_64_text_dense/nwm_cdit_s_recon_64_text_dense_0005000/recon_time.json
64 Text Dense,5000,nwm_cdit_s_recon_64_text_dense_0005000,fid,1s,46.93986511230469,artifacts/summaries/eval/eval_s_recon_64_text_dense/nwm_cdit_s_recon_64_text_dense_0005000/recon_time.json
64 Text Dense,5000,nwm_cdit_s_recon_64_text_dense_0005000,fid,2s,44.18244934082031,artifacts/summaries/eval/eval_s_recon_64_text_dense/nwm_cdit_s_recon_64_text_dense_0005000/recon_time.json
64 Text Dense,5000,nwm_cdit_s_recon_64_text_dense_0005000,fid,4s,45.57081604003906,artifacts/summaries/eval/eval_s_recon_64_text_dense/nwm_cdit_s_recon_64_text_dense_0005000/recon_time.json
64 Text Dense,5000,nwm_cdit_s_recon_64_text_dense_0005000,fid,8s,47.112457275390625,artifacts/summaries/eval/eval_s_recon_64_text_dense/nwm_cdit_s_recon_64_text_dense_0005000/recon_time.json
64 Text Dense,5000,nwm_cdit_s_recon_64_text_dense_0005000,fid,16s,50.52398681640625,artifacts/summaries/eval/eval_s_recon_64_text_dense/nwm_cdit_s_recon_64_text_dense_0005000/recon_time.json
64 Text Dense,5000,nwm_cdit_s_recon_64_text_dense_0005000,lpips,1s,0.23901629447937012,artifacts/summaries/eval/eval_s_recon_64_text_dense/nwm_cdit_s_recon_64_text_dense_0005000/recon_time.json
64 Text Dense,5000,nwm_cdit_s_recon_64_text_dense_0005000,lpips,2s,0.24649693071842194,artifacts/summaries/eval/eval_s_recon_64_text_dense/nwm_cdit_s_recon_64_text_dense_0005000/recon_time.json
64 Text Dense,5000,nwm_cdit_s_recon_64_text_dense_0005000,lpips,4s,0.2703075408935547,artifacts/summaries/eval/eval_s_recon_64_text_dense/nwm_cdit_s_recon_64_text_dense_0005000/recon_time.json
64 Text Dense,5000,nwm_cdit_s_recon_64_text_dense_0005000,lpips,8s,0.29141154885292053,artifacts/summaries/eval/eval_s_recon_64_text_dense/nwm_cdit_s_recon_64_text_dense_0005000/recon_time.json
64 Text Dense,5000,nwm_cdit_s_recon_64_text_dense_0005000,lpips,16s,0.3235778212547302,artifacts/summaries/eval/eval_s_recon_64_text_dense/nwm_cdit_s_recon_64_text_dense_0005000/recon_time.json
64 Text Dense,10000,nwm_cdit_s_recon_64_text_dense_0010000,dreamsim,1s,0.2574986219406128,artifacts/summaries/eval/eval_s_recon_64_text_dense/nwm_cdit_s_recon_64_text_dense_0010000/recon_time.json
64 Text Dense,10000,nwm_cdit_s_recon_64_text_dense_0010000,dreamsim,2s,0.2676545977592468,artifacts/summaries/eval/eval_s_recon_64_text_dense/nwm_cdit_s_recon_64_text_dense_0010000/recon_time.json
64 Text Dense,10000,nwm_cdit_s_recon_64_text_dense_0010000,dreamsim,4s,0.27373775839805603,artifacts/summaries/eval/eval_s_recon_64_text_dense/nwm_cdit_s_recon_64_text_dense_0010000/recon_time.json
64 Text Dense,10000,nwm_cdit_s_recon_64_text_dense_0010000,dreamsim,8s,0.28653663396835327,artifacts/summaries/eval/eval_s_recon_64_text_dense/nwm_cdit_s_recon_64_text_dense_0010000/recon_time.json
64 Text Dense,10000,nwm_cdit_s_recon_64_text_dense_0010000,dreamsim,16s,0.32834914326667786,artifacts/summaries/eval/eval_s_recon_64_text_dense/nwm_cdit_s_recon_64_text_dense_0010000/recon_time.json
64 Text Dense,10000,nwm_cdit_s_recon_64_text_dense_0010000,fid,1s,41.02215576171875,artifacts/summaries/eval/eval_s_recon_64_text_dense/nwm_cdit_s_recon_64_text_dense_0010000/recon_time.json
64 Text Dense,10000,nwm_cdit_s_recon_64_text_dense_0010000,fid,2s,42.38298034667969,artifacts/summaries/eval/eval_s_recon_64_text_dense/nwm_cdit_s_recon_64_text_dense_0010000/recon_time.json
64 Text Dense,10000,nwm_cdit_s_recon_64_text_dense_0010000,fid,4s,41.66493225097656,artifacts/summaries/eval/eval_s_recon_64_text_dense/nwm_cdit_s_recon_64_text_dense_0010000/recon_time.json
64 Text Dense,10000,nwm_cdit_s_recon_64_text_dense_0010000,fid,8s,41.302642822265625,artifacts/summaries/eval/eval_s_recon_64_text_dense/nwm_cdit_s_recon_64_text_dense_0010000/recon_time.json
64 Text Dense,10000,nwm_cdit_s_recon_64_text_dense_0010000,fid,16s,46.01991271972656,artifacts/summaries/eval/eval_s_recon_64_text_dense/nwm_cdit_s_recon_64_text_dense_0010000/recon_time.json
64 Text Dense,10000,nwm_cdit_s_recon_64_text_dense_0010000,lpips,1s,0.2007981687784195,artifacts/summaries/eval/eval_s_recon_64_text_dense/nwm_cdit_s_recon_64_text_dense_0010000/recon_time.json
64 Text Dense,10000,nwm_cdit_s_recon_64_text_dense_0010000,lpips,2s,0.216300368309021,artifacts/summaries/eval/eval_s_recon_64_text_dense/nwm_cdit_s_recon_64_text_dense_0010000/recon_time.json
64 Text Dense,10000,nwm_cdit_s_recon_64_text_dense_0010000,lpips,4s,0.23588277399539948,artifacts/summaries/eval/eval_s_recon_64_text_dense/nwm_cdit_s_recon_64_text_dense_0010000/recon_time.json
64 Text Dense,10000,nwm_cdit_s_recon_64_text_dense_0010000,lpips,8s,0.2556324899196625,artifacts/summaries/eval/eval_s_recon_64_text_dense/nwm_cdit_s_recon_64_text_dense_0010000/recon_time.json
64 Text Dense,10000,nwm_cdit_s_recon_64_text_dense_0010000,lpips,16s,0.30168619751930237,artifacts/summaries/eval/eval_s_recon_64_text_dense/nwm_cdit_s_recon_64_text_dense_0010000/recon_time.json
64 Text Dense,15000,nwm_cdit_s_recon_64_text_dense_0015000,dreamsim,1s,0.2474791407585144,artifacts/summaries/eval/eval_s_recon_64_text_dense/nwm_cdit_s_recon_64_text_dense_0015000/recon_time.json
64 Text Dense,15000,nwm_cdit_s_recon_64_text_dense_0015000,dreamsim,2s,0.2531126141548157,artifacts/summaries/eval/eval_s_recon_64_text_dense/nwm_cdit_s_recon_64_text_dense_0015000/recon_time.json
64 Text Dense,15000,nwm_cdit_s_recon_64_text_dense_0015000,dreamsim,4s,0.262195348739624,artifacts/summaries/eval/eval_s_recon_64_text_dense/nwm_cdit_s_recon_64_text_dense_0015000/recon_time.json
64 Text Dense,15000,nwm_cdit_s_recon_64_text_dense_0015000,dreamsim,8s,0.2774369716644287,artifacts/summaries/eval/eval_s_recon_64_text_dense/nwm_cdit_s_recon_64_text_dense_0015000/recon_time.json
64 Text Dense,15000,nwm_cdit_s_recon_64_text_dense_0015000,dreamsim,16s,0.3138996362686157,artifacts/summaries/eval/eval_s_recon_64_text_dense/nwm_cdit_s_recon_64_text_dense_0015000/recon_time.json
64 Text Dense,15000,nwm_cdit_s_recon_64_text_dense_0015000,fid,1s,41.532440185546875,artifacts/summaries/eval/eval_s_recon_64_text_dense/nwm_cdit_s_recon_64_text_dense_0015000/recon_time.json
64 Text Dense,15000,nwm_cdit_s_recon_64_text_dense_0015000,fid,2s,38.60252380371094,artifacts/summaries/eval/eval_s_recon_64_text_dense/nwm_cdit_s_recon_64_text_dense_0015000/recon_time.json
64 Text Dense,15000,nwm_cdit_s_recon_64_text_dense_0015000,fid,4s,39.6474609375,artifacts/summaries/eval/eval_s_recon_64_text_dense/nwm_cdit_s_recon_64_text_dense_0015000/recon_time.json
64 Text Dense,15000,nwm_cdit_s_recon_64_text_dense_0015000,fid,8s,40.44172668457031,artifacts/summaries/eval/eval_s_recon_64_text_dense/nwm_cdit_s_recon_64_text_dense_0015000/recon_time.json
64 Text Dense,15000,nwm_cdit_s_recon_64_text_dense_0015000,fid,16s,42.29695129394531,artifacts/summaries/eval/eval_s_recon_64_text_dense/nwm_cdit_s_recon_64_text_dense_0015000/recon_time.json
64 Text Dense,15000,nwm_cdit_s_recon_64_text_dense_0015000,lpips,1s,0.18728142976760864,artifacts/summaries/eval/eval_s_recon_64_text_dense/nwm_cdit_s_recon_64_text_dense_0015000/recon_time.json
64 Text Dense,15000,nwm_cdit_s_recon_64_text_dense_0015000,lpips,2s,0.20286989212036133,artifacts/summaries/eval/eval_s_recon_64_text_dense/nwm_cdit_s_recon_64_text_dense_0015000/recon_time.json
64 Text Dense,15000,nwm_cdit_s_recon_64_text_dense_0015000,lpips,4s,0.21878762543201447,artifacts/summaries/eval/eval_s_recon_64_text_dense/nwm_cdit_s_recon_64_text_dense_0015000/recon_time.json
64 Text Dense,15000,nwm_cdit_s_recon_64_text_dense_0015000,lpips,8s,0.24471980333328247,artifacts/summaries/eval/eval_s_recon_64_text_dense/nwm_cdit_s_recon_64_text_dense_0015000/recon_time.json
64 Text Dense,15000,nwm_cdit_s_recon_64_text_dense_0015000,lpips,16s,0.28665199875831604,artifacts/summaries/eval/eval_s_recon_64_text_dense/nwm_cdit_s_recon_64_text_dense_0015000/recon_time.json
64 Text Dense,20000,nwm_cdit_s_recon_64_text_dense_0020000,dreamsim,1s,0.240919291973114,artifacts/summaries/eval/eval_s_recon_64_text_dense/nwm_cdit_s_recon_64_text_dense_0020000/recon_time.json
64 Text Dense,20000,nwm_cdit_s_recon_64_text_dense_0020000,dreamsim,2s,0.24612930417060852,artifacts/summaries/eval/eval_s_recon_64_text_dense/nwm_cdit_s_recon_64_text_dense_0020000/recon_time.json
64 Text Dense,20000,nwm_cdit_s_recon_64_text_dense_0020000,dreamsim,4s,0.251202791929245,artifacts/summaries/eval/eval_s_recon_64_text_dense/nwm_cdit_s_recon_64_text_dense_0020000/recon_time.json
64 Text Dense,20000,nwm_cdit_s_recon_64_text_dense_0020000,dreamsim,8s,0.26961061358451843,artifacts/summaries/eval/eval_s_recon_64_text_dense/nwm_cdit_s_recon_64_text_dense_0020000/recon_time.json
64 Text Dense,20000,nwm_cdit_s_recon_64_text_dense_0020000,dreamsim,16s,0.30770474672317505,artifacts/summaries/eval/eval_s_recon_64_text_dense/nwm_cdit_s_recon_64_text_dense_0020000/recon_time.json
64 Text Dense,20000,nwm_cdit_s_recon_64_text_dense_0020000,fid,1s,38.90534973144531,artifacts/summaries/eval/eval_s_recon_64_text_dense/nwm_cdit_s_recon_64_text_dense_0020000/recon_time.json
64 Text Dense,20000,nwm_cdit_s_recon_64_text_dense_0020000,fid,2s,39.095489501953125,artifacts/summaries/eval/eval_s_recon_64_text_dense/nwm_cdit_s_recon_64_text_dense_0020000/recon_time.json
64 Text Dense,20000,nwm_cdit_s_recon_64_text_dense_0020000,fid,4s,37.680328369140625,artifacts/summaries/eval/eval_s_recon_64_text_dense/nwm_cdit_s_recon_64_text_dense_0020000/recon_time.json
64 Text Dense,20000,nwm_cdit_s_recon_64_text_dense_0020000,fid,8s,39.16246032714844,artifacts/summaries/eval/eval_s_recon_64_text_dense/nwm_cdit_s_recon_64_text_dense_0020000/recon_time.json
64 Text Dense,20000,nwm_cdit_s_recon_64_text_dense_0020000,fid,16s,43.23793029785156,artifacts/summaries/eval/eval_s_recon_64_text_dense/nwm_cdit_s_recon_64_text_dense_0020000/recon_time.json
64 Text Dense,20000,nwm_cdit_s_recon_64_text_dense_0020000,lpips,1s,0.1807119995355606,artifacts/summaries/eval/eval_s_recon_64_text_dense/nwm_cdit_s_recon_64_text_dense_0020000/recon_time.json
64 Text Dense,20000,nwm_cdit_s_recon_64_text_dense_0020000,lpips,2s,0.1925342082977295,artifacts/summaries/eval/eval_s_recon_64_text_dense/nwm_cdit_s_recon_64_text_dense_0020000/recon_time.json
64 Text Dense,20000,nwm_cdit_s_recon_64_text_dense_0020000,lpips,4s,0.20898249745368958,artifacts/summaries/eval/eval_s_recon_64_text_dense/nwm_cdit_s_recon_64_text_dense_0020000/recon_time.json
64 Text Dense,20000,nwm_cdit_s_recon_64_text_dense_0020000,lpips,8s,0.23539653420448303,artifacts/summaries/eval/eval_s_recon_64_text_dense/nwm_cdit_s_recon_64_text_dense_0020000/recon_time.json
64 Text Dense,20000,nwm_cdit_s_recon_64_text_dense_0020000,lpips,16s,0.2820289433002472,artifacts/summaries/eval/eval_s_recon_64_text_dense/nwm_cdit_s_recon_64_text_dense_0020000/recon_time.json
64 Text Dense,25000,nwm_cdit_s_recon_64_text_dense_0025000,dreamsim,1s,0.2384359985589981,artifacts/summaries/eval/eval_s_recon_64_text_dense/nwm_cdit_s_recon_64_text_dense_0025000/recon_time.json
64 Text Dense,25000,nwm_cdit_s_recon_64_text_dense_0025000,dreamsim,2s,0.24216321110725403,artifacts/summaries/eval/eval_s_recon_64_text_dense/nwm_cdit_s_recon_64_text_dense_0025000/recon_time.json
64 Text Dense,25000,nwm_cdit_s_recon_64_text_dense_0025000,dreamsim,4s,0.24911527335643768,artifacts/summaries/eval/eval_s_recon_64_text_dense/nwm_cdit_s_recon_64_text_dense_0025000/recon_time.json
64 Text Dense,25000,nwm_cdit_s_recon_64_text_dense_0025000,dreamsim,8s,0.26327112317085266,artifacts/summaries/eval/eval_s_recon_64_text_dense/nwm_cdit_s_recon_64_text_dense_0025000/recon_time.json
64 Text Dense,25000,nwm_cdit_s_recon_64_text_dense_0025000,dreamsim,16s,0.30706480145454407,artifacts/summaries/eval/eval_s_recon_64_text_dense/nwm_cdit_s_recon_64_text_dense_0025000/recon_time.json
64 Text Dense,25000,nwm_cdit_s_recon_64_text_dense_0025000,fid,1s,40.117706298828125,artifacts/summaries/eval/eval_s_recon_64_text_dense/nwm_cdit_s_recon_64_text_dense_0025000/recon_time.json
64 Text Dense,25000,nwm_cdit_s_recon_64_text_dense_0025000,fid,2s,38.10441589355469,artifacts/summaries/eval/eval_s_recon_64_text_dense/nwm_cdit_s_recon_64_text_dense_0025000/recon_time.json
64 Text Dense,25000,nwm_cdit_s_recon_64_text_dense_0025000,fid,4s,38.07476806640625,artifacts/summaries/eval/eval_s_recon_64_text_dense/nwm_cdit_s_recon_64_text_dense_0025000/recon_time.json
64 Text Dense,25000,nwm_cdit_s_recon_64_text_dense_0025000,fid,8s,38.199798583984375,artifacts/summaries/eval/eval_s_recon_64_text_dense/nwm_cdit_s_recon_64_text_dense_0025000/recon_time.json
64 Text Dense,25000,nwm_cdit_s_recon_64_text_dense_0025000,fid,16s,42.0833740234375,artifacts/summaries/eval/eval_s_recon_64_text_dense/nwm_cdit_s_recon_64_text_dense_0025000/recon_time.json
64 Text Dense,25000,nwm_cdit_s_recon_64_text_dense_0025000,lpips,1s,0.1743200272321701,artifacts/summaries/eval/eval_s_recon_64_text_dense/nwm_cdit_s_recon_64_text_dense_0025000/recon_time.json
64 Text Dense,25000,nwm_cdit_s_recon_64_text_dense_0025000,lpips,2s,0.1883346140384674,artifacts/summaries/eval/eval_s_recon_64_text_dense/nwm_cdit_s_recon_64_text_dense_0025000/recon_time.json
64 Text Dense,25000,nwm_cdit_s_recon_64_text_dense_0025000,lpips,4s,0.2018738090991974,artifacts/summaries/eval/eval_s_recon_64_text_dense/nwm_cdit_s_recon_64_text_dense_0025000/recon_time.json
64 Text Dense,25000,nwm_cdit_s_recon_64_text_dense_0025000,lpips,8s,0.22604259848594666,artifacts/summaries/eval/eval_s_recon_64_text_dense/nwm_cdit_s_recon_64_text_dense_0025000/recon_time.json
64 Text Dense,25000,nwm_cdit_s_recon_64_text_dense_0025000,lpips,16s,0.2797730267047882,artifacts/summaries/eval/eval_s_recon_64_text_dense/nwm_cdit_s_recon_64_text_dense_0025000/recon_time.json
64 Text Dense,30000,nwm_cdit_s_recon_64_text_dense_0030000,dreamsim,1s,0.2355392873287201,artifacts/summaries/eval/eval_s_recon_64_text_dense/nwm_cdit_s_recon_64_text_dense_0030000/recon_time.json
64 Text Dense,30000,nwm_cdit_s_recon_64_text_dense_0030000,dreamsim,2s,0.2402387261390686,artifacts/summaries/eval/eval_s_recon_64_text_dense/nwm_cdit_s_recon_64_text_dense_0030000/recon_time.json
64 Text Dense,30000,nwm_cdit_s_recon_64_text_dense_0030000,dreamsim,4s,0.24422135949134827,artifacts/summaries/eval/eval_s_recon_64_text_dense/nwm_cdit_s_recon_64_text_dense_0030000/recon_time.json
64 Text Dense,30000,nwm_cdit_s_recon_64_text_dense_0030000,dreamsim,8s,0.2589869797229767,artifacts/summaries/eval/eval_s_recon_64_text_dense/nwm_cdit_s_recon_64_text_dense_0030000/recon_time.json
64 Text Dense,30000,nwm_cdit_s_recon_64_text_dense_0030000,dreamsim,16s,0.29995301365852356,artifacts/summaries/eval/eval_s_recon_64_text_dense/nwm_cdit_s_recon_64_text_dense_0030000/recon_time.json
64 Text Dense,30000,nwm_cdit_s_recon_64_text_dense_0030000,fid,1s,38.48912048339844,artifacts/summaries/eval/eval_s_recon_64_text_dense/nwm_cdit_s_recon_64_text_dense_0030000/recon_time.json
64 Text Dense,30000,nwm_cdit_s_recon_64_text_dense_0030000,fid,2s,37.40623474121094,artifacts/summaries/eval/eval_s_recon_64_text_dense/nwm_cdit_s_recon_64_text_dense_0030000/recon_time.json
64 Text Dense,30000,nwm_cdit_s_recon_64_text_dense_0030000,fid,4s,36.672943115234375,artifacts/summaries/eval/eval_s_recon_64_text_dense/nwm_cdit_s_recon_64_text_dense_0030000/recon_time.json
64 Text Dense,30000,nwm_cdit_s_recon_64_text_dense_0030000,fid,8s,36.685302734375,artifacts/summaries/eval/eval_s_recon_64_text_dense/nwm_cdit_s_recon_64_text_dense_0030000/recon_time.json
64 Text Dense,30000,nwm_cdit_s_recon_64_text_dense_0030000,fid,16s,40.26661682128906,artifacts/summaries/eval/eval_s_recon_64_text_dense/nwm_cdit_s_recon_64_text_dense_0030000/recon_time.json
64 Text Dense,30000,nwm_cdit_s_recon_64_text_dense_0030000,lpips,1s,0.16940023005008698,artifacts/summaries/eval/eval_s_recon_64_text_dense/nwm_cdit_s_recon_64_text_dense_0030000/recon_time.json
64 Text Dense,30000,nwm_cdit_s_recon_64_text_dense_0030000,lpips,2s,0.18596576154232025,artifacts/summaries/eval/eval_s_recon_64_text_dense/nwm_cdit_s_recon_64_text_dense_0030000/recon_time.json
64 Text Dense,30000,nwm_cdit_s_recon_64_text_dense_0030000,lpips,4s,0.19935983419418335,artifacts/summaries/eval/eval_s_recon_64_text_dense/nwm_cdit_s_recon_64_text_dense_0030000/recon_time.json
64 Text Dense,30000,nwm_cdit_s_recon_64_text_dense_0030000,lpips,8s,0.22229547798633575,artifacts/summaries/eval/eval_s_recon_64_text_dense/nwm_cdit_s_recon_64_text_dense_0030000/recon_time.json
64 Text Dense,30000,nwm_cdit_s_recon_64_text_dense_0030000,lpips,16s,0.27335673570632935,artifacts/summaries/eval/eval_s_recon_64_text_dense/nwm_cdit_s_recon_64_text_dense_0030000/recon_time.json
64 Text Dense,33000,nwm_cdit_s_recon_64_text_dense_latest,dreamsim,1s,0.23138271272182465,artifacts/summaries/eval/eval_s_recon_64_text_dense/nwm_cdit_s_recon_64_text_dense_latest/recon_time.json
64 Text Dense,33000,nwm_cdit_s_recon_64_text_dense_latest,dreamsim,2s,0.23642051219940186,artifacts/summaries/eval/eval_s_recon_64_text_dense/nwm_cdit_s_recon_64_text_dense_latest/recon_time.json
64 Text Dense,33000,nwm_cdit_s_recon_64_text_dense_latest,dreamsim,4s,0.24522548913955688,artifacts/summaries/eval/eval_s_recon_64_text_dense/nwm_cdit_s_recon_64_text_dense_latest/recon_time.json
64 Text Dense,33000,nwm_cdit_s_recon_64_text_dense_latest,dreamsim,8s,0.2583979368209839,artifacts/summaries/eval/eval_s_recon_64_text_dense/nwm_cdit_s_recon_64_text_dense_latest/recon_time.json
64 Text Dense,33000,nwm_cdit_s_recon_64_text_dense_latest,dreamsim,16s,0.2990945875644684,artifacts/summaries/eval/eval_s_recon_64_text_dense/nwm_cdit_s_recon_64_text_dense_latest/recon_time.json
64 Text Dense,33000,nwm_cdit_s_recon_64_text_dense_latest,fid,1s,38.2586669921875,artifacts/summaries/eval/eval_s_recon_64_text_dense/nwm_cdit_s_recon_64_text_dense_latest/recon_time.json
64 Text Dense,33000,nwm_cdit_s_recon_64_text_dense_latest,fid,2s,37.91740417480469,artifacts/summaries/eval/eval_s_recon_64_text_dense/nwm_cdit_s_recon_64_text_dense_latest/recon_time.json
64 Text Dense,33000,nwm_cdit_s_recon_64_text_dense_latest,fid,4s,37.651947021484375,artifacts/summaries/eval/eval_s_recon_64_text_dense/nwm_cdit_s_recon_64_text_dense_latest/recon_time.json
64 Text Dense,33000,nwm_cdit_s_recon_64_text_dense_latest,fid,8s,38.514923095703125,artifacts/summaries/eval/eval_s_recon_64_text_dense/nwm_cdit_s_recon_64_text_dense_latest/recon_time.json
64 Text Dense,33000,nwm_cdit_s_recon_64_text_dense_latest,fid,16s,41.2681884765625,artifacts/summaries/eval/eval_s_recon_64_text_dense/nwm_cdit_s_recon_64_text_dense_latest/recon_time.json
64 Text Dense,33000,nwm_cdit_s_recon_64_text_dense_latest,lpips,1s,0.1666075587272644,artifacts/summaries/eval/eval_s_recon_64_text_dense/nwm_cdit_s_recon_64_text_dense_latest/recon_time.json
64 Text Dense,33000,nwm_cdit_s_recon_64_text_dense_latest,lpips,2s,0.18163344264030457,artifacts/summaries/eval/eval_s_recon_64_text_dense/nwm_cdit_s_recon_64_text_dense_latest/recon_time.json
64 Text Dense,33000,nwm_cdit_s_recon_64_text_dense_latest,lpips,4s,0.20151656866073608,artifacts/summaries/eval/eval_s_recon_64_text_dense/nwm_cdit_s_recon_64_text_dense_latest/recon_time.json
64 Text Dense,33000,nwm_cdit_s_recon_64_text_dense_latest,lpips,8s,0.2223842442035675,artifacts/summaries/eval/eval_s_recon_64_text_dense/nwm_cdit_s_recon_64_text_dense_latest/recon_time.json
64 Text Dense,33000,nwm_cdit_s_recon_64_text_dense_latest,lpips,16s,0.2703733742237091,artifacts/summaries/eval/eval_s_recon_64_text_dense/nwm_cdit_s_recon_64_text_dense_latest/recon_time.json
Raw Text Dense,5000,nwm_cdit_s_recon_raw_text_dense_0005000,dreamsim,1s,0.1381300538778305,artifacts/summaries/eval/eval_s_recon_raw_text_dense/nwm_cdit_s_recon_raw_text_dense_0005000/recon_time.json
Raw Text Dense,5000,nwm_cdit_s_recon_raw_text_dense_0005000,dreamsim,2s,0.14836625754833221,artifacts/summaries/eval/eval_s_recon_raw_text_dense/nwm_cdit_s_recon_raw_text_dense_0005000/recon_time.json
Raw Text Dense,5000,nwm_cdit_s_recon_raw_text_dense_0005000,dreamsim,4s,0.15833541750907898,artifacts/summaries/eval/eval_s_recon_raw_text_dense/nwm_cdit_s_recon_raw_text_dense_0005000/recon_time.json
Raw Text Dense,5000,nwm_cdit_s_recon_raw_text_dense_0005000,dreamsim,8s,0.17828501760959625,artifacts/summaries/eval/eval_s_recon_raw_text_dense/nwm_cdit_s_recon_raw_text_dense_0005000/recon_time.json
Raw Text Dense,5000,nwm_cdit_s_recon_raw_text_dense_0005000,dreamsim,16s,0.22570841014385223,artifacts/summaries/eval/eval_s_recon_raw_text_dense/nwm_cdit_s_recon_raw_text_dense_0005000/recon_time.json
Raw Text Dense,5000,nwm_cdit_s_recon_raw_text_dense_0005000,fid,1s,34.8944091796875,artifacts/summaries/eval/eval_s_recon_raw_text_dense/nwm_cdit_s_recon_raw_text_dense_0005000/recon_time.json
Raw Text Dense,5000,nwm_cdit_s_recon_raw_text_dense_0005000,fid,2s,33.04179382324219,artifacts/summaries/eval/eval_s_recon_raw_text_dense/nwm_cdit_s_recon_raw_text_dense_0005000/recon_time.json
Raw Text Dense,5000,nwm_cdit_s_recon_raw_text_dense_0005000,fid,4s,33.1180419921875,artifacts/summaries/eval/eval_s_recon_raw_text_dense/nwm_cdit_s_recon_raw_text_dense_0005000/recon_time.json
Raw Text Dense,5000,nwm_cdit_s_recon_raw_text_dense_0005000,fid,8s,33.12989807128906,artifacts/summaries/eval/eval_s_recon_raw_text_dense/nwm_cdit_s_recon_raw_text_dense_0005000/recon_time.json
Raw Text Dense,5000,nwm_cdit_s_recon_raw_text_dense_0005000,fid,16s,38.184814453125,artifacts/summaries/eval/eval_s_recon_raw_text_dense/nwm_cdit_s_recon_raw_text_dense_0005000/recon_time.json
Raw Text Dense,5000,nwm_cdit_s_recon_raw_text_dense_0005000,lpips,1s,0.3112224340438843,artifacts/summaries/eval/eval_s_recon_raw_text_dense/nwm_cdit_s_recon_raw_text_dense_0005000/recon_time.json
Raw Text Dense,5000,nwm_cdit_s_recon_raw_text_dense_0005000,lpips,2s,0.3420489728450775,artifacts/summaries/eval/eval_s_recon_raw_text_dense/nwm_cdit_s_recon_raw_text_dense_0005000/recon_time.json
Raw Text Dense,5000,nwm_cdit_s_recon_raw_text_dense_0005000,lpips,4s,0.36723729968070984,artifacts/summaries/eval/eval_s_recon_raw_text_dense/nwm_cdit_s_recon_raw_text_dense_0005000/recon_time.json
Raw Text Dense,5000,nwm_cdit_s_recon_raw_text_dense_0005000,lpips,8s,0.40457960963249207,artifacts/summaries/eval/eval_s_recon_raw_text_dense/nwm_cdit_s_recon_raw_text_dense_0005000/recon_time.json
Raw Text Dense,5000,nwm_cdit_s_recon_raw_text_dense_0005000,lpips,16s,0.4627830386161804,artifacts/summaries/eval/eval_s_recon_raw_text_dense/nwm_cdit_s_recon_raw_text_dense_0005000/recon_time.json
Raw Text Dense,10000,nwm_cdit_s_recon_raw_text_dense_0010000,dreamsim,1s,0.13732945919036865,artifacts/summaries/eval/eval_s_recon_raw_text_dense/nwm_cdit_s_recon_raw_text_dense_0010000/recon_time.json
Raw Text Dense,10000,nwm_cdit_s_recon_raw_text_dense_0010000,dreamsim,2s,0.14844416081905365,artifacts/summaries/eval/eval_s_recon_raw_text_dense/nwm_cdit_s_recon_raw_text_dense_0010000/recon_time.json
Raw Text Dense,10000,nwm_cdit_s_recon_raw_text_dense_0010000,dreamsim,4s,0.1611413210630417,artifacts/summaries/eval/eval_s_recon_raw_text_dense/nwm_cdit_s_recon_raw_text_dense_0010000/recon_time.json
Raw Text Dense,10000,nwm_cdit_s_recon_raw_text_dense_0010000,dreamsim,8s,0.17999304831027985,artifacts/summaries/eval/eval_s_recon_raw_text_dense/nwm_cdit_s_recon_raw_text_dense_0010000/recon_time.json
Raw Text Dense,10000,nwm_cdit_s_recon_raw_text_dense_0010000,dreamsim,16s,0.22986651957035065,artifacts/summaries/eval/eval_s_recon_raw_text_dense/nwm_cdit_s_recon_raw_text_dense_0010000/recon_time.json
Raw Text Dense,10000,nwm_cdit_s_recon_raw_text_dense_0010000,fid,1s,33.28688049316406,artifacts/summaries/eval/eval_s_recon_raw_text_dense/nwm_cdit_s_recon_raw_text_dense_0010000/recon_time.json
Raw Text Dense,10000,nwm_cdit_s_recon_raw_text_dense_0010000,fid,2s,34.20295715332031,artifacts/summaries/eval/eval_s_recon_raw_text_dense/nwm_cdit_s_recon_raw_text_dense_0010000/recon_time.json
Raw Text Dense,10000,nwm_cdit_s_recon_raw_text_dense_0010000,fid,4s,33.77210998535156,artifacts/summaries/eval/eval_s_recon_raw_text_dense/nwm_cdit_s_recon_raw_text_dense_0010000/recon_time.json
Raw Text Dense,10000,nwm_cdit_s_recon_raw_text_dense_0010000,fid,8s,32.78094482421875,artifacts/summaries/eval/eval_s_recon_raw_text_dense/nwm_cdit_s_recon_raw_text_dense_0010000/recon_time.json
Raw Text Dense,10000,nwm_cdit_s_recon_raw_text_dense_0010000,fid,16s,39.19921875,artifacts/summaries/eval/eval_s_recon_raw_text_dense/nwm_cdit_s_recon_raw_text_dense_0010000/recon_time.json
Raw Text Dense,10000,nwm_cdit_s_recon_raw_text_dense_0010000,lpips,1s,0.3119710087776184,artifacts/summaries/eval/eval_s_recon_raw_text_dense/nwm_cdit_s_recon_raw_text_dense_0010000/recon_time.json
Raw Text Dense,10000,nwm_cdit_s_recon_raw_text_dense_0010000,lpips,2s,0.3419836163520813,artifacts/summaries/eval/eval_s_recon_raw_text_dense/nwm_cdit_s_recon_raw_text_dense_0010000/recon_time.json
Raw Text Dense,10000,nwm_cdit_s_recon_raw_text_dense_0010000,lpips,4s,0.3695637583732605,artifacts/summaries/eval/eval_s_recon_raw_text_dense/nwm_cdit_s_recon_raw_text_dense_0010000/recon_time.json
Raw Text Dense,10000,nwm_cdit_s_recon_raw_text_dense_0010000,lpips,8s,0.40691202878952026,artifacts/summaries/eval/eval_s_recon_raw_text_dense/nwm_cdit_s_recon_raw_text_dense_0010000/recon_time.json
Raw Text Dense,10000,nwm_cdit_s_recon_raw_text_dense_0010000,lpips,16s,0.4687948524951935,artifacts/summaries/eval/eval_s_recon_raw_text_dense/nwm_cdit_s_recon_raw_text_dense_0010000/recon_time.json
Raw Text Dense,15000,nwm_cdit_s_recon_raw_text_dense_0015000,dreamsim,1s,0.1367470622062683,artifacts/summaries/eval/eval_s_recon_raw_text_dense/nwm_cdit_s_recon_raw_text_dense_0015000/recon_time.json
Raw Text Dense,15000,nwm_cdit_s_recon_raw_text_dense_0015000,dreamsim,2s,0.14950941503047943,artifacts/summaries/eval/eval_s_recon_raw_text_dense/nwm_cdit_s_recon_raw_text_dense_0015000/recon_time.json
Raw Text Dense,15000,nwm_cdit_s_recon_raw_text_dense_0015000,dreamsim,4s,0.16096735000610352,artifacts/summaries/eval/eval_s_recon_raw_text_dense/nwm_cdit_s_recon_raw_text_dense_0015000/recon_time.json
Raw Text Dense,15000,nwm_cdit_s_recon_raw_text_dense_0015000,dreamsim,8s,0.179783433675766,artifacts/summaries/eval/eval_s_recon_raw_text_dense/nwm_cdit_s_recon_raw_text_dense_0015000/recon_time.json
Raw Text Dense,15000,nwm_cdit_s_recon_raw_text_dense_0015000,dreamsim,16s,0.23243685066699982,artifacts/summaries/eval/eval_s_recon_raw_text_dense/nwm_cdit_s_recon_raw_text_dense_0015000/recon_time.json
Raw Text Dense,15000,nwm_cdit_s_recon_raw_text_dense_0015000,fid,1s,33.48658752441406,artifacts/summaries/eval/eval_s_recon_raw_text_dense/nwm_cdit_s_recon_raw_text_dense_0015000/recon_time.json
Raw Text Dense,15000,nwm_cdit_s_recon_raw_text_dense_0015000,fid,2s,34.18150329589844,artifacts/summaries/eval/eval_s_recon_raw_text_dense/nwm_cdit_s_recon_raw_text_dense_0015000/recon_time.json
Raw Text Dense,15000,nwm_cdit_s_recon_raw_text_dense_0015000,fid,4s,33.4051513671875,artifacts/summaries/eval/eval_s_recon_raw_text_dense/nwm_cdit_s_recon_raw_text_dense_0015000/recon_time.json
Raw Text Dense,15000,nwm_cdit_s_recon_raw_text_dense_0015000,fid,8s,33.04835510253906,artifacts/summaries/eval/eval_s_recon_raw_text_dense/nwm_cdit_s_recon_raw_text_dense_0015000/recon_time.json
Raw Text Dense,15000,nwm_cdit_s_recon_raw_text_dense_0015000,fid,16s,39.79380798339844,artifacts/summaries/eval/eval_s_recon_raw_text_dense/nwm_cdit_s_recon_raw_text_dense_0015000/recon_time.json
Raw Text Dense,15000,nwm_cdit_s_recon_raw_text_dense_0015000,lpips,1s,0.3147493898868561,artifacts/summaries/eval/eval_s_recon_raw_text_dense/nwm_cdit_s_recon_raw_text_dense_0015000/recon_time.json
Raw Text Dense,15000,nwm_cdit_s_recon_raw_text_dense_0015000,lpips,2s,0.34398460388183594,artifacts/summaries/eval/eval_s_recon_raw_text_dense/nwm_cdit_s_recon_raw_text_dense_0015000/recon_time.json
Raw Text Dense,15000,nwm_cdit_s_recon_raw_text_dense_0015000,lpips,4s,0.36886894702911377,artifacts/summaries/eval/eval_s_recon_raw_text_dense/nwm_cdit_s_recon_raw_text_dense_0015000/recon_time.json
Raw Text Dense,15000,nwm_cdit_s_recon_raw_text_dense_0015000,lpips,8s,0.4076278805732727,artifacts/summaries/eval/eval_s_recon_raw_text_dense/nwm_cdit_s_recon_raw_text_dense_0015000/recon_time.json
Raw Text Dense,15000,nwm_cdit_s_recon_raw_text_dense_0015000,lpips,16s,0.4687535762786865,artifacts/summaries/eval/eval_s_recon_raw_text_dense/nwm_cdit_s_recon_raw_text_dense_0015000/recon_time.json
Raw Text Dense,20000,nwm_cdit_s_recon_raw_text_dense_0020000,dreamsim,1s,0.1390795260667801,artifacts/summaries/eval/eval_s_recon_raw_text_dense/nwm_cdit_s_recon_raw_text_dense_0020000/recon_time.json
Raw Text Dense,20000,nwm_cdit_s_recon_raw_text_dense_0020000,dreamsim,2s,0.14916612207889557,artifacts/summaries/eval/eval_s_recon_raw_text_dense/nwm_cdit_s_recon_raw_text_dense_0020000/recon_time.json
Raw Text Dense,20000,nwm_cdit_s_recon_raw_text_dense_0020000,dreamsim,4s,0.16057758033275604,artifacts/summaries/eval/eval_s_recon_raw_text_dense/nwm_cdit_s_recon_raw_text_dense_0020000/recon_time.json
Raw Text Dense,20000,nwm_cdit_s_recon_raw_text_dense_0020000,dreamsim,8s,0.1778239756822586,artifacts/summaries/eval/eval_s_recon_raw_text_dense/nwm_cdit_s_recon_raw_text_dense_0020000/recon_time.json
Raw Text Dense,20000,nwm_cdit_s_recon_raw_text_dense_0020000,dreamsim,16s,0.2258235216140747,artifacts/summaries/eval/eval_s_recon_raw_text_dense/nwm_cdit_s_recon_raw_text_dense_0020000/recon_time.json
Raw Text Dense,20000,nwm_cdit_s_recon_raw_text_dense_0020000,fid,1s,34.44715881347656,artifacts/summaries/eval/eval_s_recon_raw_text_dense/nwm_cdit_s_recon_raw_text_dense_0020000/recon_time.json
Raw Text Dense,20000,nwm_cdit_s_recon_raw_text_dense_0020000,fid,2s,33.97380065917969,artifacts/summaries/eval/eval_s_recon_raw_text_dense/nwm_cdit_s_recon_raw_text_dense_0020000/recon_time.json
Raw Text Dense,20000,nwm_cdit_s_recon_raw_text_dense_0020000,fid,4s,33.70353698730469,artifacts/summaries/eval/eval_s_recon_raw_text_dense/nwm_cdit_s_recon_raw_text_dense_0020000/recon_time.json
Raw Text Dense,20000,nwm_cdit_s_recon_raw_text_dense_0020000,fid,8s,32.69654846191406,artifacts/summaries/eval/eval_s_recon_raw_text_dense/nwm_cdit_s_recon_raw_text_dense_0020000/recon_time.json
Raw Text Dense,20000,nwm_cdit_s_recon_raw_text_dense_0020000,fid,16s,38.27525329589844,artifacts/summaries/eval/eval_s_recon_raw_text_dense/nwm_cdit_s_recon_raw_text_dense_0020000/recon_time.json
Raw Text Dense,20000,nwm_cdit_s_recon_raw_text_dense_0020000,lpips,1s,0.3126400113105774,artifacts/summaries/eval/eval_s_recon_raw_text_dense/nwm_cdit_s_recon_raw_text_dense_0020000/recon_time.json
Raw Text Dense,20000,nwm_cdit_s_recon_raw_text_dense_0020000,lpips,2s,0.33914268016815186,artifacts/summaries/eval/eval_s_recon_raw_text_dense/nwm_cdit_s_recon_raw_text_dense_0020000/recon_time.json
Raw Text Dense,20000,nwm_cdit_s_recon_raw_text_dense_0020000,lpips,4s,0.372334748506546,artifacts/summaries/eval/eval_s_recon_raw_text_dense/nwm_cdit_s_recon_raw_text_dense_0020000/recon_time.json
Raw Text Dense,20000,nwm_cdit_s_recon_raw_text_dense_0020000,lpips,8s,0.40242138504981995,artifacts/summaries/eval/eval_s_recon_raw_text_dense/nwm_cdit_s_recon_raw_text_dense_0020000/recon_time.json
Raw Text Dense,20000,nwm_cdit_s_recon_raw_text_dense_0020000,lpips,16s,0.4627498686313629,artifacts/summaries/eval/eval_s_recon_raw_text_dense/nwm_cdit_s_recon_raw_text_dense_0020000/recon_time.json
Raw Text Dense,25000,nwm_cdit_s_recon_raw_text_dense_0025000,dreamsim,1s,0.13487441837787628,artifacts/summaries/eval/eval_s_recon_raw_text_dense/nwm_cdit_s_recon_raw_text_dense_0025000/recon_time.json
Raw Text Dense,25000,nwm_cdit_s_recon_raw_text_dense_0025000,dreamsim,2s,0.14621499180793762,artifacts/summaries/eval/eval_s_recon_raw_text_dense/nwm_cdit_s_recon_raw_text_dense_0025000/recon_time.json
Raw Text Dense,25000,nwm_cdit_s_recon_raw_text_dense_0025000,dreamsim,4s,0.15590105950832367,artifacts/summaries/eval/eval_s_recon_raw_text_dense/nwm_cdit_s_recon_raw_text_dense_0025000/recon_time.json
Raw Text Dense,25000,nwm_cdit_s_recon_raw_text_dense_0025000,dreamsim,8s,0.17604880034923553,artifacts/summaries/eval/eval_s_recon_raw_text_dense/nwm_cdit_s_recon_raw_text_dense_0025000/recon_time.json
Raw Text Dense,25000,nwm_cdit_s_recon_raw_text_dense_0025000,dreamsim,16s,0.228256955742836,artifacts/summaries/eval/eval_s_recon_raw_text_dense/nwm_cdit_s_recon_raw_text_dense_0025000/recon_time.json
Raw Text Dense,25000,nwm_cdit_s_recon_raw_text_dense_0025000,fid,1s,33.7464599609375,artifacts/summaries/eval/eval_s_recon_raw_text_dense/nwm_cdit_s_recon_raw_text_dense_0025000/recon_time.json
Raw Text Dense,25000,nwm_cdit_s_recon_raw_text_dense_0025000,fid,2s,33.184295654296875,artifacts/summaries/eval/eval_s_recon_raw_text_dense/nwm_cdit_s_recon_raw_text_dense_0025000/recon_time.json
Raw Text Dense,25000,nwm_cdit_s_recon_raw_text_dense_0025000,fid,4s,33.73710632324219,artifacts/summaries/eval/eval_s_recon_raw_text_dense/nwm_cdit_s_recon_raw_text_dense_0025000/recon_time.json
Raw Text Dense,25000,nwm_cdit_s_recon_raw_text_dense_0025000,fid,8s,32.233184814453125,artifacts/summaries/eval/eval_s_recon_raw_text_dense/nwm_cdit_s_recon_raw_text_dense_0025000/recon_time.json
Raw Text Dense,25000,nwm_cdit_s_recon_raw_text_dense_0025000,fid,16s,39.60859680175781,artifacts/summaries/eval/eval_s_recon_raw_text_dense/nwm_cdit_s_recon_raw_text_dense_0025000/recon_time.json
Raw Text Dense,25000,nwm_cdit_s_recon_raw_text_dense_0025000,lpips,1s,0.31106236577033997,artifacts/summaries/eval/eval_s_recon_raw_text_dense/nwm_cdit_s_recon_raw_text_dense_0025000/recon_time.json
Raw Text Dense,25000,nwm_cdit_s_recon_raw_text_dense_0025000,lpips,2s,0.33839428424835205,artifacts/summaries/eval/eval_s_recon_raw_text_dense/nwm_cdit_s_recon_raw_text_dense_0025000/recon_time.json
Raw Text Dense,25000,nwm_cdit_s_recon_raw_text_dense_0025000,lpips,4s,0.36614280939102173,artifacts/summaries/eval/eval_s_recon_raw_text_dense/nwm_cdit_s_recon_raw_text_dense_0025000/recon_time.json
Raw Text Dense,25000,nwm_cdit_s_recon_raw_text_dense_0025000,lpips,8s,0.40300849080085754,artifacts/summaries/eval/eval_s_recon_raw_text_dense/nwm_cdit_s_recon_raw_text_dense_0025000/recon_time.json
Raw Text Dense,25000,nwm_cdit_s_recon_raw_text_dense_0025000,lpips,16s,0.46111589670181274,artifacts/summaries/eval/eval_s_recon_raw_text_dense/nwm_cdit_s_recon_raw_text_dense_0025000/recon_time.json
Raw Text Dense,30000,nwm_cdit_s_recon_raw_text_dense_0030000,dreamsim,1s,0.13405008614063263,artifacts/summaries/eval/eval_s_recon_raw_text_dense/nwm_cdit_s_recon_raw_text_dense_0030000/recon_time.json
Raw Text Dense,30000,nwm_cdit_s_recon_raw_text_dense_0030000,dreamsim,2s,0.14466948807239532,artifacts/summaries/eval/eval_s_recon_raw_text_dense/nwm_cdit_s_recon_raw_text_dense_0030000/recon_time.json
Raw Text Dense,30000,nwm_cdit_s_recon_raw_text_dense_0030000,dreamsim,4s,0.15901166200637817,artifacts/summaries/eval/eval_s_recon_raw_text_dense/nwm_cdit_s_recon_raw_text_dense_0030000/recon_time.json
Raw Text Dense,30000,nwm_cdit_s_recon_raw_text_dense_0030000,dreamsim,8s,0.1728106141090393,artifacts/summaries/eval/eval_s_recon_raw_text_dense/nwm_cdit_s_recon_raw_text_dense_0030000/recon_time.json
Raw Text Dense,30000,nwm_cdit_s_recon_raw_text_dense_0030000,dreamsim,16s,0.22435526549816132,artifacts/summaries/eval/eval_s_recon_raw_text_dense/nwm_cdit_s_recon_raw_text_dense_0030000/recon_time.json
Raw Text Dense,30000,nwm_cdit_s_recon_raw_text_dense_0030000,fid,1s,33.9825439453125,artifacts/summaries/eval/eval_s_recon_raw_text_dense/nwm_cdit_s_recon_raw_text_dense_0030000/recon_time.json
Raw Text Dense,30000,nwm_cdit_s_recon_raw_text_dense_0030000,fid,2s,33.79632568359375,artifacts/summaries/eval/eval_s_recon_raw_text_dense/nwm_cdit_s_recon_raw_text_dense_0030000/recon_time.json
Raw Text Dense,30000,nwm_cdit_s_recon_raw_text_dense_0030000,fid,4s,33.07463073730469,artifacts/summaries/eval/eval_s_recon_raw_text_dense/nwm_cdit_s_recon_raw_text_dense_0030000/recon_time.json
Raw Text Dense,30000,nwm_cdit_s_recon_raw_text_dense_0030000,fid,8s,31.98541259765625,artifacts/summaries/eval/eval_s_recon_raw_text_dense/nwm_cdit_s_recon_raw_text_dense_0030000/recon_time.json
Raw Text Dense,30000,nwm_cdit_s_recon_raw_text_dense_0030000,fid,16s,38.1861572265625,artifacts/summaries/eval/eval_s_recon_raw_text_dense/nwm_cdit_s_recon_raw_text_dense_0030000/recon_time.json
Raw Text Dense,30000,nwm_cdit_s_recon_raw_text_dense_0030000,lpips,1s,0.3083740174770355,artifacts/summaries/eval/eval_s_recon_raw_text_dense/nwm_cdit_s_recon_raw_text_dense_0030000/recon_time.json
Raw Text Dense,30000,nwm_cdit_s_recon_raw_text_dense_0030000,lpips,2s,0.33819451928138733,artifacts/summaries/eval/eval_s_recon_raw_text_dense/nwm_cdit_s_recon_raw_text_dense_0030000/recon_time.json
Raw Text Dense,30000,nwm_cdit_s_recon_raw_text_dense_0030000,lpips,4s,0.3657650947570801,artifacts/summaries/eval/eval_s_recon_raw_text_dense/nwm_cdit_s_recon_raw_text_dense_0030000/recon_time.json
Raw Text Dense,30000,nwm_cdit_s_recon_raw_text_dense_0030000,lpips,8s,0.4001934230327606,artifacts/summaries/eval/eval_s_recon_raw_text_dense/nwm_cdit_s_recon_raw_text_dense_0030000/recon_time.json
Raw Text Dense,30000,nwm_cdit_s_recon_raw_text_dense_0030000,lpips,16s,0.4576801061630249,artifacts/summaries/eval/eval_s_recon_raw_text_dense/nwm_cdit_s_recon_raw_text_dense_0030000/recon_time.json
